customer_id,plan_tier,region,industry,current_mrr,tenure_months,avg_logins,avg_support_tickets,avg_nps,churned,expanded,health_score_pred,risk_score_0_100,prob_healthy
CUST-10000,Starter,Europe,Media,191.61,3,25.33333333333333,0.6666666666666666,62.66666666666666,1,0,0,71.8,0.011444224
CUST-10001,Starter,North America,Manufacturing,194.49,10,25.6,1.3,70.7,1,0,1,41.5,0.11933203
CUST-10002,Starter,North America,SaaS/Tech,127.71,1,28.0,1.0,95.0,1,0,0,99.5,0.0011070231
CUST-10003,Starter,Europe,FinTech,62.59,6,21.666666666666668,0.8333333333333334,33.166666666666664,0,0,0,56.9,0.031828705
CUST-10004,Growth,LATAM,E-commerce,336.25,1,31.0,1.0,87.0,1,0,0,96.1,0.009341488
CUST-10005,Starter,Europe,FinTech,85.15,2,30.5,1.0,67.5,1,0,1,43.7,0.0076003238
CUST-10006,Starter,Europe,Manufacturing,148.38,23,23.73913043478261,1.3043478260869563,54.30434782608695,0,0,1,2.7,0.15859202
CUST-10007,Starter,APAC,Manufacturing,108.27,4,16.75,1.0,37.25,1,0,0,64.1,0.010255876
CUST-10008,Starter,APAC,Professional Services,107.3,7,22.428571428571427,4.142857142857143,55.0,0,0,1,45.7,0.01869945
CUST-10009,Starter,APAC,SaaS/Tech,88.87,9,24.88888888888889,3.6666666666666665,61.66666666666666,1,1,0,82.9,0.016632732
CUST-10010,Starter,APAC,Healthcare,94.79,17,12.941176470588236,1.7058823529411764,34.94117647058823,0,1,2,1.8,0.6616344
CUST-10011,Enterprise,North America,SaaS/Tech,4693.25,23,17.869565217391305,0.0434782608695652,59.30434782608695,0,0,1,2.2,0.20723443
CUST-10012,Growth,North America,SaaS/Tech,709.41,22,14.681818181818182,0.3181818181818182,40.90909090909091,0,0,1,8.0,0.07865343
CUST-10013,Growth,North America,E-commerce,617.66,10,14.6,2.8,54.7,0,0,1,10.8,0.010523941
CUST-10014,Enterprise,North America,Manufacturing,3548.13,21,5.904761904761905,0.6190476190476191,17.857142857142858,0,0,1,3.1,0.10156524
CUST-10015,Enterprise,LATAM,Manufacturing,5192.06,6,14.666666666666666,2.0,43.833333333333336,0,0,1,13.4,0.0661687
CUST-10016,Enterprise,APAC,FinTech,6927.65,19,14.842105263157896,0.4210526315789473,41.526315789473685,0,1,2,2.7,0.76105624
CUST-10017,Starter,North America,Manufacturing,67.31,18,18.27777777777778,0.8888888888888888,46.55555555555556,0,0,2,7.8,0.5124032
CUST-10018,Starter,North America,Professional Services,101.89,2,11.0,3.5,35.0,1,0,0,87.7,0.0023734258
CUST-10019,Starter,Europe,Media,190.44,3,20.666666666666668,0.3333333333333333,76.0,0,0,0,61.2,0.018232713
CUST-10020,Starter,APAC,Manufacturing,87.09,13,22.153846153846157,3.3846153846153846,43.69230769230769,0,0,1,5.2,0.13431096
CUST-10021,Growth,North America,Professional Services,601.64,3,30.33333333333333,1.3333333333333333,84.33333333333333,0,0,1,40.2,0.046630602
CUST-10022,Growth,Europe,Media,479.42,19,24.36842105263158,1.1578947368421053,60.73684210526316,0,0,1,2.8,0.14707786
CUST-10023,Growth,APAC,Healthcare,985.76,3,23.0,1.6666666666666667,72.66666666666667,0,0,1,14.6,0.015039186
CUST-10024,Growth,North America,FinTech,928.73,19,29.473684210526315,0.0,74.78947368421052,1,1,0,60.6,0.28576943
CUST-10025,Growth,North America,Media,401.0,24,38.25,0.5,81.95833333333333,0,1,2,2.4,0.60722864
CUST-10026,Growth,Europe,Professional Services,787.44,7,7.0,2.0,36.0,0,0,1,18.0,0.0109512005
CUST-10027,Growth,North America,SaaS/Tech,785.01,23,34.56521739130435,1.1304347826086956,82.6086956521739,0,1,2,2.3,0.8456038
CUST-10028,Enterprise,APAC,Healthcare,3058.85,16,16.6875,1.3125,51.8125,0,1,2,1.6,0.73112196
CUST-10029,Enterprise,APAC,Media,6956.5,8,29.5,0.75,70.5,0,0,1,16.0,0.10867867
CUST-10030,Growth,North America,SaaS/Tech,604.37,22,35.54545454545455,0.6363636363636364,72.4090909090909,0,1,2,3.8,0.82267153
CUST-10031,Starter,North America,Education,51.71,11,25.454545454545453,2.4545454545454546,56.54545454545455,0,0,1,38.6,0.045797557
CUST-10032,Growth,North America,Manufacturing,274.85,6,16.5,1.8333333333333333,42.833333333333336,0,0,1,32.3,0.011139385
CUST-10033,Starter,LATAM,Media,145.77,10,35.4,1.0,79.3,0,0,1,20.3,0.12810935
CUST-10034,Starter,North America,Media,52.65,8,23.25,0.75,75.25,0,0,1,26.3,0.074193686
CUST-10035,Growth,MEA,Manufacturing,1284.45,8,26.625,0.5,77.75,0,1,2,15.8,0.52274513
CUST-10036,Starter,North America,SaaS/Tech,94.85,2,27.5,1.5,45.0,0,0,1,25.6,0.005232364
CUST-10037,Growth,North America,Manufacturing,299.45,10,22.5,1.3,53.4,0,1,2,11.6,0.548192
CUST-10038,Starter,APAC,Healthcare,176.3,16,39.0,0.4375,85.4375,0,0,1,3.7,0.12931445
CUST-10039,Growth,Europe,SaaS/Tech,327.75,18,26.0,1.2777777777777777,52.66666666666666,0,1,1,1.5,0.18853956
CUST-10040,Growth,North America,Healthcare,835.84,1,39.0,2.0,73.0,1,0,0,98.8,0.0027548003
CUST-10041,Starter,LATAM,E-commerce,72.26,3,18.666666666666668,2.0,69.66666666666667,0,0,1,20.4,0.027560135
CUST-10042,Enterprise,APAC,SaaS/Tech,7049.64,20,14.3,1.5,42.8,0,1,2,1.3,0.63779855
CUST-10043,Starter,Europe,Manufacturing,56.75,5,26.0,1.0,67.2,0,0,1,22.0,0.05719596
CUST-10044,Enterprise,North America,SaaS/Tech,8116.86,6,24.166666666666668,0.8333333333333334,65.5,0,1,0,67.8,0.06828225
CUST-10045,Starter,APAC,Professional Services,193.4,2,27.0,1.5,75.0,0,0,1,16.7,0.01405613
CUST-10046,Enterprise,North America,Media,4096.47,3,22.0,1.3333333333333333,50.0,0,0,1,14.3,0.015033327
CUST-10047,Growth,North America,E-commerce,535.26,13,36.15384615384615,0.8461538461538461,79.76923076923077,0,0,1,2.5,0.23218857
CUST-10048,Starter,North America,SaaS/Tech,62.77,10,24.7,1.0,54.9,0,0,1,15.0,0.07713901
CUST-10049,Growth,Europe,Manufacturing,635.74,15,18.73333333333333,0.0,48.73333333333333,0,0,1,13.0,0.24601664
CUST-10050,Starter,Europe,Media,190.16,24,27.45833333333333,0.375,63.91666666666666,0,0,1,4.4,0.17049836
CUST-10051,Enterprise,Europe,Media,5454.83,5,22.8,0.4,48.0,0,0,1,19.0,0.031688508
CUST-10052,Growth,LATAM,Healthcare,566.14,6,22.83333333333333,0.6666666666666666,59.833333333333336,0,0,1,26.7,0.02723033
CUST-10053,Starter,North America,E-commerce,81.19,6,25.666666666666668,2.1666666666666665,73.33333333333333,1,0,0,75.7,0.020754745
CUST-10054,Starter,North America,E-commerce,96.85,9,38.66666666666666,1.3333333333333333,87.22222222222223,1,0,0,68.7,0.071811825
CUST-10055,Growth,APAC,SaaS/Tech,1081.65,12,15.75,1.75,37.41666666666666,1,1,1,42.3,0.10999915
CUST-10056,Starter,APAC,SaaS/Tech,105.88,22,20.954545454545453,1.3636363636363635,54.13636363636363,0,0,1,3.3,0.081934534
CUST-10057,Enterprise,APAC,Professional Services,5296.7,8,9.25,2.0,29.5,0,0,1,30.9,0.10185226
CUST-10058,Starter,Europe,Manufacturing,142.45,8,34.875,1.0,69.875,0,1,2,16.8,0.50393224
CUST-10059,Starter,North America,SaaS/Tech,184.81,2,30.0,1.5,67.5,1,0,0,54.0,0.015179395
CUST-10060,Growth,North America,FinTech,558.31,7,17.571428571428573,0.7142857142857143,75.42857142857143,1,0,0,74.6,0.032592718
CUST-10061,Enterprise,LATAM,Healthcare,19493.45,20,23.1,0.7,53.1,0,1,2,1.8,0.74462026
CUST-10062,Growth,APAC,E-commerce,1244.29,16,21.3125,1.375,46.0625,0,1,2,5.6,0.7392654
CUST-10063,Growth,MEA,Manufacturing,265.0,3,14.666666666666666,5.0,47.333333333333336,1,0,0,88.7,0.002198425
CUST-10064,Enterprise,North America,FinTech,6743.39,12,29.58333333333333,2.75,57.0,0,0,1,2.2,0.13499509
CUST-10065,Enterprise,North America,Education,1455.75,22,21.227272727272727,0.0454545454545454,59.63636363636363,0,0,1,2.0,0.20732959
CUST-10066,Growth,APAC,Education,792.04,17,10.647058823529411,5.882352941176471,23.705882352941178,0,0,1,2.3,0.023893088
CUST-10067,Growth,Europe,Manufacturing,266.23,15,31.066666666666663,0.7333333333333333,67.4,1,0,0,57.7,0.22881292
CUST-10068,Enterprise,Europe,Media,1302.12,4,40.5,1.75,90.5,0,0,1,7.4,0.08480394
CUST-10069,Growth,North America,SaaS/Tech,260.27,10,13.4,1.4,40.4,0,0,1,18.2,0.07954248
CUST-10070,Growth,MEA,FinTech,1230.83,14,29.785714285714285,1.1428571428571428,65.5,0,1,2,15.0,0.5477385
CUST-10071,Growth,North America,FinTech,680.71,7,19.428571428571427,1.4285714285714286,58.0,1,1,0,65.4,0.023684094
CUST-10072,Growth,Europe,SaaS/Tech,176.47,14,19.5,1.2857142857142858,47.142857142857146,1,0,0,61.6,0.083524674
CUST-10073,Enterprise,LATAM,Professional Services,9700.47,20,20.0,0.3,50.8,0,1,2,3.0,0.80181086
CUST-10074,Enterprise,North America,Education,7506.32,12,33.333333333333336,3.6666666666666665,72.25,0,1,2,8.2,0.8137286
CUST-10075,Enterprise,APAC,Healthcare,4764.07,3,23.0,2.0,73.0,0,1,2,6.7,0.65995544
CUST-10076,Starter,North America,Education,41.3,24,21.45833333333333,0.75,51.583333333333336,0,0,1,2.6,0.15149315
CUST-10077,Enterprise,Europe,Education,8729.19,8,27.75,1.0,75.625,0,1,2,6.9,0.69887483
CUST-10078,Enterprise,APAC,SaaS/Tech,8790.91,24,24.625,0.4583333333333333,60.125,0,1,1,1.1,0.45332357
CUST-10079,Growth,Europe,Healthcare,615.73,3,26.0,2.6666666666666665,68.66666666666667,0,0,0,50.6,0.034365006
CUST-10080,Enterprise,Europe,Media,1618.86,8,24.75,2.75,48.0,0,0,1,15.1,0.060125522
CUST-10081,Starter,Europe,Manufacturing,69.46,4,19.5,1.5,60.75,1,0,0,56.8,0.014479029
CUST-10082,Starter,Europe,SaaS/Tech,184.62,1,18.0,0.0,33.0,1,0,0,98.4,0.00039706376
CUST-10083,Growth,APAC,E-commerce,567.02,8,21.5,0.875,49.25,0,0,1,15.5,0.028884314
CUST-10084,Enterprise,Europe,Manufacturing,5212.84,12,25.916666666666668,1.0,61.833333333333336,0,1,2,6.3,0.68244576
CUST-10085,Starter,Europe,Media,100.85,21,33.57142857142857,0.3809523809523809,80.66666666666667,1,0,1,2.5,0.48261926
CUST-10086,Growth,North America,Education,378.86,4,23.0,2.5,52.25,0,0,1,32.0,0.015296723
CUST-10087,Starter,North America,Healthcare,124.51,11,24.727272727272727,1.9090909090909087,55.63636363636363,1,0,0,60.7,0.019465135
CUST-10088,Growth,North America,Professional Services,608.81,14,29.714285714285715,4.571428571428571,64.42857142857143,0,0,1,11.8,0.011679617
CUST-10089,Starter,Europe,Manufacturing,80.4,3,2.6666666666666665,0.3333333333333333,-7.0,0,0,1,27.6,0.0014753782
CUST-10090,Starter,LATAM,Healthcare,93.36,11,32.27272727272727,1.181818181818182,71.63636363636364,1,1,0,58.1,0.07016696
CUST-10091,Growth,North America,Education,393.73,2,12.0,1.5,41.0,0,0,0,83.0,0.0024405937
CUST-10092,Starter,Europe,Education,129.3,8,38.375,0.25,80.5,0,0,1,12.4,0.06670483
CUST-10093,Growth,Europe,Media,870.85,10,16.4,1.2,34.8,0,1,2,7.7,0.48003384
CUST-10094,Starter,North America,Healthcare,103.46,8,32.0,0.375,68.375,1,0,1,43.9,0.0774444
CUST-10095,Starter,APAC,FinTech,103.8,9,26.0,1.0,58.55555555555556,0,0,1,10.3,0.18922783
CUST-10096,Growth,North America,Media,955.81,21,38.04761904761905,1.238095238095238,80.80952380952381,0,1,2,1.8,0.8469307
CUST-10097,Enterprise,APAC,Healthcare,8218.13,12,22.916666666666668,0.5833333333333334,67.75,1,1,0,40.4,0.3414915
CUST-10098,Growth,APAC,Education,656.72,3,13.333333333333334,0.3333333333333333,46.66666666666666,1,0,0,86.4,0.002372794
CUST-10099,Starter,North America,Media,66.23,8,33.25,0.25,72.375,1,0,1,31.3,0.108668104
CUST-10100,Starter,Europe,E-commerce,138.08,8,9.625,4.125,35.125,1,0,1,30.2,0.036310975
CUST-10101,Growth,Europe,Professional Services,727.76,14,29.928571428571427,1.0714285714285714,63.642857142857146,0,0,1,21.9,0.20124488
CUST-10102,Enterprise,North America,E-commerce,9828.62,13,20.384615384615383,0.9230769230769232,44.46153846153846,0,1,2,4.7,0.78559166
CUST-10103,Growth,APAC,Healthcare,1130.54,17,24.94117647058824,0.3529411764705882,56.23529411764706,0,1,1,12.0,0.17624183
CUST-10104,Starter,LATAM,E-commerce,171.19,11,33.45454545454545,0.1818181818181818,90.36363636363636,0,0,0,57.6,0.16547842
CUST-10105,Starter,North America,Education,105.54,6,15.166666666666666,0.3333333333333333,62.333333333333336,0,0,1,22.6,0.013043256
CUST-10106,Enterprise,LATAM,Education,3687.24,11,27.181818181818183,1.818181818181818,63.0,0,0,1,3.5,0.13679829
CUST-10107,Starter,North America,Media,158.58,15,32.53333333333333,1.2666666666666666,71.8,0,0,1,17.3,0.17526971
CUST-10108,Growth,North America,SaaS/Tech,854.67,19,38.10526315789474,0.2631578947368421,83.42105263157895,0,1,2,4.0,0.63187546
CUST-10109,Growth,North America,SaaS/Tech,993.63,15,20.066666666666663,0.2,55.73333333333333,0,1,2,3.2,0.83982986
CUST-10110,Enterprise,Europe,Education,2595.16,10,26.8,1.5,57.9,0,1,2,4.5,0.4855308
CUST-10111,Growth,Europe,FinTech,712.28,6,36.0,0.0,68.66666666666667,0,0,1,26.4,0.077135906
CUST-10112,Enterprise,North America,Manufacturing,7713.52,17,19.294117647058822,0.7647058823529411,55.35294117647059,0,0,1,2.6,0.223991
CUST-10113,Growth,North America,FinTech,201.14,14,15.214285714285714,0.2857142857142857,40.642857142857146,0,0,1,14.5,0.019223884
CUST-10114,Starter,North America,FinTech,146.71,5,27.8,1.8,57.4,1,0,0,57.9,0.017549992
CUST-10115,Enterprise,MEA,Education,3507.69,11,24.181818181818183,3.0,57.63636363636363,0,0,1,10.0,0.19932936
CUST-10116,Starter,North America,Professional Services,187.13,2,26.0,2.0,66.5,1,0,0,80.7,0.00333815
CUST-10117,Growth,Europe,Professional Services,682.37,9,28.11111111111111,0.6666666666666666,73.88888888888889,1,0,0,70.9,0.047564235
CUST-10118,Starter,Europe,Healthcare,115.55,16,32.875,0.6875,73.4375,1,1,1,15.4,0.1893907
CUST-10119,Starter,North America,Manufacturing,95.72,7,25.285714285714285,0.7142857142857143,62.42857142857143,1,0,0,73.6,0.06094505
CUST-10120,Starter,Europe,FinTech,193.16,4,16.25,0.5,46.25,1,0,0,71.5,0.0039616567
CUST-10121,Starter,APAC,Healthcare,108.6,4,37.5,0.75,75.75,1,0,0,49.3,0.058791112
CUST-10122,Starter,North America,E-commerce,174.48,6,32.5,0.5,77.66666666666667,0,0,1,14.9,0.02195554
CUST-10123,Starter,North America,SaaS/Tech,132.95,8,23.0,0.75,64.0,1,0,0,67.3,0.05766495
CUST-10124,Starter,MEA,Professional Services,145.6,18,29.666666666666668,0.6111111111111112,72.0,1,0,0,59.3,0.19312967
CUST-10125,Starter,North America,Manufacturing,78.42,3,31.0,1.0,75.0,1,0,0,73.6,0.0072242413
CUST-10126,Growth,North America,Healthcare,483.32,22,29.272727272727277,1.3636363636363635,67.54545454545455,1,1,0,57.2,0.1634591
CUST-10127,Starter,APAC,Professional Services,122.06,24,10.5,1.0,32.5,0,0,1,1.8,0.008087388
CUST-10128,Growth,Europe,Professional Services,1693.48,24,28.08333333333333,0.1666666666666666,69.29166666666667,0,1,2,7.4,0.6392393
CUST-10129,Starter,Europe,Media,142.62,19,34.68421052631579,0.5789473684210527,75.73684210526316,0,0,1,5.3,0.17869133
CUST-10130,Starter,North America,Media,195.18,13,27.53846153846154,1.6923076923076923,69.53846153846153,0,0,1,14.7,0.08290506
CUST-10131,Starter,Europe,E-commerce,116.25,17,32.588235294117645,1.0588235294117647,77.41176470588235,0,1,2,1.4,0.8811105
CUST-10132,Enterprise,North America,E-commerce,10529.02,12,27.83333333333333,1.3333333333333333,72.0,0,1,2,5.6,0.58842963
CUST-10133,Enterprise,Europe,SaaS/Tech,7097.09,23,40.34782608695652,0.4347826086956521,83.1304347826087,0,1,2,0.5,0.9111116
CUST-10134,Growth,North America,Education,285.16,3,32.0,1.0,90.33333333333331,0,0,1,37.4,0.07538292
CUST-10135,Starter,APAC,FinTech,186.16,4,36.25,0.5,79.25,0,0,1,12.2,0.020640852
CUST-10136,Growth,North America,Healthcare,311.63,21,25.571428571428573,0.8571428571428571,54.76190476190476,0,1,2,6.1,0.71213573
CUST-10137,Growth,North America,E-commerce,687.71,3,31.33333333333333,1.3333333333333333,69.33333333333333,0,0,1,37.2,0.014613186
CUST-10138,Starter,APAC,Healthcare,129.98,6,24.0,2.6666666666666665,57.66666666666666,0,0,1,14.5,0.012162411
CUST-10139,Growth,APAC,Media,285.17,8,29.0,3.5,58.25,1,0,0,56.8,0.030628592
CUST-10140,Growth,North America,Healthcare,383.84,9,17.555555555555557,2.6666666666666665,46.11111111111112,1,0,1,40.2,0.10868865
CUST-10141,Starter,APAC,Education,62.74,8,22.0,1.125,58.625,0,0,1,20.0,0.058909655
CUST-10142,Starter,Europe,Media,130.29,1,50.0,3.0,60.0,1,0,0,99.4,0.0005865069
CUST-10143,Starter,MEA,Healthcare,94.18,10,26.2,1.9,62.7,0,0,1,21.6,0.03632719
CUST-10144,Starter,Europe,Professional Services,137.24,8,32.5,0.125,77.0,1,0,0,65.0,0.1054265
CUST-10145,Starter,Europe,Education,66.29,2,31.5,1.0,51.5,0,0,1,34.7,0.013490383
CUST-10146,Starter,Europe,Manufacturing,173.34,8,39.75,0.5,86.0,0,0,1,13.7,0.076163776
CUST-10147,Growth,Europe,FinTech,333.15,2,30.5,0.0,77.5,0,0,1,15.0,0.01476976
CUST-10148,Growth,Europe,Media,789.55,8,20.25,1.0,51.25,1,0,0,45.6,0.15580277
CUST-10149,Growth,APAC,Education,997.35,5,10.2,4.2,41.8,0,0,1,33.2,0.030515868
CUST-10150,Growth,North America,Professional Services,664.03,13,11.076923076923077,1.4615384615384617,26.53846153846154,0,0,1,14.2,0.051871404
CUST-10151,Starter,APAC,FinTech,119.1,7,21.428571428571427,2.2857142857142856,65.85714285714286,0,0,1,11.7,0.15716119
CUST-10152,Starter,North America,Professional Services,197.16,2,33.0,2.5,56.5,1,0,0,82.6,0.0020125217
CUST-10153,Growth,North America,FinTech,900.01,18,32.05555555555556,1.5,74.94444444444444,0,1,2,5.6,0.69618034
CUST-10154,Starter,North America,E-commerce,217.44,5,42.2,0.2,85.8,1,1,0,70.7,0.06214593
CUST-10155,Starter,LATAM,Professional Services,57.68,3,20.33333333333333,0.0,41.333333333333336,1,0,0,68.9,0.013019298
CUST-10156,Growth,Europe,E-commerce,407.93,1,13.0,1.0,63.0,1,0,0,99.6,0.0003681053
CUST-10157,Starter,Europe,FinTech,129.55,7,38.85714285714285,0.5714285714285714,79.71428571428571,1,0,0,71.6,0.05341103
CUST-10158,Starter,MEA,Healthcare,118.77,16,34.625,0.5,66.75,0,1,2,6.1,0.48554784
CUST-10159,Growth,North America,Manufacturing,424.83,7,21.0,0.7142857142857143,49.285714285714285,1,0,0,73.7,0.043553594
CUST-10160,Growth,LATAM,Education,968.74,9,21.33333333333333,0.5555555555555556,51.77777777777778,0,0,1,40.4,0.045660693
CUST-10161,Growth,Europe,E-commerce,858.92,5,20.6,0.8,62.4,1,0,0,54.1,0.04726533
CUST-10162,Enterprise,APAC,FinTech,7204.89,17,34.11764705882353,1.1176470588235294,73.76470588235294,0,1,2,1.9,0.80532753
CUST-10163,Starter,APAC,Professional Services,153.21,21,35.142857142857146,1.3333333333333333,78.66666666666667,0,0,1,1.5,0.21708141
CUST-10164,Enterprise,APAC,Professional Services,7490.26,6,33.833333333333336,0.3333333333333333,61.833333333333336,0,1,2,12.9,0.6160433
CUST-10165,Enterprise,APAC,Manufacturing,1362.36,23,30.0,0.9565217391304348,68.17391304347827,0,1,2,7.5,0.74832994
CUST-10166,Starter,MEA,Healthcare,92.06,11,22.727272727272727,1.0909090909090908,55.27272727272727,0,0,1,9.9,0.42327237
CUST-10167,Enterprise,North America,Manufacturing,1899.14,6,41.66666666666666,0.1666666666666666,83.16666666666667,0,0,1,4.6,0.17711847
CUST-10168,Enterprise,APAC,Manufacturing,6980.17,10,25.7,0.1,57.6,0,1,1,11.3,0.14189947
CUST-10169,Enterprise,APAC,Manufacturing,1414.24,13,38.0,1.6153846153846154,79.07692307692308,0,0,1,4.4,0.1609918
CUST-10170,Starter,MEA,E-commerce,79.48,7,33.42857142857143,1.1428571428571428,69.28571428571429,1,1,1,24.0,0.053598177
CUST-10171,Starter,North America,Manufacturing,58.84,6,33.166666666666664,0.8333333333333334,80.33333333333333,1,0,0,75.9,0.04367114
CUST-10172,Starter,LATAM,Education,72.84,4,29.75,2.0,71.75,1,0,0,64.4,0.008469683
CUST-10173,Growth,APAC,Professional Services,376.39,23,14.173913043478262,1.2608695652173914,53.17391304347826,0,0,1,1.7,0.21579283
CUST-10174,Enterprise,Europe,Professional Services,2057.41,4,28.75,1.0,74.5,0,0,1,12.3,0.038330127
CUST-10175,Starter,North America,Education,157.66,23,39.78260869565217,0.4347826086956521,84.6086956521739,0,0,1,2.8,0.30920848
CUST-10176,Starter,MEA,Healthcare,178.65,5,17.4,1.0,40.8,1,0,0,68.6,0.0045951353
CUST-10177,Enterprise,North America,Education,7493.56,22,30.954545454545453,1.3636363636363635,69.77272727272727,0,1,2,7.9,0.6524229
CUST-10178,Enterprise,Europe,Manufacturing,7772.58,5,26.4,3.8,67.6,0,0,0,50.8,0.14656396
CUST-10179,Growth,North America,Manufacturing,380.21,2,29.5,0.0,51.0,1,0,0,75.9,0.001481044
CUST-10180,Starter,North America,Education,117.28,3,25.0,1.3333333333333333,53.0,1,0,0,78.6,0.0074717556
CUST-10181,Growth,North America,SaaS/Tech,1167.05,19,4.315789473684211,1.7894736842105263,24.157894736842103,0,1,2,2.9,0.6182723
CUST-10182,Starter,Europe,Media,197.0,10,19.1,1.3,47.2,0,0,1,6.5,0.1171133
CUST-10183,Starter,North America,SaaS/Tech,126.66,7,23.857142857142858,1.8571428571428568,47.85714285714285,1,0,1,35.8,0.075841635
CUST-10184,Starter,North America,Professional Services,77.2,19,7.947368421052632,1.7894736842105263,30.57894736842105,1,0,0,51.4,0.079901926
CUST-10185,Starter,North America,Healthcare,151.68,22,25.681818181818183,2.227272727272727,55.31818181818182,0,1,2,1.4,0.8292271
CUST-10186,Growth,APAC,Media,867.51,17,35.23529411764706,0.5294117647058824,83.94117647058823,0,1,2,0.8,0.88197833
CUST-10187,Enterprise,Europe,E-commerce,4833.15,3,36.0,2.333333333333333,78.33333333333333,0,0,1,26.2,0.06751203
CUST-10188,Starter,Europe,Manufacturing,114.79,3,38.0,0.3333333333333333,71.33333333333333,1,0,0,71.9,0.019503744
CUST-10189,Growth,APAC,Manufacturing,598.06,4,27.75,0.0,89.25,1,0,0,62.3,0.0378129
CUST-10190,Enterprise,APAC,Healthcare,5552.28,8,21.375,0.75,61.0,1,0,0,43.4,0.32317463
CUST-10191,Enterprise,Europe,Professional Services,2219.35,4,20.75,5.25,52.25,0,0,1,24.9,0.013188494
CUST-10192,Growth,North America,FinTech,787.54,5,27.6,2.0,59.0,0,0,1,8.1,0.07164295
CUST-10193,Starter,APAC,E-commerce,130.94,10,3.2,5.8,22.7,0,0,1,20.9,0.038473494
CUST-10194,Starter,Europe,Education,102.87,8,22.25,0.375,46.0,1,0,0,59.2,0.054576766
CUST-10195,Enterprise,MEA,Manufacturing,2257.78,13,29.307692307692307,0.5384615384615384,70.0,0,0,1,5.2,0.30954552
CUST-10196,Enterprise,Europe,FinTech,4445.94,3,27.33333333333333,0.0,56.66666666666666,0,0,1,31.5,0.016115297
CUST-10197,Growth,Europe,Healthcare,336.38,23,20.217391304347824,0.9130434782608696,51.34782608695652,0,0,1,1.4,0.15630175
CUST-10198,Starter,North America,Professional Services,194.47,1,44.0,1.0,89.0,1,0,0,98.2,0.0037884894
CUST-10199,Growth,Europe,FinTech,228.82,20,8.25,0.6,21.35,0,0,1,9.5,0.026340062
CUST-10200,Starter,North America,Education,53.43,3,34.333333333333336,0.0,72.0,1,0,0,70.0,0.010981641
CUST-10201,Growth,North America,Healthcare,893.75,13,24.23076923076923,1.0,60.84615384615385,0,0,1,13.4,0.12802562
CUST-10202,Starter,North America,Professional Services,83.67,1,33.0,2.0,100.0,1,0,0,99.4,0.0012718809
CUST-10203,Starter,MEA,E-commerce,71.25,4,22.5,1.5,58.5,0,0,1,6.9,0.077277325
CUST-10204,Starter,North America,Professional Services,194.96,18,35.55555555555556,0.8333333333333334,81.27777777777777,0,0,2,0.7,0.743388
CUST-10205,Starter,North America,E-commerce,125.68,9,14.88888888888889,0.0,44.11111111111112,0,1,2,21.6,0.5418913
CUST-10206,Growth,MEA,Education,324.77,4,14.75,0.75,60.5,1,0,0,88.9,0.015153856
CUST-10207,Enterprise,North America,FinTech,7052.26,8,32.375,0.875,72.5,0,0,1,10.0,0.14710602
CUST-10208,Growth,Europe,Professional Services,740.53,6,27.166666666666668,0.8333333333333334,73.33333333333333,0,0,0,50.1,0.033106327
CUST-10209,Starter,Europe,SaaS/Tech,139.74,3,44.0,1.6666666666666667,83.66666666666667,1,0,0,80.2,0.043902066
CUST-10210,Growth,Europe,E-commerce,1019.87,21,33.61904761904762,0.3333333333333333,84.85714285714286,0,1,2,2.1,0.79081345
CUST-10211,Growth,North America,SaaS/Tech,548.03,14,3.2142857142857144,3.7857142857142856,17.0,0,0,1,22.5,0.16045886
CUST-10212,Growth,North America,Education,597.52,10,20.6,0.8,53.3,0,0,0,50.2,0.11394439
CUST-10213,Starter,Europe,Media,59.98,22,19.227272727272727,3.1818181818181817,50.81818181818182,0,0,1,5.5,0.13399918
CUST-10214,Growth,APAC,Media,811.93,17,30.823529411764707,0.0588235294117647,64.41176470588235,0,1,2,5.6,0.7629753
CUST-10215,Growth,APAC,Professional Services,968.69,9,37.333333333333336,1.6666666666666667,85.44444444444444,0,1,1,36.0,0.044078242
CUST-10216,Growth,LATAM,Professional Services,1016.44,14,22.357142857142858,0.9285714285714286,48.71428571428572,0,1,2,14.2,0.49051052
CUST-10217,Starter,North America,Healthcare,189.17,3,36.333333333333336,0.3333333333333333,86.0,0,0,1,13.0,0.0247641
CUST-10218,Growth,Europe,FinTech,735.41,10,26.7,0.7,74.5,0,0,1,19.8,0.16883622
CUST-10219,Starter,APAC,Professional Services,49.63,14,38.57142857142857,0.8571428571428571,79.28571428571429,0,0,1,11.0,0.37547034
CUST-10220,Starter,North America,E-commerce,93.29,8,28.375,0.5,68.125,0,0,1,28.5,0.1093314
CUST-10221,Starter,North America,Healthcare,127.97,10,24.2,2.1,56.7,0,0,0,46.3,0.1609525
CUST-10222,Starter,Europe,Media,80.81,13,22.153846153846157,0.6153846153846154,65.92307692307692,1,0,0,48.4,0.108912066
CUST-10223,Starter,Europe,FinTech,94.31,6,25.666666666666668,0.0,89.66666666666667,0,0,1,44.9,0.04369019
CUST-10224,Growth,North America,E-commerce,319.61,2,24.0,2.0,68.5,0,0,1,33.5,0.0036132212
CUST-10225,Starter,Europe,Healthcare,52.55,10,28.0,1.7,69.1,0,0,1,20.0,0.036190454
CUST-10226,Starter,North America,Media,162.38,14,36.35714285714285,0.6428571428571429,84.14285714285714,1,1,0,56.9,0.24313724
CUST-10227,Growth,Europe,Healthcare,285.16,11,21.90909090909091,1.181818181818182,44.27272727272727,0,1,2,23.3,0.4599709
CUST-10228,Growth,Europe,SaaS/Tech,411.65,16,15.4375,1.125,45.0,1,0,2,3.2,0.49857783
CUST-10229,Starter,APAC,FinTech,161.63,21,29.952380952380956,0.2857142857142857,63.95238095238095,1,1,0,46.1,0.23620257
CUST-10230,Starter,North America,Manufacturing,137.92,22,31.181818181818183,0.6818181818181818,72.4090909090909,1,0,0,51.3,0.13981658
CUST-10231,Growth,Europe,Professional Services,1264.37,23,40.91304347826087,1.0869565217391304,80.43478260869566,0,1,2,0.2,0.98002964
CUST-10232,Enterprise,North America,SaaS/Tech,5444.72,10,16.0,2.8,37.7,0,0,1,17.0,0.11626438
CUST-10233,Growth,APAC,Media,835.64,13,42.0,0.3076923076923077,89.0,0,1,2,2.0,0.8481076
CUST-10234,Enterprise,APAC,Media,1457.8,5,27.0,1.8,78.4,0,1,1,4.5,0.08834516
CUST-10235,Growth,North America,Media,271.21,18,25.33333333333333,5.388888888888889,55.888888888888886,0,0,1,8.7,0.021758605
CUST-10236,Growth,North America,Professional Services,228.89,11,21.363636363636363,2.272727272727273,50.54545454545455,1,0,0,70.7,0.043155614
CUST-10237,Growth,Europe,E-commerce,859.4,2,23.0,1.5,77.5,0,0,1,22.8,0.017219277
CUST-10238,Growth,Europe,E-commerce,652.69,5,21.8,3.4,39.4,0,0,1,30.0,0.01755144
CUST-10239,Enterprise,APAC,Healthcare,5420.26,19,25.63157894736842,0.631578947368421,59.94736842105263,0,0,2,6.4,0.48295546
CUST-10240,Enterprise,North America,E-commerce,3643.46,22,14.818181818181818,0.7272727272727273,37.22727272727273,0,0,1,3.9,0.23567729
CUST-10241,Growth,LATAM,SaaS/Tech,857.16,3,32.0,1.3333333333333333,68.66666666666667,0,0,1,14.3,0.012664085
CUST-10242,Growth,North America,Healthcare,339.7,5,10.4,1.4,37.2,1,0,0,73.6,0.0054590954
CUST-10243,Growth,APAC,FinTech,501.45,12,8.583333333333334,4.166666666666667,25.75,0,1,2,34.7,0.4922808
CUST-10244,Growth,North America,Media,551.17,10,37.5,0.1,77.8,1,0,0,40.9,0.22266148
CUST-10245,Growth,MEA,Manufacturing,567.38,10,29.0,0.2,74.0,1,0,0,55.6,0.077362135
CUST-10246,Starter,North America,Healthcare,113.55,1,36.0,0.0,80.0,1,0,0,99.1,0.0014280219
CUST-10247,Starter,APAC,Media,100.64,11,25.09090909090909,0.7272727272727273,54.63636363636363,1,0,0,72.4,0.09777732
CUST-10248,Growth,North America,E-commerce,621.11,18,32.0,1.8888888888888888,74.16666666666667,0,0,1,7.1,0.08750424
CUST-10249,Growth,North America,Education,650.1,8,20.125,3.0,59.375,1,1,1,11.8,0.24676569
CUST-10250,Starter,North America,Manufacturing,121.2,3,24.666666666666668,0.0,76.0,0,0,0,52.5,0.024081228
CUST-10251,Starter,North America,Education,228.62,12,34.25,0.3333333333333333,82.33333333333333,0,1,1,4.0,0.08952814
CUST-10252,Growth,Europe,Professional Services,254.6,14,21.714285714285715,2.2857142857142856,60.642857142857146,0,0,1,21.5,0.31239828
CUST-10253,Growth,North America,Education,696.73,16,30.125,1.6875,66.4375,0,1,2,9.5,0.65249205
CUST-10254,Enterprise,North America,Media,7687.34,8,27.0,0.75,65.875,0,0,0,51.5,0.11180909
CUST-10255,Starter,Europe,Professional Services,166.18,5,11.4,1.4,32.0,1,0,0,80.9,0.0067196195
CUST-10256,Starter,LATAM,Media,182.41,2,44.5,0.5,81.0,0,0,1,22.5,0.039065506
CUST-10257,Starter,North America,SaaS/Tech,72.27,14,28.714285714285715,0.2857142857142857,64.07142857142857,0,1,2,3.9,0.7978739
CUST-10258,Enterprise,North America,FinTech,6162.56,11,27.454545454545453,2.5454545454545454,69.54545454545455,0,0,1,7.3,0.12541313
CUST-10259,Starter,North America,Media,60.5,3,31.666666666666668,1.0,73.66666666666667,0,0,1,12.9,0.01575128
CUST-10260,Starter,North America,Media,268.17,17,22.11764705882353,2.411764705882353,58.294117647058826,0,1,2,0.6,0.86846596
CUST-10261,Growth,Europe,SaaS/Tech,1235.89,16,18.6875,1.4375,49.3125,0,1,1,3.5,0.47588894
CUST-10262,Starter,Europe,Manufacturing,120.15,6,24.5,0.6666666666666666,52.833333333333336,1,0,0,51.6,0.13091184
CUST-10263,Starter,North America,Manufacturing,159.59,7,30.142857142857142,1.0,66.42857142857143,0,1,1,22.4,0.13668545
CUST-10264,Starter,Europe,Healthcare,182.04,3,29.33333333333333,0.6666666666666666,69.66666666666667,1,0,0,70.4,0.0064731715
CUST-10265,Starter,Europe,Media,195.76,11,23.09090909090909,1.181818181818182,57.72727272727273,0,0,1,4.2,0.20830125
CUST-10266,Starter,North America,FinTech,215.78,3,36.66666666666666,0.3333333333333333,80.66666666666667,0,1,2,11.3,0.54115295
CUST-10267,Enterprise,North America,Media,4418.76,2,19.5,0.5,79.0,0,0,1,11.5,0.008968422
CUST-10268,Growth,North America,Professional Services,920.01,22,31.772727272727277,1.5,72.0909090909091,0,1,2,9.6,0.51284313
CUST-10269,Starter,North America,Media,73.13,9,17.22222222222222,0.1111111111111111,49.66666666666666,0,0,1,18.7,0.04017565
CUST-10270,Starter,North America,E-commerce,78.09,15,37.2,0.7333333333333333,83.93333333333334,0,0,1,25.2,0.34560817
CUST-10271,Growth,Europe,FinTech,501.09,16,31.375,0.4375,74.9375,0,0,1,8.2,0.10305069
CUST-10272,Starter,MEA,SaaS/Tech,185.27,11,32.09090909090909,1.181818181818182,56.72727272727273,0,1,1,11.8,0.114685655
CUST-10273,Growth,Europe,Professional Services,601.14,3,3.6666666666666665,5.0,17.333333333333332,1,0,0,71.1,0.0034875155
CUST-10274,Starter,North America,Education,78.01,19,31.05263157894737,0.3684210526315789,76.47368421052632,0,1,1,20.8,0.35992718
CUST-10275,Enterprise,North America,Media,5944.17,22,20.181818181818183,3.590909090909091,54.36363636363637,0,1,2,1.0,0.8512494
CUST-10276,Growth,APAC,Manufacturing,786.19,23,27.782608695652176,2.130434782608696,67.08695652173913,0,1,2,3.3,0.56849724
CUST-10277,Starter,APAC,Education,99.14,1,10.0,2.0,52.0,1,0,0,99.4,0.00044923346
CUST-10278,Starter,North America,SaaS/Tech,98.23,2,39.5,0.5,86.5,0,0,1,6.0,0.0054365653
CUST-10279,Starter,North America,Media,144.63,5,13.6,1.6,37.0,0,0,1,21.8,0.0075946487
CUST-10280,Growth,MEA,Education,669.63,5,31.4,0.2,74.8,0,0,1,39.8,0.080309525
CUST-10281,Starter,Europe,Healthcare,190.1,15,30.066666666666663,0.0666666666666666,71.46666666666667,0,0,1,14.0,0.17376305
CUST-10282,Growth,LATAM,E-commerce,584.24,4,31.0,1.25,55.75,0,0,1,34.9,0.052059907
CUST-10283,Growth,Europe,Manufacturing,649.89,3,38.66666666666666,4.0,66.33333333333333,0,0,0,78.0,0.008092932
CUST-10284,Enterprise,North America,Manufacturing,4304.42,4,14.0,0.0,37.25,0,0,1,31.2,0.024179589
CUST-10285,Starter,North America,Media,184.94,1,11.0,0.0,49.0,1,0,0,99.3,0.0014192723
CUST-10286,Starter,North America,Media,72.46,2,15.0,0.5,68.0,1,0,0,90.7,0.0014134031
CUST-10287,Enterprise,North America,FinTech,1641.82,14,27.642857142857142,0.7857142857142857,69.85714285714286,0,1,2,4.3,0.7211661
CUST-10288,Starter,Europe,SaaS/Tech,127.57,11,20.63636363636364,0.0,59.45454545454545,0,1,2,11.0,0.5672583
CUST-10289,Growth,MEA,Media,570.68,4,22.5,1.75,50.75,0,0,1,13.6,0.03436323
CUST-10290,Starter,APAC,SaaS/Tech,58.59,15,24.53333333333333,0.5333333333333333,51.86666666666667,0,0,1,17.4,0.088162795
CUST-10291,Growth,Europe,SaaS/Tech,254.07,3,18.666666666666668,1.6666666666666667,53.333333333333336,0,0,1,25.2,0.018491613
CUST-10292,Starter,Europe,SaaS/Tech,190.85,6,28.83333333333333,0.8333333333333334,63.0,1,0,0,75.7,0.05304134
CUST-10293,Starter,North America,FinTech,176.5,19,34.526315789473685,0.4736842105263157,76.84210526315789,0,1,2,3.4,0.7141563
CUST-10294,Growth,North America,Education,392.65,18,17.5,3.111111111111111,50.833333333333336,0,1,2,7.2,0.7238464
CUST-10295,Enterprise,LATAM,Healthcare,7157.07,1,41.0,1.0,71.0,1,0,0,98.9,0.0028115832
CUST-10296,Growth,North America,SaaS/Tech,645.83,5,19.8,5.8,60.0,1,0,0,74.9,0.026443876
CUST-10297,Starter,APAC,Healthcare,130.08,7,20.428571428571427,1.4285714285714286,55.57142857142857,0,0,1,40.3,0.029744443
CUST-10298,Starter,North America,FinTech,63.11,16,26.4375,2.75,63.4375,0,0,1,16.9,0.07969174
CUST-10299,Starter,North America,E-commerce,153.38,4,20.75,1.5,65.0,1,0,0,58.7,0.015767926
CUST-10300,Enterprise,Europe,SaaS/Tech,2907.2,19,37.42105263157895,0.2631578947368421,81.78947368421052,0,1,2,0.4,0.9356616
CUST-10301,Starter,APAC,Manufacturing,168.79,2,23.0,1.0,66.5,1,0,0,73.0,0.0031376143
CUST-10302,Growth,North America,Professional Services,1295.71,12,27.666666666666668,2.6666666666666665,68.91666666666667,0,1,2,4.6,0.68335307
CUST-10303,Starter,North America,Healthcare,203.05,11,24.818181818181817,0.7272727272727273,50.18181818181818,1,1,0,77.2,0.046729717
CUST-10304,Enterprise,Europe,SaaS/Tech,1775.24,13,23.46153846153846,0.2307692307692307,55.30769230769231,0,0,1,3.2,0.09407618
CUST-10305,Growth,North America,Education,861.77,9,17.333333333333332,1.0,48.44444444444444,0,0,1,15.1,0.04708634
CUST-10306,Starter,Europe,Healthcare,78.14,9,26.22222222222222,0.8888888888888888,67.55555555555556,1,0,0,57.7,0.029469442
CUST-10307,Growth,Europe,Healthcare,844.15,10,32.4,0.4,70.6,0,0,1,5.7,0.023869548
CUST-10308,Starter,North America,Professional Services,96.24,10,34.2,2.7,81.7,0,0,0,46.6,0.08718246
CUST-10309,Growth,North America,Manufacturing,754.63,10,30.7,1.0,71.9,0,0,1,8.3,0.28099674
CUST-10310,Starter,LATAM,FinTech,146.97,10,29.3,0.8,68.4,1,0,1,24.4,0.19484067
CUST-10311,Enterprise,North America,Healthcare,5695.13,2,3.5,1.5,25.0,0,0,1,18.4,0.0027720113
CUST-10312,Starter,APAC,Manufacturing,77.23,6,25.33333333333333,0.3333333333333333,62.16666666666666,0,1,0,57.5,0.060682043
CUST-10313,Enterprise,North America,SaaS/Tech,2960.26,9,28.88888888888889,0.1111111111111111,54.77777777777778,0,0,1,10.9,0.21902221
CUST-10314,Enterprise,MEA,Education,6376.64,5,29.2,0.2,82.8,0,1,1,3.6,0.042724963
CUST-10315,Starter,APAC,Media,179.91,11,22.90909090909091,0.4545454545454545,49.54545454545455,0,0,1,8.3,0.10446966
CUST-10316,Starter,North America,Media,55.92,6,20.5,1.1666666666666667,62.333333333333336,1,0,1,39.9,0.11719583
CUST-10317,Enterprise,LATAM,Manufacturing,9305.71,11,36.36363636363637,0.6363636363636364,76.18181818181819,0,1,2,5.5,0.716879
CUST-10318,Enterprise,North America,Healthcare,4524.64,13,36.53846153846154,0.3076923076923077,81.0,0,1,2,0.8,0.8374944
CUST-10319,Starter,APAC,SaaS/Tech,82.03,4,15.5,0.25,50.0,1,0,0,76.3,0.004702546
CUST-10320,Growth,Europe,Media,862.6,6,35.666666666666664,0.5,77.66666666666667,1,0,1,21.7,0.34998977
CUST-10321,Starter,LATAM,Media,73.72,2,35.5,0.5,89.0,1,0,1,6.0,0.0031965652
CUST-10322,Growth,APAC,Manufacturing,740.46,17,18.235294117647054,1.8235294117647056,46.52941176470589,1,0,1,3.4,0.19733049
CUST-10323,Growth,North America,Manufacturing,604.51,2,16.5,1.5,61.0,0,0,1,19.1,0.009278648
CUST-10324,Starter,North America,Healthcare,139.61,1,41.0,4.0,100.0,1,0,0,98.7,0.001988886
CUST-10325,Growth,Europe,Media,557.53,5,20.8,0.0,50.2,0,0,1,19.6,0.07930457
CUST-10326,Starter,North America,FinTech,66.62,14,17.071428571428573,2.071428571428572,49.35714285714285,0,0,1,13.2,0.062427163
CUST-10327,Starter,APAC,SaaS/Tech,55.66,6,19.666666666666668,1.5,63.5,1,0,1,48.3,0.012684121
CUST-10328,Starter,LATAM,Professional Services,128.89,11,36.63636363636363,1.0909090909090908,85.0,1,1,0,73.7,0.13617167
CUST-10329,Enterprise,APAC,FinTech,3128.87,17,19.352941176470587,0.8823529411764706,52.294117647058826,0,1,2,1.4,0.80706555
CUST-10330,Growth,APAC,SaaS/Tech,609.88,9,33.77777777777778,1.0,69.88888888888889,0,0,1,27.5,0.11182677
CUST-10331,Starter,North America,E-commerce,139.57,7,32.42857142857143,0.1428571428571428,69.0,0,0,1,22.8,0.08893765
CUST-10332,Starter,LATAM,FinTech,67.15,4,14.0,2.0,42.0,1,0,0,67.2,0.006577377
CUST-10333,Growth,Europe,Healthcare,539.59,23,12.391304347826088,1.5217391304347827,34.21739130434783,0,0,1,1.8,0.01685765
CUST-10334,Starter,North America,FinTech,66.78,18,20.33333333333333,4.166666666666667,51.77777777777778,0,0,1,14.5,0.35380134
CUST-10335,Enterprise,Europe,Manufacturing,6740.09,16,16.0625,2.8125,40.75,0,0,1,3.8,0.057086445
CUST-10336,Growth,APAC,Education,826.12,20,27.55,1.2,64.55,0,1,2,3.9,0.67529684
CUST-10337,Growth,North America,Education,635.1,16,37.6875,0.4375,83.6875,1,1,1,5.7,0.19946745
CUST-10338,Growth,APAC,Healthcare,380.8,22,33.81818181818182,1.3636363636363635,70.72727272727273,0,0,1,2.9,0.10941857
CUST-10339,Starter,APAC,FinTech,130.31,21,23.285714285714285,0.6190476190476191,61.142857142857146,1,0,1,17.3,0.2723788
CUST-10340,Starter,LATAM,SaaS/Tech,56.04,12,32.416666666666664,1.0,76.16666666666667,1,0,1,36.3,0.18046863
CUST-10341,Starter,North America,SaaS/Tech,75.12,2,31.0,1.5,80.5,1,1,0,77.0,0.024076035
CUST-10342,Enterprise,North America,SaaS/Tech,4736.66,19,33.31578947368421,1.0,82.84210526315789,0,1,2,1.9,0.89169717
CUST-10343,Starter,North America,Education,124.82,8,29.125,0.875,74.25,1,0,0,69.2,0.073115095
CUST-10344,Enterprise,North America,E-commerce,3899.05,6,30.33333333333333,0.1666666666666666,86.5,0,0,1,3.1,0.05332802
CUST-10345,Enterprise,North America,FinTech,1812.97,15,16.466666666666665,1.0,44.86666666666667,0,0,1,9.8,0.15038787
CUST-10346,Enterprise,MEA,Healthcare,4817.67,12,16.416666666666668,1.8333333333333333,35.833333333333336,0,0,1,11.3,0.096422166
CUST-10347,Starter,North America,Healthcare,86.04,2,22.5,1.0,70.5,1,0,0,78.4,0.0028021806
CUST-10348,Starter,North America,Professional Services,57.65,3,31.666666666666668,2.333333333333333,71.33333333333333,1,0,0,77.7,0.012412998
CUST-10349,Growth,APAC,Professional Services,767.16,12,2.1666666666666665,1.6666666666666667,15.166666666666666,0,0,1,4.1,0.021019949
CUST-10350,Enterprise,Europe,Manufacturing,6310.31,17,16.58823529411765,0.7647058823529411,43.76470588235294,0,0,1,4.3,0.10961325
CUST-10351,Starter,LATAM,FinTech,176.88,13,27.23076923076923,0.6923076923076923,72.38461538461539,1,0,0,71.4,0.08366486
CUST-10352,Growth,North America,Manufacturing,322.56,13,17.53846153846154,0.3846153846153846,43.61538461538461,0,0,1,27.6,0.043968104
CUST-10353,Growth,LATAM,SaaS/Tech,227.53,19,32.31578947368421,0.9473684210526316,77.36842105263158,0,0,1,10.3,0.37861583
CUST-10354,Growth,Europe,E-commerce,889.97,2,32.5,0.5,88.0,0,0,1,5.8,0.013068305
CUST-10355,Growth,LATAM,SaaS/Tech,593.37,7,31.571428571428573,1.2857142857142858,76.85714285714286,0,0,0,52.4,0.07832621
CUST-10356,Enterprise,MEA,Professional Services,6351.69,6,7.333333333333333,3.333333333333333,27.5,1,0,0,82.1,0.019756977
CUST-10357,Starter,North America,Healthcare,109.74,22,23.13636363636364,0.2727272727272727,49.68181818181818,0,0,1,3.7,0.2516983
CUST-10358,Starter,LATAM,Healthcare,120.53,3,21.33333333333333,0.6666666666666666,44.66666666666666,0,0,0,65.1,0.008913134
CUST-10359,Enterprise,MEA,Healthcare,2951.32,10,14.6,1.3,38.6,0,0,2,14.0,0.43163896
CUST-10360,Enterprise,APAC,Healthcare,4768.14,18,34.388888888888886,0.1666666666666666,71.61111111111111,0,1,2,2.1,0.82334965
CUST-10361,Starter,LATAM,Professional Services,155.89,4,27.0,4.0,71.0,1,0,0,83.1,0.00561366
CUST-10362,Starter,Europe,Manufacturing,115.04,6,23.33333333333333,1.6666666666666667,73.5,1,0,0,58.4,0.05917222
CUST-10363,Enterprise,LATAM,Healthcare,1506.22,6,25.33333333333333,2.0,56.0,0,0,1,10.9,0.03881906
CUST-10364,Starter,APAC,FinTech,124.09,15,37.53333333333333,1.6666666666666667,83.8,0,0,1,23.9,0.16635463
CUST-10365,Starter,North America,Media,178.51,17,30.705882352941178,1.0,75.76470588235294,1,0,0,52.1,0.2288511
CUST-10366,Growth,North America,SaaS/Tech,872.94,8,27.5,0.625,56.0,0,0,1,23.1,0.02134791
CUST-10367,Starter,Europe,Media,182.3,1,44.0,1.0,60.0,1,0,0,99.2,0.0019500249
CUST-10368,Growth,Europe,Manufacturing,709.04,7,20.428571428571427,2.142857142857143,68.14285714285714,0,0,1,27.2,0.059695322
CUST-10369,Starter,Europe,E-commerce,137.9,17,18.94117647058824,0.6470588235294118,54.64705882352941,0,0,2,1.6,0.64496875
CUST-10370,Growth,North America,SaaS/Tech,219.23,13,23.692307692307693,2.0,60.38461538461539,0,0,1,14.6,0.073083274
CUST-10371,Growth,North America,Media,250.09,7,41.0,1.8571428571428568,78.57142857142857,0,0,1,31.6,0.0711666
CUST-10372,Starter,North America,Healthcare,188.63,1,39.0,7.0,75.0,1,0,0,99.7,0.00044748356
CUST-10373,Enterprise,LATAM,Media,5296.47,19,25.473684210526315,2.1578947368421053,62.89473684210526,0,1,2,1.6,0.89984745
CUST-10374,Starter,Europe,FinTech,152.05,24,29.875,1.3333333333333333,70.29166666666667,0,0,1,12.5,0.16296029
CUST-10375,Starter,Europe,SaaS/Tech,90.77,14,27.785714285714285,1.2142857142857142,66.0,0,0,1,13.2,0.16913137
CUST-10376,Starter,North America,Education,213.35,13,38.07692307692308,0.7692307692307693,80.15384615384616,0,1,2,8.4,0.71795005
CUST-10377,Growth,North America,Healthcare,288.67,11,35.81818181818182,0.5454545454545454,77.18181818181819,0,0,1,29.0,0.20195663
CUST-10378,Starter,APAC,Professional Services,131.81,15,34.2,0.2,80.0,1,0,0,55.8,0.16665287
CUST-10379,Starter,North America,Education,150.67,12,33.666666666666664,0.75,62.25,0,0,1,8.5,0.102340035
CUST-10380,Starter,APAC,FinTech,145.72,4,28.0,0.5,76.25,0,0,1,30.9,0.06606819
CUST-10381,Starter,North America,Education,65.73,3,15.0,4.0,62.66666666666666,1,0,0,86.2,0.0038390516
CUST-10382,Starter,APAC,Manufacturing,185.66,23,22.956521739130437,1.434782608695652,58.69565217391305,0,0,1,0.8,0.11844791
CUST-10383,Growth,North America,SaaS/Tech,901.24,6,32.0,1.1666666666666667,74.83333333333333,1,0,0,45.3,0.23953547
CUST-10384,Starter,Europe,Healthcare,59.61,13,22.0,2.1538461538461537,56.15384615384615,0,0,1,8.1,0.37751183
CUST-10385,Starter,APAC,SaaS/Tech,51.63,4,36.0,0.5,84.75,0,0,1,8.5,0.019669622
CUST-10386,Growth,Europe,Healthcare,573.81,9,17.333333333333332,0.2222222222222222,32.888888888888886,0,0,1,19.0,0.018780768
CUST-10387,Starter,North America,Education,94.44,4,23.75,0.75,52.75,1,0,0,74.5,0.0064213783
CUST-10388,Growth,Europe,E-commerce,247.71,13,19.76923076923077,1.0769230769230769,45.07692307692308,0,0,1,17.0,0.0715346
CUST-10389,Growth,North America,SaaS/Tech,648.47,3,22.0,1.3333333333333333,62.66666666666666,0,0,1,46.9,0.0052113296
CUST-10390,Starter,Europe,Healthcare,142.36,15,37.53333333333333,0.6666666666666666,85.0,0,0,1,6.9,0.11112186
CUST-10391,Starter,LATAM,SaaS/Tech,145.42,1,31.0,2.0,55.0,1,0,0,99.3,0.00097631034
CUST-10392,Starter,North America,E-commerce,152.5,8,28.875,2.0,64.75,0,0,1,17.4,0.024407225
CUST-10393,Starter,Europe,Education,230.93,11,36.45454545454545,0.1818181818181818,78.0909090909091,0,1,2,25.3,0.5603288
CUST-10394,Starter,LATAM,Manufacturing,142.03,22,33.81818181818182,0.5909090909090909,77.0,0,1,2,1.7,0.86091644
CUST-10395,Enterprise,North America,Manufacturing,3948.32,13,11.615384615384617,0.8461538461538461,31.153846153846157,0,0,1,7.2,0.08240086
CUST-10396,Enterprise,Europe,Healthcare,7963.74,13,27.53846153846154,0.8461538461538461,73.3076923076923,0,0,1,9.8,0.18729544
CUST-10397,Growth,APAC,FinTech,942.63,20,31.5,2.65,66.55,1,0,0,58.4,0.15437895
CUST-10398,Growth,MEA,E-commerce,363.66,9,21.77777777777778,1.1111111111111112,64.66666666666667,0,0,1,34.5,0.059513092
CUST-10399,Starter,MEA,Healthcare,117.74,8,12.375,0.125,43.625,0,0,1,12.1,0.031000955
CUST-10400,Growth,North America,FinTech,265.11,15,30.0,1.0,73.33333333333333,0,1,2,17.4,0.4652052
CUST-10401,Starter,North America,Media,176.21,11,22.545454545454547,0.0909090909090909,68.0,1,0,0,73.4,0.09053547
CUST-10402,Starter,LATAM,E-commerce,183.2,7,28.0,1.8571428571428568,71.0,1,0,0,53.5,0.023202537
CUST-10403,Growth,North America,Education,581.89,5,21.0,1.2,36.0,0,0,1,20.1,0.022210997
CUST-10404,Growth,North America,Education,485.34,7,9.571428571428571,2.4285714285714284,33.714285714285715,0,0,0,81.4,0.014679836
CUST-10405,Enterprise,North America,FinTech,7141.49,5,28.2,0.4,85.8,0,0,1,2.5,0.045988683
CUST-10406,Starter,North America,SaaS/Tech,46.43,15,16.866666666666667,0.2,48.46666666666667,1,0,0,63.4,0.051654838
CUST-10407,Growth,APAC,E-commerce,541.57,13,24.153846153846157,1.7692307692307692,55.76923076923077,0,0,1,15.1,0.041759964
CUST-10408,Enterprise,Europe,Education,13514.24,17,25.41176470588235,3.0,57.94117647058823,0,1,2,1.1,0.7076597
CUST-10409,Starter,North America,Professional Services,80.54,9,19.33333333333333,0.1111111111111111,55.66666666666666,0,0,1,15.3,0.01847466
CUST-10410,Starter,North America,Healthcare,314.44,24,36.333333333333336,0.1666666666666666,82.66666666666667,0,1,2,2.7,0.85185975
CUST-10411,Growth,LATAM,E-commerce,1127.49,22,30.954545454545453,1.4545454545454546,77.5909090909091,0,1,2,9.0,0.74216634
CUST-10412,Starter,Europe,Manufacturing,54.64,4,19.75,0.0,52.0,0,0,1,11.0,0.03930627
CUST-10413,Enterprise,North America,Education,2757.6,19,24.31578947368421,2.1052631578947367,56.578947368421055,0,1,2,0.4,0.8247656
CUST-10414,Enterprise,North America,FinTech,1817.2,21,23.952380952380956,1.4761904761904765,67.71428571428571,0,0,1,5.6,0.24998659
CUST-10415,Enterprise,North America,Manufacturing,4754.46,7,9.857142857142858,3.2857142857142856,29.857142857142858,0,1,0,52.6,0.0082742805
CUST-10416,Starter,MEA,Healthcare,89.72,9,35.44444444444444,0.6666666666666666,80.66666666666667,0,0,1,13.4,0.0919482
CUST-10417,Starter,North America,Media,167.58,15,24.066666666666663,2.6,53.53333333333333,0,1,2,12.3,0.5067526
CUST-10418,Growth,LATAM,FinTech,528.76,2,21.0,0.5,62.0,1,0,0,72.4,0.002636719
CUST-10419,Growth,Europe,SaaS/Tech,364.48,8,20.125,0.75,60.875,0,1,0,45.3,0.3871101
CUST-10420,Growth,APAC,Professional Services,742.03,14,15.071428571428571,0.7857142857142857,40.71428571428572,1,1,0,83.0,0.029138114
CUST-10421,Starter,MEA,FinTech,100.8,5,16.4,1.4,36.0,1,0,1,24.0,0.0638047
CUST-10422,Growth,Europe,Professional Services,736.17,6,19.0,3.5,56.66666666666666,1,0,0,75.5,0.0134898545
CUST-10423,Growth,APAC,Healthcare,507.1,6,28.33333333333333,0.8333333333333334,70.16666666666667,0,0,0,65.2,0.040166955
CUST-10424,Enterprise,Europe,Manufacturing,1682.6,6,35.333333333333336,0.8333333333333334,71.33333333333333,0,0,1,5.0,0.053306174
CUST-10425,Starter,MEA,Education,121.34,1,16.0,1.0,32.0,1,0,0,99.4,0.0004041711
CUST-10426,Starter,North America,Professional Services,180.9,5,17.8,5.2,30.4,0,0,0,59.0,0.0050533484
CUST-10427,Starter,APAC,E-commerce,134.16,22,13.090909090909092,2.4545454545454546,39.40909090909091,0,0,1,6.0,0.105609834
CUST-10428,Starter,North America,SaaS/Tech,73.42,8,30.125,2.25,67.0,1,0,0,65.0,0.058755904
CUST-10429,Starter,North America,Education,158.9,1,14.0,2.0,68.0,1,0,0,98.7,0.00042664487
CUST-10430,Starter,North America,Education,99.02,3,18.0,1.0,36.0,0,0,1,34.8,0.0044284896
CUST-10431,Growth,North America,Education,680.28,5,21.4,0.2,45.8,0,0,1,17.6,0.011084507
CUST-10432,Starter,North America,SaaS/Tech,116.52,11,29.09090909090909,1.9090909090909087,59.72727272727273,1,0,0,56.3,0.066739954
CUST-10433,Growth,North America,FinTech,405.15,8,26.75,1.75,68.75,1,0,1,43.0,0.082183234
CUST-10434,Growth,MEA,Manufacturing,554.36,15,25.266666666666666,1.0666666666666669,62.2,0,1,2,8.4,0.62762254
CUST-10435,Starter,Europe,FinTech,113.56,5,36.6,1.0,89.6,0,0,1,30.3,0.031268485
CUST-10436,Starter,North America,Manufacturing,76.92,19,15.736842105263158,2.6842105263157894,40.47368421052632,1,1,0,74.1,0.052582305
CUST-10437,Growth,North America,Education,432.72,23,16.869565217391305,4.173913043478261,51.0,0,1,2,0.6,0.80112165
CUST-10438,Starter,LATAM,Healthcare,190.71,3,23.666666666666668,1.6666666666666667,60.333333333333336,0,0,1,29.2,0.016050583
CUST-10439,Starter,LATAM,FinTech,143.12,12,21.416666666666668,0.8333333333333334,68.75,0,0,1,22.2,0.12164777
CUST-10440,Enterprise,North America,Manufacturing,6204.76,12,23.83333333333333,1.0,53.833333333333336,0,1,2,4.8,0.68872154
CUST-10441,Starter,APAC,Professional Services,182.51,4,38.5,0.25,74.25,0,0,1,21.2,0.024608642
CUST-10442,Growth,Europe,Healthcare,233.52,8,34.0,1.875,71.0,0,0,1,24.2,0.06670459
CUST-10443,Enterprise,North America,Professional Services,1350.13,5,17.8,0.4,47.6,0,0,1,15.3,0.026686147
CUST-10444,Starter,North America,E-commerce,89.62,9,31.666666666666668,1.8888888888888888,65.44444444444444,0,0,1,21.3,0.02441134
CUST-10445,Growth,LATAM,E-commerce,497.39,1,36.0,1.0,73.0,1,0,0,98.9,0.0041061584
CUST-10446,Starter,Europe,E-commerce,167.02,17,34.35294117647059,0.5882352941176471,75.41176470588235,1,0,0,56.5,0.20082277
CUST-10447,Enterprise,LATAM,SaaS/Tech,6523.63,18,15.27777777777778,2.7777777777777777,43.27777777777778,0,1,2,2.3,0.83530605
CUST-10448,Enterprise,Europe,E-commerce,5665.24,4,15.0,2.75,61.5,0,0,1,15.7,0.01915407
CUST-10449,Growth,APAC,Education,517.14,7,28.285714285714285,0.4285714285714285,65.0,1,0,0,51.0,0.023023687
CUST-10450,Starter,Europe,FinTech,115.59,12,34.333333333333336,0.6666666666666666,78.16666666666667,0,0,1,20.8,0.10257397
CUST-10451,Starter,Europe,E-commerce,155.94,7,27.714285714285715,1.2857142857142858,66.42857142857143,1,0,0,49.5,0.07093916
CUST-10452,Starter,LATAM,E-commerce,76.85,4,23.25,2.75,45.0,0,0,1,27.8,0.0074788267
CUST-10453,Starter,North America,Professional Services,173.66,14,25.785714285714285,0.9285714285714286,57.642857142857146,1,0,1,18.8,0.117006995
CUST-10454,Enterprise,LATAM,Manufacturing,6525.05,2,25.0,0.0,64.5,0,0,0,49.9,0.009646369
CUST-10455,Growth,North America,SaaS/Tech,1711.9,24,31.33333333333333,0.8333333333333334,74.58333333333333,0,1,2,1.5,0.8102045
CUST-10456,Enterprise,APAC,Manufacturing,3442.23,5,19.2,3.4,45.8,1,0,0,83.1,0.016015721
CUST-10457,Starter,Europe,Education,50.99,16,29.375,2.625,72.5,0,0,1,4.2,0.057317458
CUST-10458,Starter,APAC,SaaS/Tech,122.41,12,26.25,0.4166666666666667,63.0,1,0,1,33.4,0.13754879
CUST-10459,Starter,North America,Manufacturing,69.34,7,27.142857142857142,3.142857142857143,53.0,1,1,0,77.3,0.0050771306
CUST-10460,Starter,North America,FinTech,144.2,6,39.333333333333336,0.8333333333333334,82.16666666666667,0,0,1,3.0,0.07515596
CUST-10461,Starter,MEA,Manufacturing,84.13,10,24.8,1.0,59.6,0,0,1,17.6,0.23577881
CUST-10462,Starter,APAC,Healthcare,113.34,6,26.83333333333333,1.8333333333333333,61.66666666666666,0,0,1,35.7,0.10170052
CUST-10463,Enterprise,North America,Professional Services,5419.93,9,27.77777777777778,0.7777777777777778,81.0,0,0,1,7.7,0.054245666
CUST-10464,Growth,MEA,Media,1169.15,18,32.77777777777778,1.0,82.16666666666667,0,1,2,13.2,0.6963945
CUST-10465,Starter,North America,SaaS/Tech,125.17,4,22.0,0.5,38.75,0,0,1,37.7,0.004448189
CUST-10466,Growth,APAC,Healthcare,651.16,4,25.75,1.0,75.25,0,1,0,76.0,0.019117774
CUST-10467,Growth,North America,Media,625.57,3,19.666666666666668,2.333333333333333,55.333333333333336,0,1,0,58.3,0.002534952
CUST-10468,Growth,APAC,Healthcare,560.58,6,26.166666666666668,2.833333333333333,48.66666666666666,0,0,0,67.5,0.013128988
CUST-10469,Growth,North America,E-commerce,212.39,9,21.77777777777778,1.8888888888888888,58.22222222222222,0,0,1,18.9,0.071148835
CUST-10470,Growth,MEA,SaaS/Tech,877.49,5,16.2,0.6,66.4,0,0,1,34.2,0.019728392
CUST-10471,Enterprise,North America,Healthcare,9335.17,22,30.545454545454547,0.4545454545454545,73.04545454545455,0,1,2,3.1,0.85487926
CUST-10472,Growth,Europe,Healthcare,499.21,5,10.8,2.0,29.2,0,0,0,76.5,0.010360302
CUST-10473,Enterprise,North America,Education,6106.19,23,23.0,2.5217391304347827,55.21739130434783,0,1,2,0.3,0.84994596
CUST-10474,Growth,APAC,Media,658.31,20,19.5,0.8,50.15,0,0,1,6.3,0.19043642
CUST-10475,Growth,North America,Education,899.14,19,38.8421052631579,0.7894736842105263,86.84210526315789,0,1,2,2.0,0.8244391
CUST-10476,Growth,APAC,Manufacturing,791.62,4,28.0,1.0,63.25,0,0,0,55.6,0.03482486
CUST-10477,Starter,North America,Education,96.07,4,24.25,1.75,57.25,1,0,0,58.5,0.008451397
CUST-10478,Growth,North America,E-commerce,645.78,23,24.17391304347826,0.7391304347826086,69.34782608695652,0,0,1,6.4,0.37089843
CUST-10479,Growth,APAC,Manufacturing,626.07,1,22.0,0.0,79.0,1,0,0,97.9,0.002890183
CUST-10480,Starter,Europe,Education,77.64,9,20.0,0.5555555555555556,49.55555555555556,1,0,0,60.0,0.033648808
CUST-10481,Growth,APAC,E-commerce,349.99,5,21.6,2.0,66.8,0,0,1,16.5,0.03163443
CUST-10482,Starter,Europe,Manufacturing,85.64,3,30.33333333333333,0.3333333333333333,92.0,0,0,1,16.0,0.013323336
CUST-10483,Growth,Europe,Healthcare,542.76,11,26.454545454545453,2.8181818181818183,62.18181818181818,0,0,1,36.8,0.043746285
CUST-10484,Growth,APAC,Healthcare,275.37,6,30.666666666666668,1.0,68.33333333333333,1,0,0,54.7,0.036322426
CUST-10485,Enterprise,Europe,Media,3111.63,10,28.0,1.7,62.2,0,1,2,4.3,0.5885133
CUST-10486,Enterprise,Europe,Healthcare,7241.98,4,29.75,2.0,52.0,0,0,1,12.0,0.027467476
CUST-10487,Starter,APAC,SaaS/Tech,163.65,7,17.714285714285715,1.0,54.71428571428572,0,0,1,11.6,0.026640339
CUST-10488,Enterprise,Europe,Healthcare,5491.01,15,26.466666666666665,2.6,66.8,0,1,2,7.8,0.7575159
CUST-10489,Growth,Europe,Media,310.61,5,9.0,0.4,35.8,1,0,0,81.7,0.004555894
CUST-10490,Starter,Europe,Healthcare,128.15,1,13.0,0.0,75.0,1,0,0,99.4,0.0009814937
CUST-10491,Growth,Europe,Education,242.63,14,22.714285714285715,0.7142857142857143,62.07142857142857,0,0,2,18.4,0.61175954
CUST-10492,Enterprise,Europe,SaaS/Tech,5421.5,2,15.0,3.0,44.5,0,0,1,14.6,0.008573345
CUST-10493,Starter,North America,SaaS/Tech,144.39,3,19.0,0.6666666666666666,65.33333333333333,1,0,0,62.8,0.010596276
CUST-10494,Growth,North America,Manufacturing,590.26,11,25.90909090909091,0.5454545454545454,69.54545454545455,0,1,1,42.6,0.06273933
CUST-10495,Enterprise,Europe,Healthcare,6619.68,19,8.894736842105264,3.8947368421052633,29.68421052631579,0,0,1,3.3,0.117969245
CUST-10496,Starter,North America,SaaS/Tech,72.05,20,23.35,0.5,53.75,0,0,2,5.7,0.72246355
CUST-10497,Growth,North America,E-commerce,1251.14,17,30.88235294117647,0.4117647058823529,71.47058823529412,0,1,2,13.9,0.69684947
CUST-10498,Enterprise,LATAM,Media,7119.07,18,14.38888888888889,1.3333333333333333,44.333333333333336,0,1,2,0.7,0.75411314
CUST-10499,Enterprise,LATAM,Education,7980.67,5,29.8,0.4,70.6,0,0,1,11.2,0.07932641
CUST-10500,Growth,North America,FinTech,783.07,11,39.54545454545455,0.4545454545454545,85.18181818181819,0,0,1,2.8,0.19580738
CUST-10501,Starter,North America,E-commerce,61.41,2,23.0,0.5,54.5,1,0,0,71.0,0.0060758786
CUST-10502,Starter,North America,Manufacturing,128.48,7,24.571428571428573,2.142857142857143,55.42857142857143,1,0,0,75.9,0.018318312
CUST-10503,Starter,North America,Professional Services,83.88,2,23.5,0.0,59.5,1,0,0,85.4,0.003034496
CUST-10504,Starter,North America,FinTech,80.58,3,23.0,0.3333333333333333,60.66666666666666,0,0,1,13.5,0.007861244
CUST-10505,Starter,North America,Media,120.77,6,12.5,1.1666666666666667,35.0,1,0,1,41.2,0.023489501
CUST-10506,Starter,MEA,Professional Services,180.31,24,15.041666666666666,2.0416666666666665,38.75,0,0,1,1.3,0.023413224
CUST-10507,Growth,LATAM,SaaS/Tech,910.42,17,28.529411764705884,0.6470588235294118,76.58823529411765,0,1,2,7.5,0.68962735
CUST-10508,Enterprise,Europe,E-commerce,3600.27,4,24.5,1.0,54.75,0,0,1,6.6,0.030988874
CUST-10509,Enterprise,Europe,Media,4842.06,22,23.5,2.3181818181818183,48.40909090909091,0,1,2,0.4,0.8443591
CUST-10510,Starter,LATAM,Education,126.08,1,26.0,0.0,50.0,1,0,0,99.5,0.00045151732
CUST-10511,Growth,Europe,FinTech,816.73,21,17.0,1.1428571428571428,46.80952380952381,0,1,2,4.4,0.6309125
CUST-10512,Starter,APAC,Manufacturing,68.75,4,19.0,0.0,54.5,1,0,0,53.6,0.0055853687
CUST-10513,Enterprise,North America,Manufacturing,10371.77,17,35.411764705882355,1.3529411764705883,83.11764705882354,0,1,2,1.1,0.9593572
CUST-10514,Enterprise,APAC,SaaS/Tech,8771.13,13,21.07692307692308,0.0769230769230769,53.76923076923077,0,1,2,2.0,0.80256575
CUST-10515,Growth,Europe,E-commerce,376.18,1,30.0,0.0,73.0,1,0,0,95.3,0.022158762
CUST-10516,Enterprise,APAC,FinTech,6548.16,5,19.0,4.6,48.6,0,0,1,8.0,0.02301776
CUST-10517,Starter,North America,Healthcare,121.92,2,11.0,2.0,38.5,1,0,0,77.6,0.0017977994
CUST-10518,Enterprise,APAC,FinTech,4276.48,8,38.0,0.875,87.25,0,0,1,5.6,0.18559588
CUST-10519,Growth,APAC,Education,1120.97,7,47.85714285714285,0.7142857142857143,81.14285714285714,0,1,2,16.9,0.6875739
CUST-10520,Starter,Europe,SaaS/Tech,79.67,2,18.5,0.0,47.0,0,0,1,40.7,0.0044976966
CUST-10521,Starter,Europe,SaaS/Tech,128.79,9,9.22222222222222,1.5555555555555556,38.55555555555556,1,0,1,35.1,0.04244005
CUST-10522,Growth,APAC,FinTech,296.96,10,20.4,1.1,47.4,0,0,1,37.8,0.058979563
CUST-10523,Starter,Europe,Healthcare,169.22,6,20.166666666666668,0.8333333333333334,49.16666666666666,0,0,0,56.6,0.01452023
CUST-10524,Growth,LATAM,Professional Services,884.34,5,27.8,1.2,56.4,1,0,1,26.3,0.020001497
CUST-10525,Starter,North America,Healthcare,91.42,6,27.0,1.0,68.16666666666667,0,0,0,58.0,0.029458426
CUST-10526,Growth,Europe,Manufacturing,945.63,8,34.0,0.25,74.375,0,0,1,37.1,0.09267867
CUST-10527,Starter,APAC,E-commerce,193.5,5,20.4,0.8,65.4,0,0,0,48.9,0.030596076
CUST-10528,Starter,North America,Manufacturing,168.17,22,29.954545454545453,1.0,65.22727272727273,0,0,2,22.9,0.4539914
CUST-10529,Enterprise,North America,FinTech,5446.75,19,24.57894736842105,0.4210526315789473,55.0,0,1,2,1.5,0.79068476
CUST-10530,Starter,LATAM,SaaS/Tech,100.21,12,36.583333333333336,2.333333333333333,79.25,0,0,1,15.9,0.054927677
CUST-10531,Growth,LATAM,Healthcare,910.97,15,38.13333333333333,0.5333333333333333,82.73333333333333,0,1,2,1.0,0.87548214
CUST-10532,Enterprise,LATAM,FinTech,8093.53,22,28.318181818181817,0.1818181818181818,76.5,0,1,2,0.6,0.912233
CUST-10533,Enterprise,North America,FinTech,7268.94,2,20.0,1.0,72.0,0,0,1,14.1,0.0071571986
CUST-10534,Starter,Europe,E-commerce,124.38,22,29.818181818181817,0.6363636363636364,78.5,0,0,2,22.9,0.6498348
CUST-10535,Growth,Europe,Professional Services,439.65,5,27.0,2.0,82.8,0,0,1,10.6,0.058725737
CUST-10536,Starter,North America,Media,102.27,3,18.0,0.6666666666666666,48.333333333333336,1,0,0,82.6,0.0023698327
CUST-10537,Growth,Europe,E-commerce,759.05,5,13.0,2.2,36.4,1,0,0,80.7,0.018372513
CUST-10538,Enterprise,Europe,E-commerce,8030.18,20,16.65,1.95,48.75,0,1,2,1.7,0.86047155
CUST-10539,Starter,LATAM,FinTech,147.81,13,22.307692307692307,3.1538461538461537,60.38461538461539,0,0,1,15.6,0.02967096
CUST-10540,Starter,MEA,FinTech,189.75,3,44.333333333333336,0.6666666666666666,94.66666666666669,0,0,1,22.7,0.1181513
CUST-10541,Starter,MEA,Media,127.54,2,30.0,3.0,74.0,1,0,0,79.9,0.0019278948
CUST-10542,Growth,APAC,Professional Services,487.01,4,42.0,0.25,75.0,0,0,1,17.6,0.015467747
CUST-10543,Starter,Europe,Manufacturing,80.36,5,22.2,0.6,64.6,1,0,0,52.5,0.034073308
CUST-10544,Starter,APAC,Manufacturing,106.15,4,20.25,1.0,67.75,1,0,0,68.4,0.012274546
CUST-10545,Starter,Europe,Professional Services,189.06,1,40.0,1.0,74.0,1,0,0,99.1,0.0013850096
CUST-10546,Starter,North America,E-commerce,86.47,7,29.571428571428573,2.0,75.42857142857143,0,0,1,30.7,0.020459114
CUST-10547,Starter,Europe,Professional Services,140.92,4,24.75,0.75,60.75,1,0,0,66.8,0.037737966
CUST-10548,Starter,APAC,FinTech,151.2,3,23.33333333333333,2.0,70.33333333333333,1,0,1,49.4,0.011445153
CUST-10549,Starter,Europe,E-commerce,133.77,19,34.578947368421055,0.8421052631578947,73.52631578947368,0,0,2,2.0,0.51867086
CUST-10550,Starter,LATAM,FinTech,76.27,1,4.0,0.0,59.0,1,0,0,98.8,0.0010419041
CUST-10551,Growth,North America,Healthcare,495.7,10,24.6,0.4,63.4,0,1,1,32.2,0.30300102
CUST-10552,Starter,North America,E-commerce,118.69,5,21.8,0.0,45.6,1,0,0,59.2,0.06390629
CUST-10553,Growth,LATAM,Healthcare,518.18,1,32.0,1.0,66.0,1,0,0,96.4,0.0053483616
CUST-10554,Enterprise,APAC,FinTech,2568.1,13,33.76923076923077,0.7692307692307693,80.46153846153847,0,0,1,3.8,0.29919174
CUST-10555,Growth,North America,Manufacturing,509.63,5,21.6,2.0,70.2,0,1,1,23.0,0.25207353
CUST-10556,Enterprise,North America,Professional Services,5688.03,21,27.142857142857142,1.2857142857142858,64.28571428571429,0,0,1,4.4,0.38859072
CUST-10557,Enterprise,North America,FinTech,4841.21,24,29.25,1.375,71.5,0,1,2,5.8,0.5686138
CUST-10558,Growth,North America,FinTech,917.57,16,30.6875,1.0625,61.0,0,0,1,4.1,0.11076795
CUST-10559,Starter,Europe,Professional Services,182.07,1,6.0,2.0,26.0,1,0,0,99.0,0.00088287
CUST-10560,Starter,APAC,Manufacturing,134.47,15,21.0,1.5333333333333334,63.2,0,0,1,6.2,0.1924301
CUST-10561,Starter,North America,Healthcare,99.34,15,26.6,1.4666666666666666,54.266666666666666,0,0,1,12.6,0.2287639
CUST-10562,Enterprise,North America,FinTech,1948.22,23,11.869565217391305,2.739130434782609,40.78260869565217,0,0,1,2.3,0.41417214
CUST-10563,Starter,APAC,SaaS/Tech,96.0,9,25.0,2.0,67.0,1,0,0,63.2,0.022897167
CUST-10564,Starter,North America,E-commerce,195.36,21,24.61904761904762,1.619047619047619,61.523809523809526,1,0,0,38.1,0.25710094
CUST-10565,Growth,APAC,Education,408.32,12,28.166666666666668,1.3333333333333333,68.58333333333333,1,1,1,37.6,0.16169597
CUST-10566,Starter,North America,Education,87.91,2,34.5,0.5,79.0,1,0,0,54.6,0.013292298
CUST-10567,Starter,North America,Professional Services,80.67,3,19.33333333333333,0.6666666666666666,39.66666666666666,1,0,0,82.1,0.0021431781
CUST-10568,Growth,Europe,Manufacturing,587.03,1,24.0,0.0,5.0,1,0,0,98.8,0.0006772404
CUST-10569,Starter,North America,Professional Services,87.05,19,27.526315789473685,1.894736842105263,58.94736842105263,0,0,1,2.0,0.34522176
CUST-10570,Starter,North America,E-commerce,107.79,2,6.0,2.0,38.5,0,0,1,45.7,0.003569522
CUST-10571,Starter,LATAM,Manufacturing,65.67,12,23.25,1.0833333333333333,63.833333333333336,1,0,0,72.0,0.0728002
CUST-10572,Growth,Europe,FinTech,284.37,20,21.2,2.7,53.2,0,0,1,2.8,0.064040996
CUST-10573,Starter,MEA,Professional Services,105.45,15,23.4,2.0,59.333333333333336,0,0,1,11.6,0.13730758
CUST-10574,Starter,Europe,Education,163.25,4,23.25,1.25,76.75,0,0,1,27.6,0.025395736
CUST-10575,Growth,North America,Media,901.44,9,15.333333333333334,1.8888888888888888,38.888888888888886,0,1,2,19.5,0.4310111
CUST-10576,Starter,Europe,FinTech,68.38,4,16.25,2.5,49.5,0,0,1,49.4,0.007097662
CUST-10577,Starter,APAC,E-commerce,146.81,4,29.5,2.0,65.25,0,0,1,21.1,0.009848832
CUST-10578,Starter,Europe,E-commerce,67.89,17,31.176470588235293,0.9411764705882352,72.6470588235294,0,0,1,12.9,0.22758119
CUST-10579,Growth,Europe,Education,721.14,10,12.7,1.9,39.4,0,0,1,18.8,0.116602294
CUST-10580,Enterprise,North America,Media,942.14,16,17.8125,2.9375,42.8125,0,0,1,0.6,0.124586254
CUST-10581,Starter,APAC,Media,53.18,8,18.5,2.25,59.25,1,0,0,77.0,0.023564357
CUST-10582,Growth,Europe,Media,737.6,14,20.571428571428573,6.214285714285714,50.42857142857143,1,0,0,67.2,0.10466717
CUST-10583,Enterprise,North America,Media,5138.75,18,33.44444444444444,1.8333333333333333,78.77777777777777,0,1,2,2.2,0.58517957
CUST-10584,Growth,North America,Manufacturing,333.46,13,30.23076923076923,2.076923076923077,72.92307692307692,0,0,1,16.7,0.035178017
CUST-10585,Growth,APAC,Media,664.38,1,17.0,1.0,47.0,1,0,0,99.5,0.00026493927
CUST-10586,Starter,North America,Professional Services,57.4,18,26.77777777777778,0.3333333333333333,62.66666666666666,0,0,1,3.7,0.14383696
CUST-10587,Starter,APAC,SaaS/Tech,69.19,13,29.53846153846154,1.5384615384615383,67.0,0,0,1,17.4,0.22791868
CUST-10588,Starter,APAC,Media,104.79,17,31.58823529411765,0.8235294117647058,65.11764705882354,0,0,2,4.0,0.6632573
CUST-10589,Growth,LATAM,Healthcare,880.07,5,13.0,1.6,29.4,0,0,1,24.6,0.017138574
CUST-10590,Growth,North America,Education,409.53,12,26.33333333333333,3.083333333333333,70.0,0,0,1,6.8,0.056614246
CUST-10591,Starter,Europe,Media,173.46,3,34.0,1.0,59.333333333333336,0,0,1,8.1,0.038936604
CUST-10592,Enterprise,North America,Professional Services,4246.7,4,27.0,2.25,71.0,0,0,1,9.4,0.07042998
CUST-10593,Starter,North America,FinTech,82.24,22,28.40909090909091,0.2727272727272727,66.13636363636364,0,1,2,5.7,0.60631883
CUST-10594,Growth,Europe,FinTech,405.14,18,15.555555555555555,0.8333333333333334,34.55555555555556,0,0,1,7.8,0.07113941
CUST-10595,Starter,Europe,Professional Services,91.68,5,34.8,0.8,85.6,0,0,1,9.1,0.031707466
CUST-10596,Starter,Europe,Healthcare,193.52,9,28.88888888888889,0.6666666666666666,68.22222222222223,0,0,1,27.4,0.025736224
CUST-10597,Enterprise,North America,Professional Services,9958.33,10,18.6,0.1,50.5,0,1,1,13.4,0.08374739
CUST-10598,Growth,Europe,E-commerce,1059.16,19,28.63157894736842,1.2105263157894737,67.57894736842105,0,1,2,6.7,0.7075857
CUST-10599,Enterprise,North America,Professional Services,5081.91,3,34.333333333333336,3.0,74.66666666666667,0,0,1,5.5,0.018343134
CUST-10600,Enterprise,APAC,E-commerce,10939.91,13,31.692307692307693,0.7692307692307693,68.3076923076923,0,1,2,7.9,0.6939516
CUST-10601,Starter,APAC,SaaS/Tech,96.37,4,9.75,2.5,30.75,1,0,0,88.5,0.0040127737
CUST-10602,Growth,North America,Manufacturing,1886.34,18,17.22222222222222,2.5,46.22222222222222,0,1,2,4.1,0.8152876
CUST-10603,Starter,Europe,SaaS/Tech,58.31,3,24.666666666666668,3.0,60.333333333333336,1,0,0,61.2,0.0077282703
CUST-10604,Enterprise,LATAM,Education,4768.33,5,19.8,2.6,52.0,0,1,2,13.2,0.61805236
CUST-10605,Growth,North America,E-commerce,553.18,5,18.8,0.4,56.2,1,0,1,36.1,0.008393299
CUST-10606,Growth,Europe,E-commerce,690.37,16,14.625,1.9375,23.9375,0,0,1,8.6,0.062536575
CUST-10607,Starter,North America,E-commerce,142.0,3,26.666666666666668,1.6666666666666667,43.0,0,0,1,29.4,0.0050343503
CUST-10608,Growth,Europe,FinTech,476.04,6,31.5,0.1666666666666666,79.0,0,0,1,4.5,0.066324666
CUST-10609,Starter,LATAM,Professional Services,154.4,22,29.045454545454547,0.4545454545454545,70.72727272727273,0,0,1,4.3,0.16908932
CUST-10610,Growth,Europe,Professional Services,454.98,9,30.444444444444443,1.3333333333333333,65.44444444444444,0,0,1,19.7,0.042557705
CUST-10611,Growth,North America,E-commerce,458.16,2,33.0,0.0,57.0,0,0,1,13.1,0.011486901
CUST-10612,Starter,Europe,Manufacturing,126.44,20,40.45,2.5,86.7,0,0,1,9.0,0.07258273
CUST-10613,Starter,North America,Professional Services,180.08,13,11.153846153846152,0.1538461538461538,30.07692307692308,0,0,1,10.6,0.058755036
CUST-10614,Starter,North America,FinTech,159.31,4,34.25,0.75,73.0,0,1,2,29.3,0.5338627
CUST-10615,Enterprise,North America,FinTech,6847.61,14,19.428571428571427,0.3571428571428571,53.92857142857143,0,0,1,3.7,0.14759327
CUST-10616,Starter,APAC,E-commerce,168.97,3,21.33333333333333,3.333333333333333,45.333333333333336,0,0,1,25.0,0.0052877166
CUST-10617,Enterprise,Europe,Professional Services,4787.8,6,21.33333333333333,3.0,37.66666666666666,0,0,1,48.5,0.010661834
CUST-10618,Starter,APAC,Education,57.94,2,23.0,0.0,59.0,0,0,1,11.4,0.01630138
CUST-10619,Starter,North America,E-commerce,85.77,6,17.833333333333332,3.8333333333333335,45.5,0,1,2,7.7,0.5586713
CUST-10620,Starter,North America,Healthcare,125.76,6,25.5,0.1666666666666666,64.0,0,0,1,26.1,0.1548523
CUST-10621,Starter,LATAM,Healthcare,135.08,1,35.0,0.0,69.0,1,0,0,97.8,0.001954667
CUST-10622,Starter,APAC,Manufacturing,186.63,4,16.0,1.0,64.5,1,0,0,73.9,0.0024542091
CUST-10623,Enterprise,MEA,FinTech,3076.29,7,14.0,0.8571428571428571,41.71428571428572,0,0,1,15.4,0.028918989
CUST-10624,Starter,North America,FinTech,105.76,16,20.125,0.5625,52.125,0,0,2,2.0,0.82263416
CUST-10625,Enterprise,North America,Healthcare,1637.98,7,23.857142857142858,0.5714285714285714,64.0,0,0,1,29.3,0.12028743
CUST-10626,Starter,Europe,SaaS/Tech,98.67,10,36.4,0.6,81.5,0,0,1,18.7,0.16798966
CUST-10627,Starter,MEA,Media,194.17,7,41.142857142857146,1.5714285714285714,90.42857142857144,1,0,0,70.2,0.050011504
CUST-10628,Starter,Europe,E-commerce,75.85,10,11.7,0.9,29.3,0,0,1,20.4,0.036594387
CUST-10629,Starter,MEA,Healthcare,101.49,14,18.642857142857142,0.5714285714285714,48.5,0,0,1,19.0,0.06094068
CUST-10630,Enterprise,Europe,SaaS/Tech,6111.7,11,20.272727272727277,1.5454545454545454,56.09090909090909,1,0,1,5.2,0.38766596
CUST-10631,Starter,APAC,FinTech,135.75,6,17.166666666666668,3.8333333333333335,53.833333333333336,0,0,1,45.4,0.019241666
CUST-10632,Enterprise,Europe,Media,12143.77,22,27.0,1.3636363636363635,64.22727272727273,0,1,2,5.1,0.75795037
CUST-10633,Starter,MEA,FinTech,129.53,13,17.153846153846153,0.6923076923076923,51.15384615384615,1,0,0,72.8,0.04850747
CUST-10634,Growth,Europe,SaaS/Tech,546.81,4,30.25,1.0,66.0,0,0,1,33.6,0.0621157
CUST-10635,Starter,North America,Professional Services,138.07,2,12.0,4.0,29.5,0,0,1,27.6,0.0019040459
CUST-10636,Starter,North America,Professional Services,82.69,6,32.166666666666664,0.6666666666666666,68.16666666666667,0,0,1,41.4,0.052616645
CUST-10637,Starter,Europe,E-commerce,160.71,4,19.25,0.75,49.0,0,0,0,53.8,0.019265575
CUST-10638,Starter,Europe,FinTech,88.2,4,24.5,1.5,67.5,0,0,1,38.7,0.010644384
CUST-10639,Enterprise,North America,Education,3473.78,19,18.63157894736842,1.105263157894737,45.68421052631579,0,1,2,0.5,0.77028936
CUST-10640,Enterprise,North America,SaaS/Tech,2220.86,6,29.5,0.3333333333333333,71.83333333333333,1,0,0,65.9,0.026620213
CUST-10641,Starter,North America,FinTech,72.1,15,37.06666666666667,0.8666666666666667,75.13333333333334,1,0,0,51.6,0.19219096
CUST-10642,Growth,APAC,Education,911.64,3,24.33333333333333,3.6666666666666665,54.333333333333336,1,0,0,82.7,0.003523188
CUST-10643,Starter,APAC,FinTech,73.69,9,39.0,0.4444444444444444,84.88888888888889,0,0,1,3.9,0.053483915
CUST-10644,Growth,APAC,Media,342.81,19,22.105263157894736,1.0526315789473684,52.68421052631579,0,0,1,2.8,0.17230524
CUST-10645,Starter,Europe,FinTech,170.78,10,22.7,1.7,50.6,0,0,1,16.8,0.08644324
CUST-10646,Starter,Europe,Healthcare,88.9,3,16.333333333333332,0.3333333333333333,53.66666666666666,1,0,0,84.4,0.0015912104
CUST-10647,Growth,APAC,Education,1030.94,8,24.875,0.625,64.875,1,1,0,72.1,0.027159397
CUST-10648,Starter,North America,Manufacturing,108.85,13,11.384615384615383,1.0769230769230769,33.61538461538461,1,1,0,73.5,0.022821002
CUST-10649,Enterprise,APAC,E-commerce,1355.4,18,34.388888888888886,0.0555555555555555,83.27777777777777,0,1,2,0.4,0.9550711
CUST-10650,Starter,LATAM,Education,261.34,18,20.05555555555556,1.3333333333333333,46.888888888888886,0,1,2,1.2,0.7850504
CUST-10651,Enterprise,Europe,Education,3754.89,8,19.5,3.375,58.625,0,0,1,11.2,0.04289581
CUST-10652,Starter,North America,Manufacturing,143.8,2,29.5,2.0,82.5,0,0,1,14.1,0.008214068
CUST-10653,Starter,North America,Manufacturing,109.8,6,24.0,2.5,66.5,0,0,1,29.8,0.04539875
CUST-10654,Growth,North America,Manufacturing,916.7,2,20.5,3.0,48.5,0,0,1,14.9,0.0074251485
CUST-10655,Growth,North America,E-commerce,362.93,17,36.94117647058823,1.0588235294117647,83.47058823529412,0,1,2,4.4,0.70154256
CUST-10656,Growth,APAC,Healthcare,940.04,2,24.0,1.0,77.0,1,0,0,81.3,0.005866094
CUST-10657,Growth,Europe,Manufacturing,699.33,8,27.875,0.5,75.625,0,1,1,25.2,0.3648166
CUST-10658,Starter,North America,Manufacturing,58.55,8,20.25,2.625,52.375,1,0,0,57.4,0.1313658
CUST-10659,Growth,North America,Media,848.75,5,43.4,0.4,87.6,0,0,1,10.2,0.04546864
CUST-10660,Enterprise,Europe,Media,6647.09,17,25.823529411764707,1.8823529411764703,56.64705882352941,0,1,2,1.0,0.83384895
CUST-10661,Starter,North America,Manufacturing,156.62,4,39.75,2.0,83.0,1,0,1,31.4,0.017819146
CUST-10662,Growth,Europe,Education,688.08,21,32.76190476190476,1.0952380952380951,72.14285714285714,0,0,1,14.1,0.15577205
CUST-10663,Growth,Europe,Manufacturing,284.22,5,16.4,1.6,52.0,0,0,0,51.1,0.025341911
CUST-10664,Starter,Europe,Professional Services,94.64,5,22.6,1.2,58.0,0,0,1,13.6,0.05835023
CUST-10665,Starter,APAC,E-commerce,248.07,16,24.875,1.875,59.25,0,1,2,2.7,0.78269637
CUST-10666,Starter,North America,E-commerce,130.64,1,27.0,2.0,49.0,1,0,0,97.3,0.00166279
CUST-10667,Growth,MEA,Manufacturing,217.36,19,27.789473684210527,0.4736842105263157,59.94736842105263,0,0,1,3.5,0.2716717
CUST-10668,Growth,Europe,Education,675.7,5,6.2,3.8,23.2,1,0,0,92.4,0.011606548
CUST-10669,Starter,APAC,E-commerce,188.62,18,38.833333333333336,0.6666666666666666,77.11111111111111,0,0,1,10.1,0.23577498
CUST-10670,Starter,North America,Healthcare,187.1,9,26.88888888888889,1.0,56.44444444444444,0,0,1,6.7,0.03579174
CUST-10671,Enterprise,North America,E-commerce,6907.16,3,25.666666666666668,1.0,70.33333333333333,0,0,1,18.2,0.044180896
CUST-10672,Starter,Europe,Professional Services,72.65,24,22.08333333333333,0.5416666666666666,50.5,0,0,1,2.1,0.077045836
CUST-10673,Growth,North America,Professional Services,893.62,16,12.125,1.5625,39.4375,0,1,2,1.1,0.80234045
CUST-10674,Starter,APAC,Media,54.84,12,23.666666666666668,0.1666666666666666,56.583333333333336,0,0,1,5.6,0.07564842
CUST-10675,Enterprise,North America,Healthcare,6412.28,3,25.0,1.3333333333333333,66.0,0,0,1,19.9,0.015090715
CUST-10676,Growth,Europe,E-commerce,990.08,7,14.142857142857142,0.8571428571428571,42.42857142857143,0,0,1,31.5,0.009820559
CUST-10677,Starter,North America,SaaS/Tech,154.96,4,18.25,0.75,59.0,1,0,0,88.9,0.0074387193
CUST-10678,Starter,North America,Media,51.74,3,16.333333333333332,1.0,48.0,1,0,0,85.2,0.0021423902
CUST-10679,Starter,LATAM,Healthcare,82.59,2,32.0,1.0,96.5,1,0,0,71.5,0.008564236
CUST-10680,Growth,North America,E-commerce,871.16,9,29.33333333333333,1.4444444444444444,71.88888888888889,0,0,1,26.6,0.07614517
CUST-10681,Enterprise,North America,Healthcare,7107.4,2,31.5,0.0,53.5,0,1,1,17.0,0.010116326
CUST-10682,Enterprise,Europe,Education,2330.9,5,19.0,1.6,68.2,0,0,1,10.1,0.037238806
CUST-10683,Growth,North America,Media,311.06,1,42.0,1.0,64.0,1,0,0,99.1,0.0010284608
CUST-10684,Enterprise,North America,Professional Services,7364.41,2,33.0,2.5,63.0,0,0,1,4.6,0.010564978
CUST-10685,Starter,APAC,Media,130.68,2,20.5,3.0,70.5,1,0,0,79.1,0.0023372981
CUST-10686,Starter,Europe,Media,173.47,3,19.666666666666668,4.0,72.33333333333333,0,0,1,29.2,0.011046547
CUST-10687,Starter,North America,Professional Services,111.03,2,12.0,1.5,50.5,0,0,0,79.5,0.004069052
CUST-10688,Growth,North America,Media,758.98,2,37.0,1.0,51.5,0,0,1,19.6,0.027661478
CUST-10689,Enterprise,North America,Education,4585.38,11,26.63636363636364,1.0,52.54545454545455,0,1,2,9.0,0.58689475
CUST-10690,Starter,LATAM,SaaS/Tech,70.9,8,32.75,0.625,75.125,1,0,0,68.6,0.058134083
CUST-10691,Enterprise,LATAM,Media,4933.05,5,23.0,1.2,48.6,0,0,1,6.9,0.03530857
CUST-10692,Starter,North America,Education,152.91,21,28.476190476190474,0.0476190476190476,63.47619047619048,0,1,2,16.2,0.4296118
CUST-10693,Growth,Europe,SaaS/Tech,945.43,9,20.22222222222222,1.2222222222222223,48.333333333333336,0,0,1,23.6,0.102694646
CUST-10694,Starter,North America,Professional Services,107.6,23,20.82608695652174,3.217391304347826,49.130434782608695,0,0,1,2.1,0.102924824
CUST-10695,Growth,Europe,SaaS/Tech,548.25,15,23.066666666666663,0.4666666666666667,64.2,0,1,2,4.8,0.8048128
CUST-10696,Starter,Europe,Media,130.82,3,32.0,0.0,90.33333333333331,1,0,0,87.9,0.021303564
CUST-10697,Enterprise,Europe,Education,3625.25,8,34.375,1.375,88.125,0,1,2,2.9,0.69084454
CUST-10698,Growth,Europe,Education,671.77,2,25.5,0.0,57.5,0,1,0,69.8,0.002782696
CUST-10699,Growth,North America,SaaS/Tech,457.23,11,34.90909090909091,0.6363636363636364,78.63636363636364,0,1,1,22.1,0.09593936
CUST-10700,Growth,North America,FinTech,677.35,3,15.0,0.6666666666666666,56.66666666666666,1,0,0,90.7,0.0027288117
CUST-10701,Enterprise,Europe,FinTech,3966.39,11,19.63636363636364,2.272727272727273,50.27272727272727,0,0,1,11.9,0.14638513
CUST-10702,Starter,North America,SaaS/Tech,186.58,3,15.666666666666666,0.6666666666666666,46.0,1,0,0,87.4,0.006702718
CUST-10703,Enterprise,LATAM,FinTech,5161.58,5,24.0,1.6,67.6,0,1,1,9.6,0.308545
CUST-10704,Enterprise,North America,SaaS/Tech,14819.97,24,25.625,1.4166666666666667,59.583333333333336,0,1,2,0.5,0.5389347
CUST-10705,Growth,North America,SaaS/Tech,864.41,18,39.27777777777778,0.1111111111111111,82.72222222222223,0,1,2,1.2,0.84879595
CUST-10706,Starter,North America,FinTech,161.29,4,23.0,0.5,60.25,1,0,0,52.5,0.012574026
CUST-10707,Enterprise,APAC,SaaS/Tech,4953.76,13,35.0,0.5384615384615384,70.6923076923077,0,1,2,5.2,0.57891095
CUST-10708,Growth,North America,FinTech,608.27,9,19.33333333333333,1.4444444444444444,47.11111111111112,0,0,1,10.6,0.03759735
CUST-10709,Starter,APAC,Professional Services,158.22,3,21.33333333333333,1.0,64.0,1,0,1,49.5,0.0072525847
CUST-10710,Starter,Europe,Education,95.41,4,26.5,1.0,51.25,1,0,0,63.3,0.010000654
CUST-10711,Starter,North America,Healthcare,120.02,5,12.4,3.4,48.6,1,0,0,71.9,0.010420608
CUST-10712,Starter,North America,Healthcare,102.41,20,14.15,1.45,42.7,0,0,1,8.0,0.11146938
CUST-10713,Growth,North America,E-commerce,396.18,8,31.375,0.875,68.125,0,1,0,41.6,0.21759562
CUST-10714,Growth,MEA,Professional Services,941.95,1,17.0,2.0,39.0,1,0,0,99.1,0.00063627464
CUST-10715,Starter,North America,Healthcare,157.91,8,24.875,0.5,66.0,0,0,1,23.1,0.03792291
CUST-10716,Starter,APAC,E-commerce,79.03,23,38.34782608695652,0.4782608695652174,83.78260869565217,0,1,2,2.5,0.72896045
CUST-10717,Starter,Europe,SaaS/Tech,149.0,9,19.666666666666668,3.7777777777777777,58.888888888888886,1,0,0,71.2,0.017462265
CUST-10718,Growth,North America,Media,357.85,5,17.0,1.0,36.8,0,0,0,69.7,0.0061602234
CUST-10719,Growth,North America,E-commerce,648.81,9,12.11111111111111,1.6666666666666667,34.111111111111114,1,0,0,75.2,0.030074386
CUST-10720,Growth,North America,Manufacturing,1187.76,19,37.47368421052632,1.2105263157894737,80.05263157894737,0,1,2,0.7,0.890641
CUST-10721,Starter,North America,Media,142.53,19,12.157894736842104,1.3157894736842106,37.31578947368421,0,0,1,10.4,0.09588303
CUST-10722,Growth,APAC,Healthcare,389.05,3,19.0,0.6666666666666666,48.333333333333336,1,0,0,87.0,0.0028374551
CUST-10723,Growth,North America,Professional Services,249.5,1,14.0,0.0,65.0,1,0,0,99.7,0.00036759517
CUST-10724,Starter,LATAM,Media,156.86,3,29.33333333333333,0.3333333333333333,73.33333333333333,1,0,0,78.0,0.03909143
CUST-10725,Starter,North America,E-commerce,135.64,1,13.0,3.0,71.0,1,0,0,99.7,0.00020704755
CUST-10726,Starter,LATAM,Healthcare,109.64,8,28.375,1.875,75.5,0,0,1,25.6,0.021776196
CUST-10727,Starter,Europe,Manufacturing,143.62,2,20.0,2.5,50.0,1,0,0,86.4,0.001005211
CUST-10728,Starter,Europe,SaaS/Tech,187.7,4,35.5,0.0,88.75,0,0,1,8.9,0.04405181
CUST-10729,Starter,North America,Healthcare,82.05,2,32.0,0.0,84.0,1,0,0,87.2,0.007240048
CUST-10730,Growth,APAC,Manufacturing,760.57,20,38.85,0.15,75.0,0,1,2,1.9,0.83529985
CUST-10731,Starter,North America,Media,160.93,5,21.2,1.4,45.0,1,0,0,48.4,0.03980645
CUST-10732,Enterprise,North America,Manufacturing,5364.54,4,23.25,1.5,58.5,0,0,1,7.1,0.047428247
CUST-10733,Starter,North America,Media,93.7,3,23.33333333333333,3.0,47.0,1,0,0,56.2,0.0037641826
CUST-10734,Growth,Europe,Education,954.42,1,31.0,0.0,29.0,1,0,0,99.5,0.0006350933
CUST-10735,Growth,North America,Professional Services,539.98,2,15.5,2.5,48.5,1,0,0,70.2,0.00787587
CUST-10736,Starter,Europe,FinTech,94.27,4,27.5,0.75,71.0,1,0,0,68.4,0.02079627
CUST-10737,Starter,LATAM,Professional Services,134.15,12,18.166666666666668,1.3333333333333333,54.833333333333336,0,0,1,10.1,0.085999146
CUST-10738,Enterprise,APAC,Professional Services,6786.57,24,31.916666666666668,0.1666666666666666,73.25,0,1,2,0.3,0.9251912
CUST-10739,Starter,North America,E-commerce,107.08,6,20.33333333333333,1.1666666666666667,57.5,0,0,1,27.0,0.029967815
CUST-10740,Starter,North America,FinTech,99.82,2,33.0,0.5,58.0,1,0,0,74.4,0.008334669
CUST-10741,Enterprise,APAC,E-commerce,2531.4,2,7.0,1.5,66.0,0,0,1,16.3,0.006658738
CUST-10742,Growth,North America,Professional Services,306.54,7,13.714285714285714,3.142857142857143,35.142857142857146,0,0,1,35.9,0.017388813
CUST-10743,Growth,LATAM,Manufacturing,467.55,22,30.272727272727277,0.2272727272727272,69.81818181818181,0,1,2,5.9,0.79740864
CUST-10744,Growth,Europe,Healthcare,535.05,8,27.0,1.875,69.625,0,0,1,22.0,0.09599989
CUST-10745,Starter,Europe,Media,126.17,2,29.0,1.5,77.0,0,0,1,35.9,0.022804592
CUST-10746,Growth,Europe,Media,947.77,21,36.66666666666666,0.0476190476190476,77.9047619047619,0,0,1,3.7,0.31689346
CUST-10747,Enterprise,Europe,FinTech,10580.62,8,24.625,0.125,69.875,0,1,2,9.2,0.58113533
CUST-10748,Enterprise,Europe,Manufacturing,2427.96,2,17.0,3.5,50.0,0,0,1,9.7,0.008838885
CUST-10749,Growth,Europe,Manufacturing,870.72,6,26.83333333333333,1.0,63.333333333333336,0,0,0,59.6,0.025930667
CUST-10750,Growth,North America,SaaS/Tech,760.77,18,33.55555555555556,0.6666666666666666,71.05555555555556,0,1,2,1.7,0.6686001
CUST-10751,Growth,Europe,Education,463.06,9,8.666666666666666,1.0,29.55555555555556,1,0,0,82.5,0.015062138
CUST-10752,Enterprise,APAC,SaaS/Tech,1351.23,1,24.0,1.0,62.0,1,0,0,97.0,0.005686663
CUST-10753,Starter,LATAM,Education,51.92,5,29.4,2.8,71.8,0,0,1,7.5,0.08981276
CUST-10754,Growth,LATAM,Media,208.4,11,34.81818181818182,1.3636363636363635,74.72727272727273,0,0,1,12.7,0.09212264
CUST-10755,Growth,LATAM,Media,589.44,9,24.0,1.8888888888888888,55.66666666666666,0,0,1,12.8,0.021568079
CUST-10756,Starter,North America,E-commerce,192.83,4,13.75,0.0,50.0,0,0,0,79.0,0.006249773
CUST-10757,Starter,North America,Media,135.78,2,36.5,0.0,85.0,1,0,0,79.7,0.012848721
CUST-10758,Starter,North America,E-commerce,127.05,12,30.0,0.0833333333333333,72.5,0,1,2,18.7,0.46118432
CUST-10759,Growth,North America,Manufacturing,1076.17,18,29.61111111111111,1.0555555555555556,74.83333333333333,0,0,1,9.1,0.30771568
CUST-10760,Growth,APAC,Professional Services,327.7,23,33.91304347826087,0.3043478260869565,77.30434782608695,0,1,1,5.3,0.4499956
CUST-10761,Starter,APAC,SaaS/Tech,74.37,4,19.25,0.0,53.25,1,0,0,70.5,0.013794588
CUST-10762,Starter,Europe,Education,96.68,9,26.11111111111111,2.111111111111111,65.0,1,1,0,51.4,0.03400077
CUST-10763,Enterprise,North America,Professional Services,1095.63,24,19.08333333333333,2.5416666666666665,40.75,0,0,1,1.1,0.11912324
CUST-10764,Growth,APAC,Manufacturing,276.94,22,25.545454545454547,2.863636363636364,59.13636363636363,0,0,1,7.3,0.10339328
CUST-10765,Growth,Europe,FinTech,408.42,18,34.166666666666664,1.8333333333333333,78.33333333333333,0,0,1,11.8,0.1475813
CUST-10766,Growth,Europe,FinTech,1055.55,7,31.571428571428573,0.2857142857142857,78.0,0,1,2,21.2,0.5814975
CUST-10767,Starter,MEA,Media,179.06,4,21.25,1.0,42.25,1,0,0,73.5,0.007246409
CUST-10768,Growth,North America,FinTech,751.41,7,27.142857142857142,1.1428571428571428,83.42857142857143,1,0,0,79.8,0.03175442
CUST-10769,Starter,North America,Professional Services,159.47,3,23.666666666666668,1.6666666666666667,68.0,1,0,0,61.4,0.007655192
CUST-10770,Starter,North America,FinTech,89.18,12,12.75,0.5,37.41666666666666,1,0,0,56.4,0.117892556
CUST-10771,Growth,APAC,Professional Services,985.69,21,23.19047619047619,0.238095238095238,55.38095238095238,0,0,1,6.0,0.13179244
CUST-10772,Starter,Europe,E-commerce,150.53,16,22.75,0.4375,47.25,1,0,1,18.5,0.28011376
CUST-10773,Enterprise,North America,Healthcare,7319.86,22,20.181818181818183,0.3181818181818182,54.40909090909091,0,1,2,0.4,0.8352702
CUST-10774,Starter,Europe,SaaS/Tech,59.34,9,9.77777777777778,5.222222222222222,26.22222222222222,0,0,1,17.9,0.013253212
CUST-10775,Starter,North America,SaaS/Tech,110.67,1,36.0,0.0,80.0,1,0,0,97.5,0.006614145
CUST-10776,Enterprise,Europe,Healthcare,15844.91,22,35.36363636363637,0.3181818181818182,78.18181818181819,0,1,2,0.7,0.96583575
CUST-10777,Starter,APAC,Education,57.13,17,16.41176470588235,1.5294117647058822,44.05882352941177,0,0,1,4.4,0.19193569
CUST-10778,Growth,APAC,SaaS/Tech,449.95,6,11.5,2.0,44.5,1,0,0,58.4,0.015224293
CUST-10779,Enterprise,LATAM,Professional Services,5262.04,14,13.0,1.8571428571428568,33.785714285714285,0,1,2,4.6,0.7336901
CUST-10780,Starter,MEA,Professional Services,158.05,5,18.8,0.2,43.0,0,0,1,25.9,0.009581548
CUST-10781,Growth,Europe,Media,517.03,3,31.0,0.3333333333333333,69.33333333333333,0,0,1,47.7,0.010704855
CUST-10782,Starter,Europe,Education,135.9,18,26.72222222222222,1.8333333333333333,65.22222222222223,0,0,1,2.5,0.33115232
CUST-10783,Starter,North America,SaaS/Tech,93.47,19,28.73684210526316,0.6842105263157895,76.3157894736842,0,0,1,2.8,0.1327443
CUST-10784,Starter,LATAM,Professional Services,126.09,10,32.2,2.1,76.6,1,1,0,64.5,0.04488424
CUST-10785,Starter,Europe,SaaS/Tech,183.96,5,21.2,3.6,45.4,0,0,1,32.9,0.026909934
CUST-10786,Growth,Europe,E-commerce,716.48,3,31.33333333333333,0.0,58.66666666666666,0,0,1,43.6,0.014478925
CUST-10787,Starter,APAC,Healthcare,118.73,15,18.466666666666665,1.4,46.86666666666667,0,0,1,9.5,0.23153865
CUST-10788,Starter,Europe,FinTech,136.76,11,14.909090909090908,0.9090909090909092,43.72727272727273,1,0,0,80.1,0.057293337
CUST-10789,Enterprise,North America,Healthcare,8331.45,12,25.58333333333333,0.5,67.83333333333333,0,1,2,11.4,0.69075924
CUST-10790,Enterprise,APAC,Professional Services,2628.67,20,36.45,0.3,80.85,0,1,2,0.7,0.9150967
CUST-10791,Starter,North America,Education,159.39,3,39.333333333333336,0.3333333333333333,69.0,0,0,1,28.5,0.00983484
CUST-10792,Growth,MEA,SaaS/Tech,681.71,1,13.0,0.0,45.0,1,0,0,98.3,0.00067330955
CUST-10793,Enterprise,Europe,Professional Services,1456.94,11,35.0,1.3636363636363635,82.81818181818181,1,0,0,42.1,0.27126434
CUST-10794,Growth,LATAM,SaaS/Tech,925.73,18,37.44444444444444,0.6111111111111112,77.83333333333333,0,1,2,4.8,0.5357259
CUST-10795,Growth,Europe,SaaS/Tech,704.39,20,18.65,0.55,50.85,0,1,2,6.8,0.57303274
CUST-10796,Enterprise,LATAM,Manufacturing,2544.63,21,25.571428571428573,1.7142857142857142,60.66666666666666,0,0,1,3.2,0.35025004
CUST-10797,Growth,North America,Education,445.24,17,27.647058823529413,0.3529411764705882,62.88235294117647,0,0,1,5.0,0.23108752
CUST-10798,Starter,MEA,Professional Services,69.95,10,22.8,0.1,60.3,0,0,1,11.9,0.072251536
CUST-10799,Starter,LATAM,SaaS/Tech,112.2,7,30.714285714285715,1.0,84.0,1,0,0,79.4,0.0377405
CUST-10800,Starter,APAC,Manufacturing,52.54,6,20.0,1.0,55.833333333333336,0,0,1,18.0,0.015846042
CUST-10801,Growth,APAC,Education,665.44,6,38.0,0.8333333333333334,78.33333333333333,1,0,0,72.3,0.03234168
CUST-10802,Starter,APAC,SaaS/Tech,57.55,2,29.5,2.5,58.5,0,0,0,68.1,0.002654979
CUST-10803,Growth,Europe,E-commerce,526.24,12,23.75,0.5833333333333334,53.583333333333336,0,1,2,16.1,0.6558219
CUST-10804,Growth,North America,E-commerce,792.61,20,23.05,0.5,52.9,0,0,1,4.2,0.2158779
CUST-10805,Growth,Europe,E-commerce,873.11,2,22.5,0.5,60.0,0,1,1,43.9,0.008831074
CUST-10806,Enterprise,APAC,Education,7245.96,19,36.42105263157895,0.1578947368421052,83.57894736842105,0,1,2,0.2,0.9646269
CUST-10807,Growth,Europe,FinTech,597.29,3,20.666666666666668,1.6666666666666667,47.66666666666666,1,0,0,58.5,0.005497696
CUST-10808,Starter,APAC,Professional Services,254.69,6,33.0,0.8333333333333334,76.16666666666667,1,1,1,23.2,0.18297116
CUST-10809,Growth,MEA,Healthcare,211.7,15,30.866666666666667,0.7333333333333333,65.93333333333334,0,0,1,34.2,0.24545206
CUST-10810,Starter,North America,Professional Services,145.89,3,38.333333333333336,1.6666666666666667,74.33333333333333,0,0,1,20.1,0.0072413236
CUST-10811,Enterprise,North America,E-commerce,9598.01,12,33.083333333333336,0.8333333333333334,73.33333333333333,0,1,2,4.4,0.68178153
CUST-10812,Starter,North America,Professional Services,102.18,2,16.0,0.0,43.5,0,0,0,74.2,0.00095796
CUST-10813,Enterprise,MEA,Media,2656.15,18,21.666666666666668,1.8888888888888888,53.55555555555556,0,1,2,1.3,0.8076299
CUST-10814,Growth,Europe,SaaS/Tech,351.99,12,23.58333333333333,1.1666666666666667,48.75,0,0,2,6.3,0.59643805
CUST-10815,Starter,North America,Education,112.44,10,25.7,3.3,67.3,1,0,0,70.2,0.040560033
CUST-10816,Enterprise,North America,FinTech,6623.63,21,22.666666666666668,0.0952380952380952,58.57142857142857,0,1,2,0.5,0.8725635
CUST-10817,Growth,North America,Professional Services,741.02,13,16.53846153846154,1.1538461538461535,42.38461538461539,0,0,1,6.5,0.15686238
CUST-10818,Growth,Europe,SaaS/Tech,911.89,6,28.33333333333333,1.8333333333333333,72.33333333333333,0,0,1,31.3,0.019016718
CUST-10819,Enterprise,North America,E-commerce,7899.21,18,24.77777777777778,4.388888888888889,57.22222222222222,0,0,2,4.1,0.7455371
CUST-10820,Starter,North America,E-commerce,98.63,20,35.8,0.75,79.95,0,1,2,0.4,0.91923505
CUST-10821,Growth,North America,Healthcare,314.4,11,21.63636363636364,1.4545454545454546,44.0,1,1,0,59.3,0.101356186
CUST-10822,Growth,North America,SaaS/Tech,578.79,7,22.714285714285715,3.571428571428572,50.285714285714285,0,0,1,23.2,0.005622941
CUST-10823,Growth,Europe,E-commerce,222.47,13,35.84615384615385,0.6153846153846154,81.6923076923077,1,0,1,21.8,0.22968274
CUST-10824,Starter,Europe,E-commerce,146.84,6,15.833333333333334,0.8333333333333334,44.0,1,0,0,72.4,0.0051774317
CUST-10825,Starter,Europe,FinTech,178.71,12,28.25,0.8333333333333334,67.33333333333333,0,1,2,25.6,0.42741185
CUST-10826,Enterprise,North America,Education,4520.13,13,18.53846153846154,0.4615384615384615,52.61538461538461,0,0,1,4.5,0.41925606
CUST-10827,Starter,North America,E-commerce,171.39,8,21.625,1.5,53.75,1,0,1,28.7,0.2557024
CUST-10828,Starter,APAC,Healthcare,73.98,1,12.0,3.0,70.0,1,0,0,98.8,0.00064058637
CUST-10829,Starter,North America,E-commerce,94.88,6,37.833333333333336,2.5,73.0,1,0,0,80.7,0.019208448
CUST-10830,Starter,North America,Manufacturing,97.24,16,23.0,0.1875,55.0625,1,0,0,49.4,0.08369945
CUST-10831,Starter,APAC,E-commerce,168.46,8,14.625,3.0,27.5,0,0,1,24.7,0.030445063
CUST-10832,Growth,North America,FinTech,533.49,1,21.0,1.0,40.0,1,0,0,98.8,0.00084716803
CUST-10833,Growth,North America,E-commerce,455.69,9,22.0,0.7777777777777778,74.11111111111111,1,0,0,62.5,0.07908896
CUST-10834,Growth,North America,Professional Services,1042.68,14,23.071428571428573,0.5714285714285714,58.285714285714285,0,1,0,47.6,0.18964602
CUST-10835,Starter,Europe,SaaS/Tech,112.4,16,26.5,1.625,60.75,0,0,1,9.3,0.14152369
CUST-10836,Enterprise,North America,Media,4186.12,13,29.07692307692308,2.6153846153846154,75.15384615384616,0,1,1,7.9,0.30059615
CUST-10837,Growth,Europe,Healthcare,790.41,2,20.5,7.0,74.5,1,0,0,84.0,0.0012265272
CUST-10838,Starter,Europe,Professional Services,185.76,12,34.75,0.5833333333333334,89.33333333333333,0,0,1,19.5,0.120848924
CUST-10839,Enterprise,APAC,Healthcare,1582.55,7,36.57142857142857,2.0,78.85714285714286,0,1,2,10.2,0.4915255
CUST-10840,Starter,North America,Manufacturing,118.59,7,17.714285714285715,0.7142857142857143,46.57142857142857,1,0,0,89.2,0.006622668
CUST-10841,Starter,Europe,SaaS/Tech,105.37,7,3.857142857142857,1.5714285714285714,33.285714285714285,0,0,1,25.3,0.01579583
CUST-10842,Starter,APAC,E-commerce,56.62,5,37.8,1.2,79.0,0,0,1,28.3,0.03628888
CUST-10843,Starter,North America,Professional Services,196.69,1,42.0,0.0,69.0,1,0,0,99.4,0.00094847206
CUST-10844,Starter,MEA,Education,75.64,13,20.846153846153847,0.3076923076923077,56.0,0,0,1,9.2,0.13584718
CUST-10845,Growth,North America,SaaS/Tech,759.65,11,13.363636363636363,3.272727272727273,42.54545454545455,1,0,0,77.1,0.044079
CUST-10846,Starter,APAC,Professional Services,94.55,12,29.75,0.4166666666666667,69.08333333333333,1,0,0,53.8,0.2383153
CUST-10847,Starter,MEA,SaaS/Tech,51.95,15,13.933333333333334,4.133333333333334,24.73333333333333,0,0,0,58.8,0.16629808
CUST-10848,Starter,North America,Media,151.04,2,30.5,2.5,71.0,1,0,1,15.8,0.023535771
CUST-10849,Starter,Europe,SaaS/Tech,143.96,6,24.666666666666668,1.0,41.5,1,0,0,66.7,0.009985447
CUST-10850,Starter,APAC,Professional Services,191.07,3,15.666666666666666,0.0,39.66666666666666,1,0,0,78.2,0.0064375126
CUST-10851,Starter,North America,FinTech,81.34,2,23.5,1.0,54.0,1,0,0,54.0,0.006452192
CUST-10852,Enterprise,Europe,E-commerce,1349.02,8,29.25,0.875,69.625,0,0,1,14.9,0.13896666
CUST-10853,Enterprise,North America,Professional Services,4755.29,2,29.5,0.5,61.5,1,0,0,73.0,0.005878457
CUST-10854,Starter,North America,Education,56.43,2,27.0,2.0,60.5,1,0,0,71.9,0.0025948763
CUST-10855,Starter,APAC,SaaS/Tech,176.51,23,29.130434782608692,0.0869565217391304,70.8695652173913,0,0,1,0.9,0.09886985
CUST-10856,Growth,Europe,Healthcare,447.96,12,35.25,0.8333333333333334,84.16666666666667,0,1,2,14.6,0.4997666
CUST-10857,Growth,APAC,Manufacturing,412.72,10,33.1,0.2,71.8,0,0,0,52.8,0.07516692
CUST-10858,Starter,Europe,Media,179.25,14,29.714285714285715,2.2142857142857144,69.14285714285714,1,1,1,20.2,0.12741113
CUST-10859,Enterprise,North America,Media,7057.28,11,31.09090909090909,0.0,83.36363636363636,0,0,1,4.7,0.14733705
CUST-10860,Starter,MEA,Education,157.0,1,11.0,8.0,33.0,1,0,0,98.7,0.00053686084
CUST-10861,Starter,North America,SaaS/Tech,163.47,1,30.0,0.0,69.0,1,0,0,98.9,0.0008367172
CUST-10862,Starter,APAC,Education,113.13,7,25.0,0.2857142857142857,67.71428571428571,0,0,1,31.7,0.03367622
CUST-10863,Growth,North America,Professional Services,610.3,4,30.75,1.5,78.0,0,0,0,52.2,0.061425794
CUST-10864,Enterprise,North America,SaaS/Tech,6109.66,7,29.285714285714285,1.1428571428571428,70.0,0,0,1,11.9,0.097416475
CUST-10865,Enterprise,Europe,FinTech,7977.48,23,20.52173913043478,0.8260869565217391,45.869565217391305,0,1,2,1.1,0.8389224
CUST-10866,Starter,North America,E-commerce,149.65,3,25.0,0.3333333333333333,86.0,1,0,1,29.4,0.02018494
CUST-10867,Growth,MEA,Education,545.77,8,28.75,2.375,71.75,0,1,0,41.6,0.3823788
CUST-10868,Starter,North America,SaaS/Tech,123.63,5,24.4,1.4,56.6,0,0,1,27.3,0.01732993
CUST-10869,Starter,LATAM,Manufacturing,211.23,14,24.285714285714285,2.571428571428572,59.57142857142857,1,1,0,72.4,0.05412109
CUST-10870,Starter,APAC,Professional Services,180.16,11,34.81818181818182,0.0909090909090909,71.27272727272727,0,0,1,10.6,0.24060203
CUST-10871,Starter,North America,Healthcare,190.56,3,16.666666666666668,0.0,30.666666666666668,0,0,1,35.8,0.003013171
CUST-10872,Starter,North America,Media,131.73,22,21.818181818181817,1.0,64.86363636363636,0,0,1,1.9,0.28159717
CUST-10873,Starter,Europe,Media,174.57,2,4.5,1.5,51.0,1,0,0,71.7,0.0022133542
CUST-10874,Starter,Europe,Education,105.4,10,31.9,0.1,79.1,0,0,1,8.2,0.058475144
CUST-10875,Growth,Europe,Healthcare,289.5,6,18.5,4.833333333333333,44.833333333333336,0,0,1,42.6,0.027843537
CUST-10876,Enterprise,Europe,Manufacturing,6482.12,2,17.0,0.0,68.5,0,0,1,7.6,0.0021105942
CUST-10877,Growth,North America,Professional Services,631.63,4,27.25,0.5,67.0,0,0,1,40.2,0.011476855
CUST-10878,Starter,Europe,Healthcare,160.84,8,17.75,1.875,45.5,1,0,0,62.6,0.032847933
CUST-10879,Starter,Europe,Media,87.2,6,27.0,0.8333333333333334,76.83333333333333,1,0,0,63.9,0.090817764
CUST-10880,Growth,North America,Healthcare,441.8,5,33.0,3.4,80.4,1,0,0,84.8,0.018022526
CUST-10881,Growth,North America,E-commerce,336.48,12,16.083333333333332,1.25,32.583333333333336,0,0,1,9.0,0.031133192
CUST-10882,Starter,APAC,Manufacturing,194.52,13,37.23076923076923,0.3846153846153846,82.23076923076923,0,0,1,3.5,0.34304562
CUST-10883,Starter,North America,Professional Services,78.85,17,19.176470588235293,2.117647058823529,56.05882352941177,0,0,1,12.0,0.07277071
CUST-10884,Starter,North America,FinTech,286.76,17,23.47058823529412,0.6470588235294118,51.0,0,1,2,1.0,0.8851156
CUST-10885,Enterprise,Europe,Manufacturing,2809.9,7,29.714285714285715,0.4285714285714285,70.0,0,0,1,10.4,0.07700866
CUST-10886,Enterprise,LATAM,Healthcare,5259.05,21,21.571428571428573,1.238095238095238,43.57142857142857,0,0,1,1.7,0.35993752
CUST-10887,Starter,North America,E-commerce,57.02,20,17.45,4.4,48.8,0,0,1,7.7,0.116700254
CUST-10888,Starter,MEA,E-commerce,56.08,4,24.75,1.0,69.25,0,0,1,40.2,0.024057178
CUST-10889,Enterprise,MEA,E-commerce,4878.69,10,13.4,3.4,38.7,0,0,1,10.3,0.051929448
CUST-10890,Growth,LATAM,Professional Services,928.92,22,37.31818181818182,0.5909090909090909,78.13636363636364,0,1,2,4.2,0.83866775
CUST-10891,Growth,North America,Media,531.71,16,37.9375,1.125,87.125,0,0,1,14.9,0.18840905
CUST-10892,Starter,North America,Professional Services,118.57,2,28.5,1.0,73.0,0,0,1,40.8,0.02010348
CUST-10893,Growth,North America,Media,868.2,24,25.25,3.4166666666666665,60.708333333333336,0,0,1,2.2,0.07908614
CUST-10894,Growth,LATAM,Manufacturing,921.52,13,28.307692307692307,0.3846153846153846,71.92307692307692,0,0,1,17.6,0.06653299
CUST-10895,Enterprise,Europe,E-commerce,1459.38,15,18.066666666666663,1.3333333333333333,44.93333333333333,1,0,1,1.1,0.14036395
CUST-10896,Growth,Europe,FinTech,684.83,19,12.894736842105264,0.9473684210526316,31.894736842105264,0,0,1,1.8,0.029700298
CUST-10897,Starter,Europe,SaaS/Tech,151.36,7,30.142857142857142,0.7142857142857143,75.42857142857143,1,1,0,45.4,0.10389419
CUST-10898,Starter,APAC,Professional Services,160.69,5,17.6,0.6,52.8,1,0,0,80.5,0.015462908
CUST-10899,Growth,APAC,Healthcare,497.01,3,28.666666666666668,2.333333333333333,65.33333333333333,0,0,1,35.0,0.00615268
CUST-10900,Starter,North America,Healthcare,121.42,9,26.0,0.3333333333333333,71.77777777777777,1,0,0,56.3,0.033064
CUST-10901,Growth,North America,Education,735.91,9,13.77777777777778,1.2222222222222223,49.333333333333336,0,0,1,14.0,0.058957644
CUST-10902,Growth,APAC,E-commerce,586.02,20,27.25,0.75,65.8,0,1,1,4.3,0.15347938
CUST-10903,Starter,Europe,SaaS/Tech,78.0,8,14.125,2.0,34.75,0,0,1,15.7,0.036765207
CUST-10904,Starter,Europe,FinTech,195.84,3,18.666666666666668,3.333333333333333,55.0,0,0,1,22.7,0.004629339
CUST-10905,Growth,Europe,Professional Services,219.23,5,31.8,0.4,80.8,0,0,1,26.1,0.23053311
CUST-10906,Enterprise,APAC,E-commerce,6145.41,24,16.125,2.2916666666666665,47.5,0,1,2,0.7,0.8966315
CUST-10907,Starter,LATAM,SaaS/Tech,116.13,9,25.444444444444443,0.6666666666666666,69.66666666666667,1,0,0,64.4,0.06788253
CUST-10908,Starter,Europe,E-commerce,118.86,1,23.0,1.0,52.0,1,0,0,99.3,0.0009659655
CUST-10909,Growth,Europe,FinTech,201.66,4,21.5,0.0,62.5,1,0,0,53.9,0.021164805
CUST-10910,Growth,North America,Media,664.58,6,28.5,0.5,71.5,1,0,0,61.7,0.030171497
CUST-10911,Enterprise,APAC,Manufacturing,6130.14,1,27.0,0.0,41.0,1,0,0,98.7,0.0011605534
CUST-10912,Enterprise,APAC,SaaS/Tech,3987.53,15,24.866666666666667,3.466666666666667,61.8,1,0,0,64.7,0.14561829
CUST-10913,Starter,APAC,Education,115.09,5,10.6,1.4,45.6,1,0,0,69.8,0.027899148
CUST-10914,Growth,Europe,Healthcare,718.03,9,29.666666666666668,0.6666666666666666,75.55555555555556,0,0,1,18.5,0.024701176
CUST-10915,Starter,North America,SaaS/Tech,102.95,10,28.6,3.8,73.8,0,1,1,41.1,0.040542796
CUST-10916,Growth,LATAM,E-commerce,764.03,14,30.357142857142858,0.5714285714285714,77.85714285714286,1,0,0,53.0,0.13127053
CUST-10917,Growth,APAC,Manufacturing,414.36,5,15.2,0.4,29.4,0,0,0,70.7,0.0068998174
CUST-10918,Growth,North America,Education,818.95,5,30.4,0.4,79.8,0,0,1,18.6,0.15127599
CUST-10919,Starter,Europe,Manufacturing,157.43,4,7.75,1.25,39.0,1,0,0,86.9,0.0032409735
CUST-10920,Growth,APAC,FinTech,544.36,3,44.333333333333336,0.6666666666666666,89.33333333333333,0,0,1,9.9,0.007909607
CUST-10921,Starter,North America,Healthcare,141.31,13,26.923076923076923,0.0,62.61538461538461,1,0,0,40.2,0.24878947
CUST-10922,Growth,APAC,Healthcare,1195.09,15,33.46666666666667,0.8,81.26666666666667,0,1,2,13.0,0.66684264
CUST-10923,Enterprise,Europe,Healthcare,7667.52,15,24.133333333333333,0.4666666666666667,70.66666666666667,0,1,2,5.0,0.64491993
CUST-10924,Growth,Europe,Education,719.31,21,26.09523809523809,1.238095238095238,55.38095238095238,0,0,1,3.0,0.22680986
CUST-10925,Growth,Europe,Media,208.03,8,28.375,0.625,67.125,1,0,0,71.0,0.06857887
CUST-10926,Enterprise,North America,FinTech,2145.73,8,30.625,2.625,55.375,0,0,1,11.4,0.30334494
CUST-10927,Enterprise,Europe,Professional Services,5570.6,18,30.11111111111111,0.6666666666666666,69.05555555555556,0,1,2,2.0,0.8356292
CUST-10928,Starter,North America,SaaS/Tech,79.97,14,22.642857142857142,0.7857142857142857,61.71428571428572,0,1,2,12.1,0.6961667
CUST-10929,Growth,APAC,SaaS/Tech,241.81,9,19.666666666666668,1.7777777777777777,54.66666666666666,0,0,1,22.8,0.02758755
CUST-10930,Starter,MEA,Professional Services,175.8,1,5.0,0.0,64.0,1,0,0,98.0,0.001168208
CUST-10931,Enterprise,APAC,SaaS/Tech,5733.1,20,6.65,0.85,16.7,0,0,1,1.4,0.027173085
CUST-10932,Enterprise,Europe,Education,3557.57,12,29.08333333333333,1.4166666666666667,76.66666666666667,0,0,1,5.8,0.19363172
CUST-10933,Growth,Europe,E-commerce,1227.42,18,26.0,0.1666666666666666,57.0,0,1,2,7.0,0.7923148
CUST-10934,Growth,North America,SaaS/Tech,468.78,5,8.6,1.8,21.8,1,0,0,88.8,0.007170211
CUST-10935,Starter,North America,SaaS/Tech,127.27,1,26.0,1.0,58.0,1,0,0,94.5,0.005811917
CUST-10936,Starter,North America,Education,132.1,11,20.181818181818183,1.0,59.18181818181818,0,0,0,51.3,0.13051073
CUST-10937,Growth,APAC,Manufacturing,323.72,1,7.0,0.0,70.0,1,0,0,99.7,0.00044099832
CUST-10938,Starter,Europe,FinTech,161.13,18,22.38888888888889,0.4444444444444444,50.55555555555556,0,0,1,4.8,0.24665086
CUST-10939,Starter,Europe,Media,105.43,17,33.705882352941174,0.5882352941176471,79.41176470588235,0,0,1,12.3,0.4316731
CUST-10940,Growth,Europe,Manufacturing,269.21,6,21.0,1.3333333333333333,60.833333333333336,1,0,0,58.8,0.03737161
CUST-10941,Starter,Europe,Professional Services,69.67,22,32.81818181818182,2.9545454545454546,70.22727272727273,0,0,1,12.6,0.05513093
CUST-10942,Starter,LATAM,Education,66.63,1,39.0,0.0,63.0,1,0,0,98.6,0.0021041709
CUST-10943,Growth,APAC,Healthcare,371.75,11,6.909090909090909,3.909090909090909,22.09090909090909,1,0,0,84.9,0.074085996
CUST-10944,Starter,North America,Education,179.43,9,23.33333333333333,3.333333333333333,59.44444444444444,1,0,0,69.7,0.017953796
CUST-10945,Growth,Europe,Manufacturing,779.65,3,33.666666666666664,0.6666666666666666,80.0,1,0,0,64.2,0.030763222
CUST-10946,Enterprise,APAC,Manufacturing,2852.76,13,10.923076923076923,2.769230769230769,28.07692307692308,0,1,1,18.0,0.19700177
CUST-10947,Enterprise,LATAM,E-commerce,4845.28,12,30.83333333333333,0.0833333333333333,78.91666666666667,0,0,1,3.1,0.46584657
CUST-10948,Enterprise,Europe,E-commerce,8377.42,16,27.0,0.25,59.3125,0,1,2,0.8,0.8096047
CUST-10949,Starter,APAC,FinTech,123.63,2,26.5,2.0,34.0,1,0,0,82.2,0.00091551093
CUST-10950,Starter,North America,SaaS/Tech,178.75,1,19.0,1.0,33.0,1,0,0,98.8,0.0004184854
CUST-10951,Starter,Europe,Media,52.69,23,25.82608695652174,2.4782608695652173,59.65217391304348,0,0,1,7.7,0.0936833
CUST-10952,Growth,LATAM,Professional Services,403.0,7,28.0,0.1428571428571428,65.71428571428571,1,0,1,16.2,0.065412946
CUST-10953,Starter,Europe,Media,68.76,12,13.333333333333334,2.25,43.41666666666666,0,0,1,9.9,0.3023518
CUST-10954,Starter,North America,Healthcare,180.36,14,33.857142857142854,0.5,78.92857142857143,0,0,1,8.3,0.12649873
CUST-10955,Starter,Europe,FinTech,136.44,10,22.0,0.6,48.3,1,0,0,68.8,0.050536018
CUST-10956,Growth,North America,E-commerce,417.95,15,10.466666666666669,2.0,40.06666666666667,0,0,1,20.1,0.082446955
CUST-10957,Growth,North America,FinTech,413.47,6,11.333333333333334,4.666666666666667,30.33333333333333,0,0,1,9.6,0.018898271
CUST-10958,Starter,APAC,E-commerce,155.34,11,24.09090909090909,0.8181818181818182,52.09090909090909,1,0,0,56.7,0.096500784
CUST-10959,Growth,LATAM,Education,672.45,2,20.0,4.0,49.5,1,0,0,75.7,0.006559556
CUST-10960,Growth,Europe,Education,828.48,17,23.94117647058824,3.4705882352941178,55.47058823529412,0,0,1,9.9,0.09701138
CUST-10961,Enterprise,Europe,Education,3412.18,3,26.33333333333333,0.3333333333333333,48.333333333333336,1,0,0,68.7,0.0341803
CUST-10962,Starter,North America,Media,182.28,6,17.5,1.0,51.833333333333336,1,0,0,49.7,0.007854335
CUST-10963,Growth,APAC,FinTech,904.88,1,40.0,3.0,85.0,1,0,0,98.9,0.0012793546
CUST-10964,Starter,North America,Professional Services,132.68,16,18.5,1.3125,38.5625,0,0,1,3.0,0.051252846
CUST-10965,Enterprise,North America,SaaS/Tech,3007.93,6,19.33333333333333,1.0,42.833333333333336,1,0,1,40.5,0.017474502
CUST-10966,Starter,North America,FinTech,187.18,11,21.90909090909091,0.6363636363636364,72.72727272727273,0,1,0,52.4,0.12874368
CUST-10967,Starter,North America,Media,139.51,1,24.0,0.0,54.0,1,0,0,99.4,0.0004482034
CUST-10968,Enterprise,Europe,SaaS/Tech,1383.21,7,33.285714285714285,2.857142857142857,80.57142857142857,0,0,1,10.5,0.06936059
CUST-10969,Starter,LATAM,FinTech,165.75,2,27.5,0.0,84.0,1,0,0,81.2,0.0039342167
CUST-10970,Enterprise,North America,Education,3340.69,24,10.416666666666666,2.833333333333333,36.75,0,1,2,1.4,0.6845177
CUST-10971,Starter,Europe,Media,118.64,15,19.866666666666667,2.2666666666666666,53.0,1,0,0,60.7,0.10914617
CUST-10972,Enterprise,Europe,Education,12996.13,17,32.88235294117647,1.5294117647058822,80.94117647058823,0,1,2,0.5,0.91346127
CUST-10973,Starter,APAC,SaaS/Tech,149.41,4,23.25,4.25,57.75,1,0,0,78.1,0.010096573
CUST-10974,Enterprise,APAC,E-commerce,6705.23,19,5.052631578947368,5.526315789473684,12.578947368421051,0,0,1,5.7,0.20819418
CUST-10975,Enterprise,North America,Education,3029.47,7,25.714285714285715,2.857142857142857,75.28571428571429,0,0,1,11.8,0.07100776
CUST-10976,Enterprise,North America,Healthcare,7328.8,7,32.57142857142857,0.8571428571428571,77.28571428571429,0,0,1,10.2,0.12182284
CUST-10977,Growth,APAC,E-commerce,710.66,7,19.571428571428573,2.142857142857143,48.57142857142857,0,0,0,53.1,0.011066112
CUST-10978,Enterprise,APAC,Manufacturing,6284.42,19,36.31578947368421,0.4736842105263157,83.05263157894737,0,1,2,0.6,0.8766274
CUST-10979,Starter,MEA,Manufacturing,125.23,1,38.0,0.0,58.0,1,0,0,99.1,0.0016739081
CUST-10980,Starter,North America,Professional Services,185.35,6,22.5,0.0,71.33333333333333,0,0,1,19.0,0.0638607
CUST-10981,Starter,Europe,Healthcare,71.84,1,17.0,1.0,80.0,1,0,0,99.5,0.0003452195
CUST-10982,Starter,North America,E-commerce,111.21,9,24.666666666666668,1.0,64.44444444444444,0,1,1,33.7,0.04858617
CUST-10983,Starter,LATAM,Professional Services,139.13,15,16.8,0.6666666666666666,45.53333333333333,0,1,2,34.0,0.40701473
CUST-10984,Starter,Europe,Healthcare,125.5,16,32.25,0.8125,71.25,0,0,1,13.9,0.3144476
CUST-10985,Enterprise,Europe,Manufacturing,1025.59,7,18.285714285714285,3.142857142857143,56.142857142857146,0,0,1,5.9,0.022559652
CUST-10986,Starter,APAC,Healthcare,54.67,3,17.333333333333332,2.6666666666666665,40.66666666666666,1,0,0,79.5,0.0057970197
CUST-10987,Enterprise,North America,FinTech,1661.12,14,23.428571428571427,0.3571428571428571,56.642857142857146,0,1,2,4.4,0.6271807
CUST-10988,Growth,North America,Media,583.02,13,33.0,0.9230769230769232,75.07692307692308,0,0,1,12.0,0.11167398
CUST-10989,Enterprise,Europe,FinTech,5241.47,16,28.25,0.4375,62.75,0,1,2,6.9,0.68688464
CUST-10990,Growth,Europe,Education,888.64,4,28.0,1.5,75.0,1,0,0,81.1,0.0110382
CUST-10991,Growth,Europe,SaaS/Tech,447.72,16,27.75,1.8125,63.3125,0,0,1,5.2,0.2172449
CUST-10992,Starter,LATAM,Manufacturing,181.34,12,30.0,0.25,70.83333333333333,0,0,1,5.0,0.40022343
CUST-10993,Growth,Europe,Media,909.15,1,43.0,1.0,78.0,1,0,0,99.1,0.0015271425
CUST-10994,Enterprise,MEA,Manufacturing,6087.29,24,19.416666666666668,0.2083333333333333,52.75,0,1,2,0.9,0.742542
CUST-10995,Enterprise,North America,Professional Services,3535.27,10,29.7,1.2,59.1,0,0,1,5.5,0.11044519
CUST-10996,Growth,Europe,FinTech,248.49,3,40.333333333333336,0.0,83.33333333333333,0,0,1,22.0,0.020813225
CUST-10997,Growth,APAC,SaaS/Tech,1230.52,8,26.875,0.625,64.375,1,1,0,81.2,0.087748304
CUST-10998,Growth,LATAM,Education,325.74,9,33.333333333333336,0.8888888888888888,82.33333333333333,0,0,1,21.6,0.1114803
CUST-10999,Growth,North America,E-commerce,732.96,9,26.444444444444443,4.222222222222222,61.11111111111112,1,0,0,81.6,0.04871525
CUST-11000,Starter,North America,Healthcare,173.69,18,15.5,1.0,47.44444444444444,0,0,2,2.2,0.8069981
CUST-11001,Growth,North America,E-commerce,398.73,11,18.09090909090909,0.6363636363636364,47.54545454545455,1,0,0,56.9,0.043663748
CUST-11002,Growth,North America,Education,891.65,16,32.1875,1.4375,78.625,0,0,1,3.9,0.149131
CUST-11003,Starter,Europe,Media,177.81,12,22.5,0.1666666666666666,52.25,0,0,1,7.0,0.10101562
CUST-11004,Growth,APAC,Media,202.33,6,18.33333333333333,2.6666666666666665,60.833333333333336,0,0,1,25.7,0.025443112
CUST-11005,Enterprise,Europe,Media,2854.77,8,26.5,0.75,59.375,1,0,1,39.0,0.15025991
CUST-11006,Starter,North America,Media,137.62,12,13.583333333333334,1.1666666666666667,38.0,1,0,0,69.2,0.07299281
CUST-11007,Starter,Europe,Education,79.78,3,31.33333333333333,2.0,63.333333333333336,1,0,1,34.5,0.008916867
CUST-11008,Starter,Europe,SaaS/Tech,118.53,9,36.11111111111112,0.4444444444444444,80.77777777777777,0,0,1,5.3,0.07982009
CUST-11009,Starter,North America,Professional Services,114.49,1,20.0,2.0,96.0,1,0,0,97.8,0.004783549
CUST-11010,Enterprise,North America,FinTech,8845.94,17,21.764705882352946,0.0588235294117647,69.05882352941177,0,1,2,0.8,0.89385617
CUST-11011,Growth,APAC,E-commerce,709.29,3,27.33333333333333,0.0,71.0,1,0,0,73.4,0.01202824
CUST-11012,Growth,Europe,Media,833.81,12,29.58333333333333,1.25,53.583333333333336,0,1,2,2.0,0.78356653
CUST-11013,Starter,North America,Professional Services,98.3,4,31.0,0.25,41.25,1,0,0,67.4,0.0103347935
CUST-11014,Starter,North America,E-commerce,198.74,2,32.5,0.0,60.0,0,0,0,76.4,0.004418962
CUST-11015,Growth,APAC,E-commerce,423.23,22,31.545454545454547,0.4090909090909091,75.31818181818181,0,0,1,2.0,0.07041219
CUST-11016,Enterprise,APAC,Professional Services,9644.31,16,29.9375,0.625,70.1875,0,1,2,6.6,0.6393663
CUST-11017,Growth,North America,E-commerce,663.46,6,27.83333333333333,0.3333333333333333,69.83333333333333,0,0,1,17.7,0.083091326
CUST-11018,Starter,North America,E-commerce,97.68,1,10.0,5.0,48.0,1,0,0,98.3,0.00058347295
CUST-11019,Starter,MEA,SaaS/Tech,186.66,12,30.83333333333333,0.9166666666666666,69.16666666666667,0,0,1,2.1,0.14060539
CUST-11020,Enterprise,LATAM,E-commerce,1928.02,5,24.2,0.0,80.8,0,0,1,2.1,0.036552668
CUST-11021,Growth,North America,Healthcare,261.64,2,15.0,0.5,61.5,1,0,0,93.4,0.001150293
CUST-11022,Starter,Europe,Manufacturing,172.41,14,39.285714285714285,0.7142857142857143,72.0,0,0,2,11.4,0.6375921
CUST-11023,Enterprise,Europe,SaaS/Tech,4496.97,6,19.5,2.833333333333333,68.0,0,0,1,6.1,0.06303762
CUST-11024,Enterprise,LATAM,Healthcare,5996.6,12,39.083333333333336,1.0833333333333333,86.16666666666667,0,1,2,2.9,0.8946096
CUST-11025,Starter,Europe,Media,193.28,11,18.0,2.0,37.45454545454545,0,0,1,13.8,0.05206849
CUST-11026,Starter,Europe,E-commerce,110.43,21,37.61904761904762,0.2857142857142857,82.38095238095238,0,0,1,2.1,0.22504027
CUST-11027,Growth,APAC,Manufacturing,647.35,7,24.285714285714285,3.2857142857142856,49.85714285714285,0,0,1,21.8,0.0035576539
CUST-11028,Starter,LATAM,Manufacturing,210.84,9,22.11111111111111,2.555555555555556,55.44444444444444,1,1,0,54.1,0.07902097
CUST-11029,Starter,LATAM,E-commerce,148.52,4,24.5,1.5,64.0,1,0,1,48.7,0.020693816
CUST-11030,Starter,Europe,SaaS/Tech,125.37,6,19.5,2.333333333333333,42.833333333333336,1,0,0,75.0,0.015567633
CUST-11031,Starter,MEA,FinTech,130.11,3,22.33333333333333,1.6666666666666667,54.333333333333336,0,0,1,41.9,0.012949627
CUST-11032,Growth,North America,Media,503.46,14,22.0,0.3571428571428571,63.142857142857146,0,0,1,9.0,0.06967153
CUST-11033,Starter,APAC,E-commerce,153.38,7,11.714285714285714,1.8571428571428568,34.57142857142857,1,0,0,53.1,0.019409128
CUST-11034,Enterprise,North America,Media,1838.32,7,31.142857142857142,0.0,66.57142857142857,0,0,1,13.1,0.09709931
CUST-11035,Starter,North America,Healthcare,97.37,4,30.75,0.75,67.0,1,0,0,78.4,0.025933795
CUST-11036,Growth,APAC,E-commerce,240.36,10,23.8,0.7,61.1,0,0,1,33.6,0.054323927
CUST-11037,Starter,North America,Education,98.02,3,31.33333333333333,0.0,65.0,0,0,1,20.6,0.0045324503
CUST-11038,Starter,Europe,Media,227.3,21,12.19047619047619,1.3333333333333333,43.142857142857146,0,1,2,2.5,0.5876452
CUST-11039,Starter,Europe,SaaS/Tech,217.43,10,32.3,1.2,90.7,0,1,2,4.7,0.69186
CUST-11040,Enterprise,APAC,Manufacturing,8043.82,16,21.375,2.375,58.8125,0,1,2,1.6,0.8244954
CUST-11041,Starter,LATAM,E-commerce,159.42,4,32.75,1.25,56.25,1,1,0,64.9,0.014728649
CUST-11042,Starter,North America,FinTech,144.91,8,4.875,1.75,23.75,0,0,1,6.4,0.025725652
CUST-11043,Enterprise,North America,Healthcare,4686.16,9,16.444444444444443,3.333333333333333,30.77777777777778,0,0,0,51.6,0.032573353
CUST-11044,Enterprise,North America,SaaS/Tech,4329.99,23,23.695652173913043,2.565217391304348,57.60869565217392,0,0,1,1.5,0.31124976
CUST-11045,Growth,APAC,Healthcare,761.59,6,35.166666666666664,1.3333333333333333,73.16666666666667,0,0,1,18.4,0.030987514
CUST-11046,Starter,LATAM,Healthcare,135.02,1,28.0,0.0,55.0,1,0,0,98.9,0.0029421619
CUST-11047,Starter,North America,Manufacturing,112.72,14,31.071428571428573,0.8571428571428571,76.0,0,0,1,21.4,0.19487992
CUST-11048,Enterprise,Europe,Healthcare,3959.67,8,22.0,2.875,56.125,0,0,1,12.2,0.04666538
CUST-11049,Enterprise,LATAM,Professional Services,7620.42,3,29.33333333333333,1.3333333333333333,59.0,0,0,1,13.6,0.014008334
CUST-11050,Growth,Europe,E-commerce,631.95,12,14.916666666666666,0.9166666666666666,44.0,1,0,0,57.6,0.03526323
CUST-11051,Enterprise,North America,Media,8422.35,13,31.53846153846154,0.1538461538461538,75.61538461538461,0,1,2,4.9,0.7687121
CUST-11052,Starter,Europe,Manufacturing,107.6,22,27.363636363636363,0.3636363636363636,67.0909090909091,0,1,2,2.8,0.637674
CUST-11053,Growth,Europe,E-commerce,735.79,23,35.78260869565217,1.2173913043478262,83.1304347826087,0,0,1,1.9,0.3254179
CUST-11054,Starter,North America,Media,72.78,14,30.642857142857142,1.0714285714285714,66.57142857142857,1,0,0,45.8,0.1251293
CUST-11055,Starter,Europe,E-commerce,152.45,1,26.0,2.0,82.0,1,0,0,98.5,0.001919555
CUST-11056,Starter,Europe,Healthcare,110.53,3,30.0,0.6666666666666666,56.333333333333336,1,1,0,50.4,0.02408927
CUST-11057,Starter,North America,Education,96.7,24,18.5,0.9583333333333334,43.91666666666666,0,0,1,2.1,0.07802407
CUST-11058,Starter,APAC,Media,66.65,13,7.153846153846154,2.6153846153846154,23.07692307692308,0,0,1,30.4,0.2728326
CUST-11059,Growth,North America,Healthcare,1014.07,13,35.46153846153846,1.5384615384615383,79.15384615384616,0,1,2,7.2,0.6141132
CUST-11060,Starter,North America,E-commerce,118.02,4,13.5,2.25,32.0,0,0,0,49.6,0.0121359555
CUST-11061,Starter,North America,SaaS/Tech,54.28,2,49.0,0.0,69.5,1,0,0,89.3,0.0025902996
CUST-11062,Growth,North America,Professional Services,873.05,16,16.0625,1.1875,36.75,0,0,1,8.6,0.13993156
CUST-11063,Starter,MEA,Education,175.85,7,35.142857142857146,1.4285714285714286,72.71428571428571,1,1,0,51.6,0.1019925
CUST-11064,Enterprise,APAC,SaaS/Tech,3243.41,11,32.63636363636363,1.818181818181818,63.36363636363637,0,0,1,9.6,0.14586842
CUST-11065,Starter,Europe,FinTech,106.53,8,22.5,0.875,61.375,0,0,1,16.6,0.10353466
CUST-11066,Starter,APAC,Manufacturing,95.27,9,33.0,2.4444444444444446,76.0,0,0,0,57.7,0.08445209
CUST-11067,Starter,Europe,Education,114.92,2,7.5,4.0,46.5,0,0,1,21.8,0.0022482725
CUST-11068,Enterprise,APAC,Media,7704.81,4,30.75,1.5,68.0,1,0,0,57.5,0.025903592
CUST-11069,Enterprise,APAC,SaaS/Tech,1388.83,18,33.666666666666664,0.9444444444444444,67.72222222222223,0,0,1,1.3,0.1665903
CUST-11070,Enterprise,MEA,E-commerce,6294.88,21,29.61904761904762,0.5238095238095238,69.9047619047619,0,1,2,4.5,0.84237725
CUST-11071,Enterprise,Europe,Media,3904.98,3,19.33333333333333,0.6666666666666666,37.333333333333336,0,0,0,62.0,0.0062962286
CUST-11072,Starter,MEA,Professional Services,75.42,12,34.583333333333336,1.25,75.83333333333333,0,0,1,12.8,0.07650385
CUST-11073,Starter,North America,FinTech,167.05,3,14.666666666666666,2.0,38.333333333333336,1,0,0,76.8,0.004163143
CUST-11074,Enterprise,Europe,E-commerce,12432.8,22,35.45454545454545,0.1818181818181818,87.81818181818181,0,1,2,0.3,0.96927756
CUST-11075,Starter,Europe,Manufacturing,66.89,10,28.6,1.6,62.2,0,0,1,16.8,0.09631081
CUST-11076,Starter,North America,SaaS/Tech,81.0,6,13.333333333333334,2.333333333333333,43.66666666666666,1,0,0,86.8,0.005403353
CUST-11077,Enterprise,APAC,FinTech,3517.28,19,3.842105263157895,2.736842105263158,12.421052631578949,0,0,1,2.0,0.11843303
CUST-11078,Starter,Europe,Media,134.9,8,29.375,1.625,63.875,1,0,1,41.3,0.047653206
CUST-11079,Growth,Europe,Healthcare,847.67,1,31.0,1.0,63.0,1,0,0,99.1,0.0017508105
CUST-11080,Starter,North America,Media,100.3,4,36.25,2.25,83.0,1,0,0,70.3,0.03020555
CUST-11081,Starter,LATAM,Healthcare,160.95,21,21.142857142857142,0.8095238095238095,58.523809523809526,0,0,1,7.0,0.22758897
CUST-11082,Growth,North America,Manufacturing,918.78,4,22.5,1.0,52.75,0,1,1,48.1,0.0152320545
CUST-11083,Starter,Europe,SaaS/Tech,119.32,24,21.541666666666668,1.5416666666666667,50.41666666666666,0,0,1,2.4,0.08396729
CUST-11084,Growth,MEA,SaaS/Tech,914.91,3,16.333333333333332,1.3333333333333333,44.0,1,0,0,72.8,0.0023138812
CUST-11085,Starter,North America,Education,75.41,7,33.285714285714285,2.0,73.57142857142857,0,0,1,30.0,0.031995248
CUST-11086,Enterprise,APAC,Manufacturing,6400.99,7,9.0,0.8571428571428571,35.714285714285715,1,0,0,75.1,0.012496078
CUST-11087,Enterprise,Europe,FinTech,4310.16,9,20.77777777777778,0.3333333333333333,62.333333333333336,0,0,1,13.3,0.099971995
CUST-11088,Growth,Europe,Media,976.0,4,23.25,1.75,63.5,1,0,0,56.5,0.0068013924
CUST-11089,Growth,LATAM,E-commerce,910.86,16,25.1875,0.375,67.0625,0,0,1,6.4,0.15180951
CUST-11090,Growth,Europe,Education,460.14,10,30.1,0.5,63.6,1,0,2,14.2,0.59331745
CUST-11091,Growth,North America,Professional Services,465.82,6,23.0,0.0,50.0,1,0,1,8.2,0.042069074
CUST-11092,Growth,APAC,SaaS/Tech,239.11,8,23.0,1.875,49.875,0,0,1,23.4,0.03583111
CUST-11093,Growth,APAC,Healthcare,561.04,16,14.4375,0.9375,40.125,0,0,1,5.6,0.13126883
CUST-11094,Starter,APAC,Media,149.68,6,24.33333333333333,0.6666666666666666,66.66666666666667,0,0,0,67.4,0.04596825
CUST-11095,Growth,Europe,E-commerce,905.39,7,27.142857142857142,0.5714285714285714,67.71428571428571,1,0,0,69.0,0.015639367
CUST-11096,Growth,LATAM,Professional Services,432.98,13,14.307692307692308,1.3076923076923077,45.0,1,0,0,76.6,0.054801706
CUST-11097,Starter,North America,Healthcare,137.54,9,29.11111111111111,1.6666666666666667,74.11111111111111,1,0,0,50.3,0.04406347
CUST-11098,Growth,Europe,FinTech,386.0,8,39.875,1.875,90.125,1,1,0,71.4,0.07362889
CUST-11099,Starter,APAC,Education,108.65,24,37.625,0.875,77.54166666666667,0,1,2,3.2,0.74600077
CUST-11100,Growth,North America,Professional Services,835.83,6,27.33333333333333,0.3333333333333333,72.5,0,0,1,21.4,0.029946513
CUST-11101,Growth,APAC,Healthcare,244.22,2,18.5,0.5,79.5,0,0,1,11.6,0.0026936117
CUST-11102,Enterprise,North America,SaaS/Tech,4878.41,6,24.0,0.1666666666666666,51.66666666666666,0,0,1,5.4,0.043332063
CUST-11103,Growth,MEA,FinTech,844.39,3,30.33333333333333,0.6666666666666666,62.0,0,0,1,45.9,0.00985367
CUST-11104,Starter,North America,E-commerce,152.5,4,47.0,0.25,95.0,0,1,1,25.8,0.039668165
CUST-11105,Starter,North America,Media,169.88,2,13.0,1.5,49.5,1,0,0,89.3,0.001981755
CUST-11106,Growth,North America,FinTech,379.85,12,9.916666666666666,2.6666666666666665,40.66666666666666,1,0,0,72.3,0.04739035
CUST-11107,Enterprise,North America,FinTech,5218.69,7,30.0,0.8571428571428571,80.71428571428571,0,0,1,3.8,0.04068315
CUST-11108,Starter,Europe,SaaS/Tech,156.0,3,23.666666666666668,0.6666666666666666,69.33333333333333,1,0,0,55.3,0.01146564
CUST-11109,Growth,North America,Education,511.49,9,25.77777777777778,0.6666666666666666,63.44444444444444,0,1,0,46.1,0.14673512
CUST-11110,Enterprise,Europe,E-commerce,7281.09,12,29.33333333333333,1.3333333333333333,71.75,0,0,1,6.6,0.21053597
CUST-11111,Starter,North America,SaaS/Tech,187.63,4,25.0,0.0,55.75,0,0,1,20.0,0.007340089
CUST-11112,Starter,North America,SaaS/Tech,146.84,5,22.2,3.0,46.8,0,0,1,15.6,0.028319376
CUST-11113,Starter,North America,Professional Services,196.95,12,31.83333333333333,0.6666666666666666,68.25,0,0,1,34.9,0.15727262
CUST-11114,Starter,North America,E-commerce,124.97,5,17.4,1.6,47.4,1,0,0,70.6,0.0115422
CUST-11115,Starter,Europe,SaaS/Tech,137.0,5,14.4,1.8,69.8,1,0,0,82.5,0.009361193
CUST-11116,Starter,APAC,Professional Services,106.17,11,20.818181818181817,0.3636363636363636,55.90909090909091,1,0,0,60.8,0.0652305
CUST-11117,Starter,LATAM,Manufacturing,67.83,12,4.583333333333333,1.0,20.75,1,0,0,73.2,0.024497027
CUST-11118,Enterprise,Europe,SaaS/Tech,6869.84,11,23.363636363636363,2.363636363636364,54.27272727272727,0,0,1,4.1,0.2127431
CUST-11119,Growth,Europe,Manufacturing,993.31,6,24.166666666666668,0.6666666666666666,56.5,0,1,1,38.6,0.1482133
CUST-11120,Starter,North America,FinTech,153.7,10,29.6,1.9,75.8,0,0,1,20.8,0.07183923
CUST-11121,Growth,North America,E-commerce,904.64,2,31.5,1.0,70.0,0,0,1,13.2,0.015721006
CUST-11122,Growth,Europe,E-commerce,418.51,13,35.38461538461539,0.2307692307692307,80.84615384615384,0,0,1,11.6,0.15417726
CUST-11123,Starter,North America,Manufacturing,185.4,5,26.0,0.4,61.6,0,1,2,12.1,0.5427027
CUST-11124,Growth,APAC,Manufacturing,650.79,12,34.083333333333336,0.3333333333333333,87.0,0,0,1,8.3,0.10027969
CUST-11125,Enterprise,APAC,FinTech,2302.24,22,25.954545454545453,0.8181818181818182,63.68181818181818,0,0,1,4.7,0.32334912
CUST-11126,Enterprise,North America,FinTech,7827.39,16,16.375,2.875,50.6875,0,1,2,0.6,0.8758104
CUST-11127,Growth,MEA,SaaS/Tech,806.44,13,30.0,0.3846153846153846,79.84615384615384,0,0,1,6.9,0.09737039
CUST-11128,Starter,Europe,Healthcare,204.31,3,28.33333333333333,0.0,74.33333333333333,1,1,0,63.4,0.005984597
CUST-11129,Starter,Europe,Manufacturing,119.92,5,24.6,1.6,48.4,0,0,1,15.7,0.019675883
CUST-11130,Starter,Europe,FinTech,96.4,8,13.625,1.375,45.125,0,0,1,35.1,0.07441455
CUST-11131,Enterprise,North America,FinTech,6715.26,12,33.916666666666664,0.8333333333333334,80.41666666666667,0,1,2,3.8,0.741855
CUST-11132,Starter,Europe,Professional Services,125.46,19,16.94736842105263,1.5263157894736843,41.8421052631579,0,0,1,0.6,0.31695467
CUST-11133,Enterprise,APAC,Manufacturing,8373.32,13,22.46153846153846,0.2307692307692307,59.30769230769231,0,1,2,2.2,0.69879395
CUST-11134,Starter,Europe,E-commerce,191.53,13,28.76923076923077,0.4615384615384615,84.84615384615384,1,0,1,4.3,0.07184365
CUST-11135,Starter,North America,Education,196.29,3,7.0,1.0,19.33333333333333,1,0,0,90.9,0.0012553316
CUST-11136,Enterprise,North America,Education,7878.57,6,10.0,1.5,20.5,0,0,1,13.8,0.02519689
CUST-11137,Starter,Europe,Professional Services,89.58,3,19.0,0.6666666666666666,62.0,1,0,0,84.3,0.004938865
CUST-11138,Starter,APAC,Education,158.68,15,35.86666666666667,0.4666666666666667,79.2,0,1,2,3.2,0.7516037
CUST-11139,Growth,Europe,E-commerce,1585.22,14,36.92857142857143,0.5,90.35714285714286,0,1,1,11.4,0.14424099
CUST-11140,Starter,APAC,FinTech,117.3,7,32.0,0.2857142857142857,75.28571428571429,0,0,1,43.4,0.061127223
CUST-11141,Growth,North America,FinTech,490.62,9,19.55555555555556,0.5555555555555556,43.11111111111112,0,0,1,10.9,0.051066503
CUST-11142,Growth,Europe,Healthcare,798.91,21,13.571428571428571,1.5238095238095235,33.904761904761905,0,0,1,3.9,0.0597197
CUST-11143,Starter,Europe,E-commerce,86.48,5,23.2,0.2,71.8,0,0,1,18.0,0.038390547
CUST-11144,Starter,APAC,Professional Services,50.6,4,24.25,0.25,66.5,1,0,1,41.8,0.020954747
CUST-11145,Growth,APAC,Media,279.08,7,22.0,0.0,45.85714285714285,0,0,1,6.4,0.03653485
CUST-11146,Starter,APAC,E-commerce,117.54,7,37.71428571428572,0.4285714285714285,82.28571428571429,0,0,1,10.2,0.06605688
CUST-11147,Growth,North America,SaaS/Tech,768.08,3,27.666666666666668,0.6666666666666666,56.66666666666666,0,0,1,40.3,0.0068678986
CUST-11148,Growth,North America,Healthcare,1128.13,24,35.166666666666664,0.4583333333333333,78.45833333333333,0,1,2,1.8,0.63925314
CUST-11149,Starter,LATAM,Healthcare,114.02,7,20.428571428571427,3.142857142857143,34.714285714285715,1,0,0,65.2,0.012902053
CUST-11150,Starter,North America,E-commerce,172.04,2,42.5,0.0,75.5,1,0,0,92.6,0.0033399328
CUST-11151,Enterprise,Europe,FinTech,2811.12,23,28.782608695652176,1.391304347826087,71.3913043478261,0,0,2,2.1,0.66982436
CUST-11152,Growth,North America,FinTech,450.71,1,19.0,1.0,89.0,1,0,0,98.8,0.0018660218
CUST-11153,Starter,North America,FinTech,176.56,1,14.0,0.0,35.0,1,0,0,99.1,0.0006440611
CUST-11154,Growth,LATAM,Media,979.89,6,26.0,4.5,65.66666666666667,1,0,0,77.5,0.04712595
CUST-11155,Starter,North America,Manufacturing,170.1,4,33.25,4.75,68.25,1,0,0,72.0,0.013823866
CUST-11156,Growth,Europe,E-commerce,470.86,21,25.19047619047619,0.0476190476190476,65.28571428571429,0,1,2,2.6,0.818793
CUST-11157,Growth,APAC,E-commerce,553.32,6,29.166666666666668,0.0,77.0,0,1,2,25.2,0.50544256
CUST-11158,Growth,Europe,Education,834.32,2,26.0,2.5,67.5,0,0,1,13.7,0.013169854
CUST-11159,Starter,Europe,Healthcare,99.9,20,25.65,0.45,58.15,1,0,1,29.6,0.23909062
CUST-11160,Enterprise,North America,Education,3615.24,3,32.333333333333336,0.6666666666666666,70.0,0,0,1,6.8,0.03185868
CUST-11161,Starter,Europe,Education,74.57,15,23.53333333333333,1.6666666666666667,59.93333333333333,0,1,1,9.7,0.44909018
CUST-11162,Starter,North America,SaaS/Tech,124.75,10,37.7,0.7,74.6,0,1,2,16.2,0.49753174
CUST-11163,Starter,North America,Healthcare,166.49,4,22.0,0.5,63.25,0,0,1,38.1,0.011845728
CUST-11164,Starter,APAC,Professional Services,103.48,2,14.5,0.0,45.5,0,0,0,80.4,0.004894144
CUST-11165,Growth,North America,Media,1406.05,22,29.318181818181817,1.3636363636363635,68.27272727272727,1,1,0,54.9,0.23514712
CUST-11166,Starter,North America,Healthcare,44.9,4,28.75,0.5,88.0,1,0,0,70.2,0.015889324
CUST-11167,Enterprise,LATAM,Professional Services,6755.36,15,35.333333333333336,0.8666666666666667,76.93333333333334,0,1,2,2.3,0.8929516
CUST-11168,Growth,North America,Manufacturing,386.03,8,18.25,0.5,58.625,0,1,1,7.2,0.41061956
CUST-11169,Starter,North America,Education,110.11,7,20.571428571428573,1.5714285714285714,45.85714285714285,0,0,1,22.4,0.022281226
CUST-11170,Starter,North America,Professional Services,191.03,1,27.0,0.0,49.0,1,0,0,99.5,0.0003425407
CUST-11171,Starter,APAC,FinTech,152.3,5,25.0,2.6,61.2,1,0,0,70.1,0.028311528
CUST-11172,Starter,North America,Professional Services,63.64,22,17.59090909090909,2.409090909090909,43.31818181818182,0,0,1,3.2,0.07260678
CUST-11173,Starter,APAC,Professional Services,49.68,4,34.5,1.75,71.75,0,0,1,7.6,0.019252729
CUST-11174,Starter,Europe,Manufacturing,86.99,6,11.5,1.1666666666666667,47.16666666666666,1,0,0,58.3,0.011336367
CUST-11175,Growth,North America,Education,516.83,10,16.3,2.6,46.2,1,1,0,67.3,0.072413296
CUST-11176,Enterprise,Europe,E-commerce,7849.54,7,26.571428571428573,1.1428571428571428,55.57142857142857,0,0,1,13.9,0.042347357
CUST-11177,Starter,North America,Media,80.53,13,17.615384615384617,4.0,43.07692307692308,0,0,0,55.3,0.11231827
CUST-11178,Growth,APAC,SaaS/Tech,491.71,9,19.88888888888889,3.111111111111111,46.22222222222222,0,0,1,28.6,0.009991064
CUST-11179,Growth,North America,Education,537.53,2,17.0,0.0,72.5,1,0,0,63.8,0.0019520397
CUST-11180,Starter,APAC,E-commerce,147.82,19,23.789473684210527,1.263157894736842,64.42105263157895,0,0,2,4.5,0.5748344
CUST-11181,Growth,North America,FinTech,974.58,7,28.285714285714285,0.7142857142857143,61.85714285714285,0,0,0,42.8,0.1435996
CUST-11182,Enterprise,North America,Manufacturing,7192.0,17,36.52941176470589,0.5294117647058824,78.17647058823529,0,0,1,1.6,0.41235483
CUST-11183,Growth,Europe,FinTech,363.15,8,16.125,2.75,46.875,1,0,0,63.5,0.08051175
CUST-11184,Starter,North America,Healthcare,125.28,3,16.666666666666668,1.0,45.66666666666666,1,0,1,31.7,0.041285757
CUST-11185,Starter,North America,Professional Services,49.04,5,20.0,2.8,66.8,0,0,1,20.0,0.012250938
CUST-11186,Starter,LATAM,Media,172.8,9,27.77777777777778,0.4444444444444444,58.22222222222222,1,0,1,18.8,0.17150398
CUST-11187,Growth,North America,Media,621.16,21,29.952380952380956,0.9523809523809524,62.42857142857143,0,1,2,7.8,0.6856496
CUST-11188,Growth,North America,Education,856.44,13,26.0,1.0,63.69230769230769,0,0,1,7.3,0.07755495
CUST-11189,Starter,APAC,FinTech,162.5,8,32.625,1.75,74.375,0,0,0,53.4,0.07738277
CUST-11190,Growth,North America,FinTech,221.7,9,16.22222222222222,0.6666666666666666,47.44444444444444,0,0,1,29.5,0.04288116
CUST-11191,Growth,North America,Healthcare,694.06,3,23.33333333333333,1.6666666666666667,69.0,0,0,1,33.8,0.009940211
CUST-11192,Growth,North America,Manufacturing,553.07,7,27.142857142857142,0.4285714285714285,64.42857142857143,0,0,0,54.8,0.021578899
CUST-11193,Growth,APAC,Professional Services,336.37,6,27.33333333333333,1.0,61.66666666666666,0,0,1,26.8,0.023303956
CUST-11194,Growth,MEA,Healthcare,432.9,8,17.625,1.375,49.25,1,0,0,62.6,0.06353832
CUST-11195,Growth,North America,Professional Services,559.48,9,27.11111111111111,0.7777777777777778,62.55555555555556,0,0,1,21.3,0.09357708
CUST-11196,Enterprise,North America,Manufacturing,3494.57,5,31.8,1.2,82.6,0,0,1,6.9,0.09301868
CUST-11197,Enterprise,APAC,Professional Services,6406.88,5,27.2,0.6,60.6,0,0,1,18.3,0.07996933
CUST-11198,Growth,North America,FinTech,319.74,4,39.0,0.5,56.25,1,0,0,65.3,0.025123177
CUST-11199,Starter,North America,Healthcare,68.55,2,36.0,0.0,66.0,1,0,0,82.4,0.006790637
CUST-11200,Enterprise,North America,FinTech,2257.13,22,14.181818181818182,1.7272727272727273,37.36363636363637,0,0,1,1.1,0.16459006
CUST-11201,Growth,Europe,Education,264.06,15,33.733333333333334,0.6666666666666666,76.6,0,0,1,23.0,0.089874335
CUST-11202,Enterprise,Europe,E-commerce,1599.54,9,18.77777777777778,0.4444444444444444,40.77777777777778,0,0,1,11.3,0.04582492
CUST-11203,Enterprise,MEA,Media,2965.77,22,34.04545454545455,0.6363636363636364,79.5909090909091,0,1,2,1.0,0.9262188
CUST-11204,Enterprise,APAC,Manufacturing,7310.4,8,16.0,2.0,39.625,0,0,1,12.2,0.0641991
CUST-11205,Enterprise,North America,E-commerce,1538.95,10,21.2,1.1,48.7,1,0,1,40.3,0.10858634
CUST-11206,Starter,APAC,SaaS/Tech,179.99,3,36.0,0.6666666666666666,79.0,0,0,1,19.5,0.04504475
CUST-11207,Growth,APAC,FinTech,435.29,3,10.0,2.0,35.666666666666664,1,1,0,82.4,0.002814474
CUST-11208,Enterprise,MEA,E-commerce,2300.82,5,27.2,2.4,64.4,0,0,1,12.4,0.15134494
CUST-11209,Growth,APAC,Education,940.66,3,29.666666666666668,0.3333333333333333,77.33333333333333,0,0,1,4.7,0.013293652
CUST-11210,Starter,LATAM,Education,194.23,2,24.0,1.0,61.5,1,0,0,67.7,0.0055696415
CUST-11211,Starter,Europe,Healthcare,192.39,2,14.5,0.5,71.0,1,0,0,88.7,0.0016352908
CUST-11212,Growth,North America,Manufacturing,1078.07,13,35.61538461538461,0.9230769230769232,81.38461538461539,1,1,0,42.4,0.2161732
CUST-11213,Growth,North America,Professional Services,1064.11,10,16.2,2.1,52.7,1,1,0,52.8,0.044231117
CUST-11214,Growth,MEA,FinTech,321.59,4,26.75,0.75,63.25,1,0,0,76.0,0.011804022
CUST-11215,Enterprise,Europe,FinTech,5614.09,2,25.5,0.5,52.0,1,0,0,70.0,0.0052600596
CUST-11216,Enterprise,LATAM,Media,12554.47,13,27.615384615384617,1.0769230769230769,68.3076923076923,0,1,1,16.1,0.20712622
CUST-11217,Starter,North America,Professional Services,197.92,9,35.333333333333336,0.8888888888888888,78.11111111111111,0,0,1,36.4,0.15703239
CUST-11218,Enterprise,APAC,Education,2193.71,16,25.1875,0.6875,59.75,0,0,1,2.4,0.052947614
CUST-11219,Enterprise,North America,Professional Services,9506.98,14,26.214285714285715,3.4285714285714284,61.07142857142857,0,1,2,9.0,0.63071686
CUST-11220,Starter,LATAM,Manufacturing,92.03,10,16.7,1.8,51.2,1,0,0,66.6,0.052372776
CUST-11221,Starter,North America,Healthcare,81.37,7,24.285714285714285,0.4285714285714285,59.0,0,0,1,35.7,0.033180725
CUST-11222,Growth,APAC,E-commerce,575.79,2,23.0,3.0,68.0,0,0,1,15.7,0.009519066
CUST-11223,Growth,North America,Healthcare,680.51,1,6.0,2.0,26.0,1,0,0,99.3,0.00058639277
CUST-11224,Starter,Europe,Professional Services,127.08,14,35.785714285714285,1.7142857142857142,81.64285714285714,1,0,1,30.8,0.0748181
CUST-11225,Starter,Europe,Media,177.17,12,31.83333333333333,2.75,64.08333333333333,1,1,0,73.8,0.053348474
CUST-11226,Starter,LATAM,E-commerce,112.53,1,25.0,2.0,29.0,1,0,0,99.1,0.00064530293
CUST-11227,Starter,Europe,Healthcare,175.68,22,26.40909090909091,2.363636363636364,69.13636363636364,0,0,1,16.0,0.09046011
CUST-11228,Starter,APAC,Media,178.35,4,27.25,0.25,71.75,1,0,0,72.5,0.007989645
CUST-11229,Enterprise,Europe,Healthcare,4224.42,10,24.6,0.7,59.7,0,0,1,16.2,0.12145268
CUST-11230,Starter,Europe,Education,95.38,21,10.428571428571429,6.714285714285714,30.38095238095238,0,0,1,1.7,0.062623166
CUST-11231,Growth,Europe,FinTech,392.07,14,12.5,2.7857142857142856,29.142857142857142,0,1,2,17.5,0.6916489
CUST-11232,Starter,LATAM,Media,157.41,21,23.047619047619047,1.1428571428571428,55.0,0,1,2,0.6,0.71702975
CUST-11233,Growth,APAC,Healthcare,569.65,15,17.266666666666666,1.9333333333333331,42.73333333333333,0,0,1,10.8,0.042553652
CUST-11234,Enterprise,North America,Professional Services,1951.53,21,24.61904761904762,0.3333333333333333,57.47619047619048,0,0,1,2.0,0.42260444
CUST-11235,Starter,MEA,Education,184.66,7,21.571428571428573,0.7142857142857143,55.85714285714285,1,0,0,52.3,0.01445526
CUST-11236,Growth,North America,Professional Services,452.21,3,21.33333333333333,0.6666666666666666,53.0,0,0,1,40.6,0.0056865057
CUST-11237,Starter,North America,SaaS/Tech,92.97,3,34.666666666666664,1.6666666666666667,64.0,0,0,1,24.3,0.021207973
CUST-11238,Starter,Europe,E-commerce,117.92,16,28.25,2.375,70.25,1,0,1,46.6,0.029321315
CUST-11239,Enterprise,Europe,Media,5118.78,14,23.785714285714285,1.1428571428571428,55.85714285714285,0,0,1,5.9,0.38378155
CUST-11240,Starter,LATAM,Healthcare,148.62,4,32.75,1.0,71.0,0,0,1,36.7,0.03297854
CUST-11241,Enterprise,Europe,SaaS/Tech,6825.34,6,21.666666666666668,1.6666666666666667,56.333333333333336,0,0,1,17.6,0.13262577
CUST-11242,Starter,North America,E-commerce,84.03,11,34.09090909090909,0.2727272727272727,75.81818181818181,1,1,0,55.6,0.0800506
CUST-11243,Starter,Europe,Professional Services,62.47,3,21.33333333333333,0.3333333333333333,42.333333333333336,1,0,0,59.7,0.0046071154
CUST-11244,Starter,Europe,Healthcare,141.62,21,23.047619047619047,2.857142857142857,62.0,0,0,1,6.7,0.0707331
CUST-11245,Starter,North America,E-commerce,75.04,3,25.33333333333333,2.333333333333333,76.66666666666667,0,0,1,28.3,0.0055780127
CUST-11246,Growth,Europe,E-commerce,290.74,5,6.2,5.4,29.6,0,0,0,69.2,0.007318328
CUST-11247,Starter,Europe,Healthcare,87.21,18,31.55555555555556,0.8333333333333334,83.05555555555556,0,0,1,8.6,0.35271597
CUST-11248,Growth,North America,SaaS/Tech,437.05,20,19.9,0.7,43.7,0,0,1,8.9,0.13581388
CUST-11249,Starter,North America,Media,114.38,1,19.0,1.0,59.0,1,0,0,99.4,0.00047956413
CUST-11250,Starter,North America,Media,136.34,11,16.454545454545453,0.0909090909090909,35.63636363636363,1,0,0,71.4,0.07111992
CUST-11251,Starter,Europe,E-commerce,125.02,6,17.166666666666668,1.3333333333333333,48.333333333333336,1,0,0,75.4,0.01439189
CUST-11252,Starter,APAC,Manufacturing,71.04,3,22.0,0.0,46.66666666666666,0,0,1,15.6,0.018804409
CUST-11253,Starter,APAC,Professional Services,79.46,9,15.88888888888889,1.2222222222222223,53.55555555555556,0,0,1,34.0,0.03481534
CUST-11254,Growth,Europe,Professional Services,821.54,21,23.52380952380953,1.0,60.47619047619048,0,1,2,3.9,0.62356037
CUST-11255,Enterprise,Europe,E-commerce,5920.63,18,12.166666666666666,1.9444444444444444,35.388888888888886,1,0,1,1.1,0.3972394
CUST-11256,Growth,North America,Media,872.7,4,27.5,0.25,69.75,0,0,1,34.1,0.01678777
CUST-11257,Growth,North America,FinTech,1038.18,16,19.875,4.0,46.75,0,1,1,20.4,0.07483346
CUST-11258,Enterprise,LATAM,Education,1522.53,7,30.142857142857142,2.7142857142857144,65.57142857142857,0,1,2,7.5,0.59776175
CUST-11259,Growth,North America,Manufacturing,331.76,13,30.923076923076923,0.9230769230769232,69.0,0,1,1,9.0,0.21148853
CUST-11260,Growth,APAC,Healthcare,697.0,16,34.625,0.125,76.625,1,0,1,6.5,0.34056497
CUST-11261,Starter,Europe,FinTech,172.13,4,22.0,0.25,65.0,1,0,0,80.7,0.009478062
CUST-11262,Growth,LATAM,E-commerce,429.21,10,41.9,0.6,82.2,0,1,2,2.4,0.810842
CUST-11263,Starter,North America,Media,113.33,2,29.5,0.0,63.5,1,0,0,71.8,0.0034934203
CUST-11264,Enterprise,Europe,SaaS/Tech,3087.36,5,35.8,1.4,89.0,0,0,1,8.7,0.047965948
CUST-11265,Growth,Europe,Media,803.59,6,21.5,2.333333333333333,61.5,0,0,1,29.0,0.096684724
CUST-11266,Growth,APAC,Professional Services,1016.72,23,17.91304347826087,0.5652173913043478,54.30434782608695,0,1,2,2.8,0.6589626
CUST-11267,Enterprise,North America,SaaS/Tech,6874.35,9,23.666666666666668,0.5555555555555556,57.11111111111112,0,0,1,7.2,0.118731044
CUST-11268,Starter,MEA,Manufacturing,137.87,2,20.0,1.5,64.0,0,0,1,7.7,0.006943294
CUST-11269,Starter,North America,Media,71.13,4,28.5,0.75,69.25,1,0,0,71.3,0.016616346
CUST-11270,Growth,LATAM,Manufacturing,511.66,22,19.318181818181817,0.4090909090909091,52.77272727272727,0,0,1,2.0,0.07423452
CUST-11271,Starter,APAC,Manufacturing,135.54,4,13.25,3.25,22.0,1,0,0,85.9,0.0048974017
CUST-11272,Starter,APAC,Manufacturing,97.4,15,41.13333333333333,0.2666666666666666,85.86666666666666,0,0,1,3.2,0.06726746
CUST-11273,Growth,APAC,SaaS/Tech,723.0,2,22.0,1.5,62.5,1,0,0,64.5,0.0035181807
CUST-11274,Growth,North America,Professional Services,651.37,6,26.0,4.5,57.66666666666666,1,0,0,76.6,0.007393106
CUST-11275,Starter,Europe,Education,153.08,3,13.333333333333334,2.0,56.66666666666666,0,0,1,32.0,0.0064421385
CUST-11276,Growth,Europe,Healthcare,818.14,15,31.4,0.2,77.53333333333333,0,0,1,15.4,0.2635848
CUST-11277,Enterprise,North America,Education,8143.15,24,19.5,0.5833333333333334,46.5,0,1,2,1.1,0.8195774
CUST-11278,Growth,North America,Education,699.33,13,28.0,1.0769230769230769,70.84615384615384,0,0,1,5.2,0.23817869
CUST-11279,Starter,APAC,SaaS/Tech,86.62,8,28.125,0.125,63.75,0,0,1,24.3,0.071590416
CUST-11280,Starter,APAC,Professional Services,73.24,20,25.1,0.35,62.95,0,0,2,10.7,0.49966803
CUST-11281,Enterprise,North America,E-commerce,1272.12,2,7.5,4.0,41.0,1,0,0,89.6,0.0047709965
CUST-11282,Starter,LATAM,E-commerce,129.03,6,35.333333333333336,2.0,80.16666666666667,0,0,1,30.0,0.04848943
CUST-11283,Starter,APAC,Healthcare,101.23,1,29.0,3.0,73.0,1,0,0,98.9,0.00325337
CUST-11284,Starter,Europe,Education,135.57,3,30.0,0.6666666666666666,59.333333333333336,0,0,1,47.6,0.03455864
CUST-11285,Starter,North America,Manufacturing,104.19,4,10.75,6.0,35.75,1,0,0,75.6,0.0029466061
CUST-11286,Growth,North America,Healthcare,854.47,2,29.0,0.0,58.0,0,0,1,49.1,0.0045239874
CUST-11287,Starter,APAC,Education,149.31,10,17.5,1.1,46.3,1,1,0,67.1,0.057775058
CUST-11288,Starter,LATAM,Education,172.7,2,15.0,2.0,46.0,1,0,0,83.8,0.0017670214
CUST-11289,Starter,APAC,FinTech,160.12,4,27.0,0.0,61.75,1,0,1,37.6,0.016570425
CUST-11290,Starter,APAC,Healthcare,119.48,7,23.428571428571427,2.142857142857143,55.285714285714285,0,0,1,15.3,0.008956073
CUST-11291,Enterprise,Europe,Education,1289.62,7,26.857142857142858,0.4285714285714285,56.0,0,0,1,13.5,0.047524754
CUST-11292,Enterprise,North America,Manufacturing,3022.56,2,25.5,2.0,52.0,0,0,1,13.8,0.013939763
CUST-11293,Enterprise,Europe,Education,10156.24,19,26.05263157894737,0.1052631578947368,62.78947368421053,0,1,2,0.9,0.9320345
CUST-11294,Enterprise,Europe,Professional Services,7040.59,18,22.61111111111111,2.611111111111111,57.16666666666666,0,1,2,0.8,0.913182
CUST-11295,Starter,North America,FinTech,145.58,2,24.0,3.0,40.0,0,0,1,15.0,0.0030040878
CUST-11296,Growth,MEA,Manufacturing,915.16,1,19.0,0.0,63.0,1,0,0,98.9,0.0011941817
CUST-11297,Starter,North America,Manufacturing,129.27,2,27.5,1.0,64.5,1,0,0,74.8,0.002685373
CUST-11298,Growth,Europe,Media,458.0,3,17.666666666666668,3.6666666666666665,62.0,1,0,0,84.2,0.0027783879
CUST-11299,Growth,Europe,Education,535.48,1,26.0,2.0,39.0,1,0,0,98.6,0.0020268657
CUST-11300,Starter,Europe,SaaS/Tech,144.15,3,24.666666666666668,1.0,50.333333333333336,1,0,0,64.3,0.0066823214
CUST-11301,Enterprise,North America,Manufacturing,6570.59,6,41.0,0.0,83.83333333333333,0,1,2,9.4,0.71306187
CUST-11302,Growth,North America,Media,338.11,14,28.428571428571427,1.0,69.21428571428571,0,0,1,6.5,0.31002396
CUST-11303,Growth,Europe,Healthcare,584.6,5,33.0,1.8,77.6,0,0,1,17.0,0.021959098
CUST-11304,Starter,North America,Professional Services,56.17,16,24.5,0.3125,51.5625,0,0,1,5.1,0.09940289
CUST-11305,Growth,APAC,SaaS/Tech,200.04,6,36.16666666666666,0.8333333333333334,75.33333333333333,1,0,0,57.7,0.07680407
CUST-11306,Enterprise,APAC,Healthcare,10957.43,19,34.68421052631579,0.1052631578947368,74.94736842105263,0,1,2,1.5,0.8782087
CUST-11307,Starter,LATAM,Manufacturing,180.53,2,27.5,1.5,59.0,1,0,0,67.7,0.0033795023
CUST-11308,Starter,North America,Healthcare,154.12,3,43.333333333333336,0.0,93.33333333333331,1,0,0,74.8,0.0723499
CUST-11309,Growth,Europe,Media,676.62,19,11.263157894736842,1.105263157894737,32.421052631578945,0,0,1,4.1,0.035747185
CUST-11310,Growth,APAC,Media,513.63,4,17.75,1.0,74.75,1,0,0,81.5,0.009198737
CUST-11311,Starter,North America,Healthcare,159.52,1,39.0,5.0,78.0,1,0,0,99.2,0.00045744644
CUST-11312,Starter,Europe,Manufacturing,95.3,17,18.764705882352946,2.176470588235294,49.94117647058823,0,0,1,5.3,0.34511125
CUST-11313,Enterprise,LATAM,Manufacturing,4594.49,4,30.75,0.0,66.0,0,0,1,16.8,0.0430992
CUST-11314,Starter,APAC,SaaS/Tech,89.29,11,24.545454545454547,0.2727272727272727,68.0909090909091,0,0,0,59.5,0.03191497
CUST-11315,Growth,North America,Manufacturing,461.45,5,28.2,0.0,74.8,0,0,1,26.9,0.045313172
CUST-11316,Starter,Europe,E-commerce,253.4,22,27.318181818181817,2.272727272727273,73.31818181818181,0,1,2,16.1,0.49315506
CUST-11317,Starter,APAC,Education,92.38,5,33.2,0.0,64.2,1,0,0,76.5,0.043830503
CUST-11318,Enterprise,MEA,Professional Services,5512.71,8,30.625,2.25,73.875,0,0,1,9.7,0.09878433
CUST-11319,Enterprise,Europe,FinTech,7543.59,16,28.4375,1.6875,75.0,0,0,1,6.1,0.24597633
CUST-11320,Enterprise,Europe,E-commerce,7517.85,21,32.61904761904762,1.1904761904761905,75.0,0,1,2,1.5,0.62396723
CUST-11321,Growth,Europe,Manufacturing,703.31,19,15.947368421052632,1.5789473684210529,35.94736842105263,0,0,1,2.5,0.06347208
CUST-11322,Starter,APAC,Media,123.26,3,24.0,3.333333333333333,54.333333333333336,1,0,0,69.7,0.0026650731
CUST-11323,Starter,North America,SaaS/Tech,101.14,4,36.5,0.0,80.5,1,0,0,73.4,0.042229533
CUST-11324,Growth,North America,Healthcare,827.82,9,9.22222222222222,2.555555555555556,32.333333333333336,1,0,0,77.4,0.03917062
CUST-11325,Starter,APAC,Media,96.87,8,21.625,1.375,49.125,0,1,2,21.8,0.3955879
CUST-11326,Enterprise,Europe,SaaS/Tech,5869.74,4,28.5,0.5,63.0,1,0,0,66.1,0.024782466
CUST-11327,Growth,APAC,E-commerce,381.25,19,14.157894736842104,3.684210526315789,44.42105263157895,0,1,2,2.6,0.81920063
CUST-11328,Growth,North America,E-commerce,1118.0,22,29.181818181818183,0.5909090909090909,72.27272727272727,0,1,2,12.7,0.72588027
CUST-11329,Enterprise,APAC,Professional Services,4812.89,17,40.35294117647059,1.0588235294117647,85.58823529411765,0,1,2,1.1,0.8281598
CUST-11330,Starter,APAC,Manufacturing,167.22,9,22.22222222222222,0.4444444444444444,66.11111111111111,1,0,0,58.2,0.12981516
CUST-11331,Growth,Europe,E-commerce,239.98,5,26.8,0.8,53.6,1,0,0,61.5,0.03527873
CUST-11332,Growth,North America,E-commerce,540.0,17,25.88235294117647,1.9411764705882355,65.6470588235294,0,0,1,9.2,0.11041721
CUST-11333,Growth,North America,FinTech,937.18,12,28.416666666666668,1.75,79.0,0,0,1,6.4,0.05290998
CUST-11334,Growth,LATAM,FinTech,893.07,18,31.05555555555556,1.3333333333333333,72.83333333333333,0,1,2,1.3,0.719667
CUST-11335,Growth,North America,Professional Services,775.04,3,35.0,0.6666666666666666,89.0,0,0,1,8.1,0.018820696
CUST-11336,Starter,North America,E-commerce,127.98,6,23.33333333333333,2.833333333333333,51.333333333333336,0,0,1,16.7,0.015719565
CUST-11337,Starter,North America,FinTech,83.84,4,29.75,0.75,66.25,0,0,1,43.2,0.015397868
CUST-11338,Growth,Europe,Professional Services,1026.14,12,28.666666666666668,1.1666666666666667,62.333333333333336,1,1,1,6.0,0.33072728
CUST-11339,Enterprise,Europe,E-commerce,1422.55,18,28.72222222222222,0.7222222222222222,65.66666666666667,0,1,2,5.0,0.81401354
CUST-11340,Enterprise,Europe,FinTech,1212.37,4,3.75,3.0,42.5,0,0,1,16.4,0.012678187
CUST-11341,Starter,North America,Manufacturing,154.17,7,37.42857142857143,2.4285714285714284,78.57142857142857,1,0,0,75.4,0.03377102
CUST-11342,Growth,Europe,Media,331.54,3,27.33333333333333,3.0,68.0,0,0,0,51.0,0.002571092
CUST-11343,Starter,North America,Education,139.2,1,19.0,3.0,33.0,1,0,0,99.0,0.0002547867
CUST-11344,Growth,APAC,SaaS/Tech,254.07,15,28.8,0.5333333333333333,75.53333333333333,0,0,1,17.7,0.117475435
CUST-11345,Starter,APAC,E-commerce,159.35,21,23.61904761904762,0.2857142857142857,60.57142857142857,0,0,1,4.8,0.12585309
CUST-11346,Growth,North America,Professional Services,467.59,12,29.08333333333333,1.5,64.41666666666667,0,1,1,11.4,0.28624135
CUST-11347,Enterprise,LATAM,Professional Services,7863.49,9,29.77777777777778,0.6666666666666666,78.0,0,1,1,26.7,0.21104035
CUST-11348,Starter,North America,Media,152.32,8,27.0,0.75,63.875,1,0,0,66.0,0.10879279
CUST-11349,Starter,Europe,SaaS/Tech,75.88,1,28.0,0.0,58.0,1,0,0,98.0,0.00434395
CUST-11350,Growth,Europe,Manufacturing,811.33,7,27.0,1.4285714285714286,72.28571428571429,0,1,1,41.3,0.09613987
CUST-11351,Starter,North America,Education,54.91,22,28.63636363636364,0.9545454545454546,62.95454545454545,0,0,2,9.1,0.6288322
CUST-11352,Starter,North America,Education,153.73,8,29.0,0.875,60.375,0,0,1,28.6,0.07512565
CUST-11353,Starter,APAC,Professional Services,122.6,10,14.4,1.5,49.2,0,0,1,12.1,0.059841014
CUST-11354,Growth,North America,Education,4513.14,23,26.782608695652176,1.2173913043478262,63.04347826086956,0,1,2,2.8,0.5180683
CUST-11355,Starter,North America,Professional Services,144.14,16,26.8125,1.0625,57.75,0,0,1,8.4,0.14114164
CUST-11356,Starter,North America,Manufacturing,101.2,13,38.76923076923077,0.3076923076923077,80.76923076923077,0,0,1,2.1,0.4313135
CUST-11357,Enterprise,APAC,Education,5139.02,23,22.695652173913043,0.6521739130434783,57.21739130434783,0,0,1,1.6,0.26067072
CUST-11358,Starter,LATAM,Education,125.07,3,23.33333333333333,2.333333333333333,48.66666666666666,1,0,0,71.2,0.004843335
CUST-11359,Starter,LATAM,E-commerce,100.04,3,35.0,0.0,60.0,1,0,0,74.6,0.010280838
CUST-11360,Starter,North America,SaaS/Tech,64.36,9,20.444444444444443,0.5555555555555556,42.333333333333336,1,0,1,32.4,0.04187858
CUST-11361,Starter,North America,Healthcare,90.14,1,32.0,3.0,59.0,1,0,0,98.9,0.00037681888
CUST-11362,Starter,North America,FinTech,59.28,3,24.666666666666668,0.3333333333333333,61.333333333333336,0,0,1,30.1,0.009639836
CUST-11363,Starter,Europe,Manufacturing,88.44,10,17.1,1.3,57.7,1,0,0,47.9,0.11041665
CUST-11364,Starter,North America,Media,51.88,8,21.125,1.25,48.625,1,0,1,34.6,0.06932792
CUST-11365,Starter,APAC,E-commerce,85.58,5,26.0,2.2,45.8,1,0,0,58.2,0.091125526
CUST-11366,Enterprise,LATAM,E-commerce,1015.14,24,17.166666666666668,1.9583333333333333,46.0,0,0,2,0.4,0.53849936
CUST-11367,Starter,APAC,SaaS/Tech,52.64,9,27.55555555555556,0.4444444444444444,57.44444444444444,0,0,1,16.2,0.027181586
CUST-11368,Enterprise,MEA,Healthcare,3540.16,8,17.375,1.125,39.75,0,0,1,12.7,0.058095437
CUST-11369,Starter,APAC,Healthcare,186.01,10,20.4,1.8,52.0,1,0,1,32.9,0.07340322
CUST-11370,Enterprise,North America,Media,6541.87,4,18.25,3.0,49.5,1,0,1,10.8,0.016980428
CUST-11371,Starter,North America,Education,173.95,12,31.58333333333333,1.3333333333333333,63.0,1,0,1,22.5,0.31916076
CUST-11372,Starter,Europe,Media,82.73,4,23.75,0.75,65.25,0,0,0,72.1,0.031408034
CUST-11373,Enterprise,APAC,SaaS/Tech,3514.13,3,24.0,0.3333333333333333,45.333333333333336,0,0,1,13.2,0.0098091215
CUST-11374,Starter,Europe,Education,135.84,3,30.33333333333333,1.6666666666666667,74.0,0,0,1,28.2,0.0169909
CUST-11375,Starter,Europe,Manufacturing,70.12,12,34.0,0.5833333333333334,75.25,1,0,0,59.7,0.03586348
CUST-11376,Growth,North America,FinTech,219.16,5,31.2,1.0,68.0,1,0,0,63.3,0.030516187
CUST-11377,Starter,Europe,Healthcare,174.34,2,31.0,1.0,63.5,1,0,0,80.1,0.010576889
CUST-11378,Growth,Europe,Media,365.33,6,24.83333333333333,0.0,55.66666666666666,0,0,1,20.8,0.046698242
CUST-11379,Starter,North America,Healthcare,147.61,10,9.8,1.0,32.1,1,0,1,43.9,0.022084402
CUST-11380,Starter,APAC,Manufacturing,132.24,7,32.285714285714285,2.7142857142857144,63.71428571428572,0,0,1,29.3,0.06227835
CUST-11381,Starter,APAC,FinTech,74.46,4,21.25,2.25,32.0,1,0,0,78.9,0.0138153285
CUST-11382,Growth,North America,E-commerce,300.2,20,31.05,0.1,75.0,0,0,2,9.5,0.65374446
CUST-11383,Starter,Europe,Manufacturing,185.28,20,24.05,0.15,58.2,0,1,2,0.9,0.9004744
CUST-11384,Starter,North America,Manufacturing,149.83,17,39.0,0.3529411764705882,89.23529411764706,0,0,1,1.7,0.05268218
CUST-11385,Starter,LATAM,SaaS/Tech,182.6,12,8.833333333333334,2.083333333333333,40.5,0,1,2,24.6,0.5694483
CUST-11386,Starter,MEA,FinTech,165.94,6,38.66666666666666,1.0,80.33333333333333,1,0,0,70.1,0.0315583
CUST-11387,Starter,LATAM,Professional Services,194.63,2,6.0,0.0,21.0,1,0,0,83.7,0.0011040786
CUST-11388,Starter,Europe,Healthcare,162.31,18,23.444444444444443,2.4444444444444446,67.5,0,0,1,3.7,0.13152191
CUST-11389,Growth,MEA,Manufacturing,571.41,17,20.88235294117647,1.4705882352941178,51.52941176470589,0,0,2,5.9,0.48778316
CUST-11390,Starter,Europe,E-commerce,184.9,16,34.125,0.8125,82.25,0,0,2,0.9,0.6131917
CUST-11391,Starter,North America,SaaS/Tech,124.32,8,16.25,1.25,42.75,0,0,1,18.2,0.032486964
CUST-11392,Starter,LATAM,Manufacturing,133.49,5,22.6,2.6,63.0,0,1,2,16.0,0.547855
CUST-11393,Growth,Europe,E-commerce,391.56,21,24.047619047619047,1.4285714285714286,58.38095238095238,0,1,1,4.3,0.29388958
CUST-11394,Starter,North America,FinTech,103.94,12,22.166666666666668,0.75,55.75,0,1,1,19.1,0.063351326
CUST-11395,Growth,North America,E-commerce,676.23,14,29.928571428571427,0.9285714285714286,72.07142857142857,1,0,0,44.2,0.15619819
CUST-11396,Growth,MEA,Media,889.43,3,39.0,2.6666666666666665,85.66666666666667,0,0,1,17.0,0.01666451
CUST-11397,Growth,APAC,Professional Services,728.35,10,21.2,1.0,62.7,0,0,1,28.8,0.16901998
CUST-11398,Starter,North America,Media,51.24,24,37.0,0.6666666666666666,77.16666666666667,0,0,1,5.5,0.23474208
CUST-11399,Growth,North America,SaaS/Tech,831.19,4,33.5,1.5,80.0,0,0,1,12.0,0.050119292
CUST-11400,Starter,Europe,FinTech,184.6,4,20.75,1.0,68.25,0,0,1,32.8,0.007821383
CUST-11401,Starter,LATAM,Media,176.36,15,37.333333333333336,0.6666666666666666,83.2,1,0,2,12.2,0.6359346
CUST-11402,Growth,North America,Media,714.36,20,19.8,1.45,43.9,0,0,1,7.7,0.16763219
CUST-11403,Starter,North America,FinTech,80.48,14,14.571428571428571,2.2142857142857144,43.42857142857143,1,0,0,70.3,0.07224848
CUST-11404,Growth,Europe,Media,514.41,8,25.125,0.625,59.75,0,0,1,30.4,0.09812727
CUST-11405,Starter,North America,Professional Services,76.06,9,41.0,0.2222222222222222,82.88888888888889,0,0,1,6.7,0.109712265
CUST-11406,Enterprise,North America,FinTech,6032.35,9,15.444444444444445,0.3333333333333333,55.11111111111112,0,0,1,15.9,0.03404556
CUST-11407,Enterprise,Europe,Professional Services,6199.12,6,15.5,0.3333333333333333,55.0,1,0,0,59.2,0.037271064
CUST-11408,Growth,APAC,Healthcare,1346.45,19,26.157894736842103,2.0,58.0,0,1,2,1.0,0.77551556
CUST-11409,Growth,North America,Manufacturing,560.75,1,27.0,2.0,74.0,1,0,0,98.9,0.0013994899
CUST-11410,Enterprise,North America,Education,3132.45,3,32.0,2.0,76.33333333333333,1,0,1,11.1,0.035244912
CUST-11411,Starter,APAC,SaaS/Tech,115.75,9,39.0,0.2222222222222222,91.55555555555556,1,0,1,17.5,0.123814926
CUST-11412,Starter,North America,FinTech,83.12,2,13.0,1.0,34.5,0,0,0,85.9,0.0018450139
CUST-11413,Growth,North America,Education,949.93,5,21.6,0.6,56.6,0,0,1,14.6,0.059449434
CUST-11414,Enterprise,Europe,Manufacturing,4291.99,10,28.0,1.0,66.1,0,0,1,17.5,0.19161662
CUST-11415,Starter,APAC,Education,160.27,2,29.5,1.5,75.5,0,0,1,14.7,0.0047471914
CUST-11416,Growth,Europe,Media,774.08,23,31.08695652173913,1.2173913043478262,73.34782608695652,0,1,2,8.3,0.49347892
CUST-11417,Starter,APAC,Healthcare,99.52,8,18.5,1.625,48.5,1,0,1,41.7,0.07281836
CUST-11418,Starter,MEA,Manufacturing,121.8,4,12.25,1.75,32.5,0,0,0,53.3,0.007868849
CUST-11419,Enterprise,North America,Healthcare,5046.12,9,21.0,2.0,65.0,0,0,1,4.5,0.08764582
CUST-11420,Growth,LATAM,Education,957.35,10,34.2,0.9,77.6,0,0,1,32.7,0.11705652
CUST-11421,Starter,Europe,Media,98.94,20,24.1,1.0,60.25,0,0,1,4.0,0.30684328
CUST-11422,Starter,North America,FinTech,189.9,4,37.75,0.5,70.25,1,0,0,62.8,0.015553717
CUST-11423,Starter,North America,Media,124.48,14,12.928571428571429,1.7857142857142858,32.642857142857146,0,0,1,9.7,0.34808457
CUST-11424,Starter,LATAM,Professional Services,75.56,17,29.058823529411764,0.7647058823529411,71.58823529411765,0,0,1,6.6,0.12083582
CUST-11425,Starter,LATAM,Education,151.95,15,30.6,2.8,74.8,1,1,1,47.1,0.034387417
CUST-11426,Enterprise,Europe,Media,3040.62,12,20.916666666666668,1.4166666666666667,55.66666666666666,0,0,1,3.6,0.118293375
CUST-11427,Growth,North America,Media,810.51,11,21.363636363636363,0.1818181818181818,51.18181818181818,0,0,1,27.9,0.12115352
CUST-11428,Enterprise,Europe,Education,9368.76,6,24.83333333333333,1.6666666666666667,61.16666666666666,0,1,2,6.3,0.6015818
CUST-11429,Starter,North America,Healthcare,222.4,23,25.17391304347826,0.782608695652174,62.34782608695652,0,1,2,6.0,0.64596885
CUST-11430,Starter,Europe,Education,140.28,4,18.25,2.5,41.5,1,0,0,82.5,0.006701708
CUST-11431,Enterprise,North America,Manufacturing,6651.6,3,22.0,1.6666666666666667,59.66666666666666,0,0,1,6.8,0.03218516
CUST-11432,Starter,North America,Healthcare,79.4,6,16.166666666666668,2.0,50.833333333333336,1,0,0,64.7,0.012828506
CUST-11433,Growth,APAC,Manufacturing,225.62,4,34.5,0.25,80.0,1,0,0,67.9,0.08600787
CUST-11434,Starter,North America,FinTech,184.2,18,37.16666666666666,0.2222222222222222,83.61111111111111,0,1,2,5.1,0.597192
CUST-11435,Growth,North America,FinTech,775.93,8,35.125,0.875,86.25,0,0,1,7.5,0.06881232
CUST-11436,Growth,North America,FinTech,380.83,3,20.33333333333333,1.3333333333333333,66.66666666666667,0,0,1,42.3,0.016985526
CUST-11437,Growth,Europe,Professional Services,644.29,2,37.5,2.0,85.5,0,0,1,28.4,0.005602501
CUST-11438,Starter,North America,Media,140.89,4,23.5,0.5,53.25,0,0,1,25.2,0.0056395396
CUST-11439,Starter,North America,Manufacturing,172.17,6,34.5,0.6666666666666666,60.5,1,0,0,54.4,0.10289545
CUST-11440,Enterprise,Europe,Professional Services,3436.41,16,34.8125,0.25,79.3125,0,1,2,1.4,0.8329606
CUST-11441,Enterprise,North America,E-commerce,7574.67,18,18.444444444444443,1.6666666666666667,52.27777777777778,0,1,2,0.5,0.84335667
CUST-11442,Starter,APAC,Media,142.74,11,18.63636363636364,1.4545454545454546,56.81818181818182,0,0,1,29.4,0.1121025
CUST-11443,Starter,Europe,FinTech,120.62,6,21.0,0.3333333333333333,59.0,1,0,1,33.3,0.021753602
CUST-11444,Starter,APAC,SaaS/Tech,83.77,3,24.666666666666668,0.0,57.333333333333336,1,0,0,58.4,0.005151706
CUST-11445,Growth,Europe,FinTech,173.26,8,25.875,1.625,53.5,0,0,1,19.9,0.040236708
CUST-11446,Growth,Europe,SaaS/Tech,614.59,2,11.0,0.5,76.5,1,0,0,90.8,0.002019132
CUST-11447,Growth,North America,SaaS/Tech,751.03,13,31.76923076923077,2.3076923076923075,66.0,0,1,2,3.4,0.7880223
CUST-11448,Starter,Europe,Education,51.01,6,21.166666666666668,1.0,57.5,1,0,0,56.7,0.018281816
CUST-11449,Starter,North America,Media,127.19,21,19.0,2.0,47.85714285714285,1,0,1,43.7,0.124629974
CUST-11450,Enterprise,APAC,Professional Services,6060.31,9,34.77777777777778,1.5555555555555556,73.33333333333333,0,0,1,2.3,0.05014503
CUST-11451,Starter,LATAM,Manufacturing,57.4,23,12.304347826086955,5.739130434782608,36.56521739130435,0,0,1,1.3,0.017120348
CUST-11452,Starter,Europe,Professional Services,130.28,3,28.0,0.3333333333333333,68.0,1,0,0,53.5,0.010431722
CUST-11453,Growth,Europe,Healthcare,577.91,8,21.125,0.0,53.125,0,0,1,33.6,0.25374308
CUST-11454,Growth,Europe,Healthcare,548.47,6,25.666666666666668,3.1666666666666665,46.66666666666666,1,1,0,76.5,0.014142701
CUST-11455,Enterprise,North America,E-commerce,2306.14,13,26.692307692307693,1.2307692307692308,74.38461538461539,0,0,1,6.3,0.116712935
CUST-11456,Starter,APAC,FinTech,115.66,8,15.0,0.75,36.125,1,0,0,51.8,0.09082416
CUST-11457,Starter,Europe,Professional Services,189.28,9,14.77777777777778,2.111111111111111,30.33333333333333,1,0,0,49.3,0.027945466
CUST-11458,Starter,APAC,SaaS/Tech,94.64,9,21.0,2.4444444444444446,46.44444444444444,0,0,1,13.7,0.039106026
CUST-11459,Growth,MEA,Healthcare,506.97,8,24.25,0.625,65.25,1,0,0,77.5,0.04222949
CUST-11460,Starter,Europe,E-commerce,136.64,1,34.0,1.0,85.0,1,0,0,97.2,0.010826643
CUST-11461,Enterprise,MEA,Professional Services,7708.43,19,22.68421052631579,1.631578947368421,56.68421052631579,0,1,2,2.1,0.6830611
CUST-11462,Growth,Europe,Manufacturing,905.61,13,27.615384615384617,1.1538461538461535,64.76923076923077,0,0,1,13.0,0.2178023
CUST-11463,Starter,North America,Media,159.77,14,28.071428571428573,0.7142857142857143,56.785714285714285,0,0,1,12.6,0.09874661
CUST-11464,Growth,LATAM,Professional Services,1175.47,13,16.615384615384617,1.4615384615384617,51.92307692307692,0,1,1,19.2,0.07402936
CUST-11465,Starter,Europe,Healthcare,107.41,1,26.0,0.0,90.0,1,0,0,95.7,0.008706901
CUST-11466,Growth,North America,SaaS/Tech,537.78,4,15.25,6.0,38.75,0,0,1,28.8,0.0030675614
CUST-11467,Growth,North America,Healthcare,482.69,23,37.91304347826087,1.3478260869565215,77.73913043478261,0,0,1,1.8,0.17817155
CUST-11468,Starter,Europe,E-commerce,84.35,16,11.1875,3.0625,49.125,1,0,0,63.6,0.07731052
CUST-11469,Growth,Europe,Professional Services,941.01,11,22.454545454545453,2.727272727272727,52.27272727272727,0,0,1,25.9,0.08305146
CUST-11470,Starter,APAC,Education,163.77,5,27.0,2.6,49.6,1,0,0,48.8,0.085409746
CUST-11471,Growth,North America,Media,246.0,12,39.41666666666666,0.5833333333333334,91.58333333333331,1,0,1,11.4,0.09270414
CUST-11472,Starter,MEA,FinTech,139.23,1,26.0,1.0,34.0,1,0,0,98.6,0.0027691568
CUST-11473,Growth,APAC,E-commerce,242.37,21,10.952380952380953,1.2857142857142858,36.90476190476191,0,0,1,7.1,0.07538461
CUST-11474,Growth,LATAM,Healthcare,538.76,16,30.25,1.5,73.4375,0,1,2,9.9,0.74182636
CUST-11475,Growth,APAC,SaaS/Tech,549.02,18,32.0,0.3888888888888889,74.94444444444444,0,1,2,7.0,0.64232886
CUST-11476,Starter,Europe,SaaS/Tech,194.1,16,24.6875,1.5625,59.6875,0,1,2,5.4,0.57150775
CUST-11477,Growth,Europe,Professional Services,515.93,7,18.714285714285715,1.5714285714285714,40.57142857142857,0,0,1,34.6,0.013052262
CUST-11478,Starter,North America,Education,168.06,5,14.0,2.4,44.4,0,0,1,37.2,0.017752394
CUST-11479,Starter,Europe,Healthcare,62.83,21,29.666666666666668,6.761904761904762,60.42857142857143,0,0,1,13.1,0.025895646
CUST-11480,Starter,North America,Education,166.14,19,11.36842105263158,1.263157894736842,27.789473684210527,0,0,1,4.1,0.03779305
CUST-11481,Enterprise,MEA,Healthcare,9948.58,11,21.272727272727277,1.818181818181818,59.09090909090909,0,1,2,3.1,0.7253647
CUST-11482,Growth,APAC,Education,564.3,8,23.375,0.625,51.5,1,0,1,48.4,0.01790321
CUST-11483,Growth,Europe,E-commerce,580.31,3,25.33333333333333,1.0,47.66666666666666,0,0,1,38.3,0.012600335
CUST-11484,Enterprise,North America,Manufacturing,8611.49,23,38.60869565217392,1.0,89.91304347826087,0,1,2,1.2,0.8021267
CUST-11485,Starter,North America,SaaS/Tech,136.39,20,30.65,1.05,75.25,0,1,2,12.2,0.7852804
CUST-11486,Starter,Europe,Healthcare,103.08,18,34.22222222222222,1.0555555555555556,79.61111111111111,0,0,1,3.5,0.2980496
CUST-11487,Starter,North America,Manufacturing,118.27,8,22.125,0.75,57.375,0,0,0,49.0,0.11176563
CUST-11488,Growth,Europe,Education,797.44,13,14.538461538461538,2.3076923076923075,35.23076923076923,1,0,0,79.3,0.05449232
CUST-11489,Starter,Europe,Healthcare,84.32,2,27.5,2.0,48.5,1,0,0,77.2,0.002854303
CUST-11490,Growth,North America,FinTech,438.14,6,24.33333333333333,0.8333333333333334,50.0,1,0,0,69.8,0.030407963
CUST-11491,Growth,North America,Media,904.49,4,20.5,0.5,84.0,0,0,1,34.7,0.049222387
CUST-11492,Starter,Europe,SaaS/Tech,115.37,2,18.5,1.0,59.0,1,0,1,30.9,0.0029263815
CUST-11493,Growth,Europe,FinTech,742.44,13,19.307692307692307,0.2307692307692307,41.92307692307692,1,0,1,8.9,0.032626163
CUST-11494,Starter,APAC,Manufacturing,175.61,4,32.5,0.75,86.25,0,1,1,25.0,0.3377717
CUST-11495,Starter,APAC,Education,62.55,2,29.0,4.5,47.5,0,0,1,27.0,0.0032049834
CUST-11496,Growth,Europe,E-commerce,965.52,20,34.95,0.95,87.35,1,1,0,42.8,0.2994188
CUST-11497,Starter,Europe,Healthcare,109.28,2,35.0,0.0,67.5,0,0,1,32.6,0.0035630674
CUST-11498,Starter,North America,FinTech,177.74,7,17.857142857142858,1.7142857142857142,48.71428571428572,0,0,1,22.3,0.0500608
CUST-11499,Growth,North America,Media,634.61,12,13.666666666666666,1.3333333333333333,33.5,0,0,1,24.3,0.11272297
CUST-11500,Growth,North America,Education,514.86,21,28.047619047619047,2.095238095238096,65.85714285714286,0,1,1,17.1,0.2662006
CUST-11501,Enterprise,Europe,FinTech,4305.97,8,28.25,1.75,72.625,0,0,1,6.7,0.28267613
CUST-11502,Starter,LATAM,FinTech,97.15,3,29.0,2.333333333333333,70.33333333333333,1,0,0,69.5,0.0035184964
CUST-11503,Enterprise,North America,FinTech,5901.32,5,32.8,0.6,80.0,0,0,1,5.2,0.06427411
CUST-11504,Growth,North America,Manufacturing,368.29,16,25.8125,0.5625,64.8125,0,0,1,9.1,0.28831458
CUST-11505,Enterprise,Europe,Professional Services,5960.69,9,19.22222222222222,0.3333333333333333,51.77777777777778,0,0,1,9.3,0.041529555
CUST-11506,Starter,Europe,FinTech,101.24,14,19.714285714285715,0.4285714285714285,53.85714285714285,0,0,1,36.7,0.16708954
CUST-11507,Growth,Europe,Professional Services,921.32,10,9.5,1.0,32.0,0,0,1,46.2,0.015756905
CUST-11508,Growth,North America,Media,528.15,20,13.1,0.35,34.8,0,0,1,7.2,0.027746577
CUST-11509,Growth,LATAM,E-commerce,464.77,15,32.93333333333333,0.4,76.33333333333333,1,1,1,16.0,0.1479111
CUST-11510,Starter,APAC,FinTech,56.01,7,19.857142857142858,3.7142857142857135,59.0,1,0,0,81.7,0.034654927
CUST-11511,Starter,LATAM,Professional Services,146.52,18,26.666666666666668,0.5,61.16666666666666,1,0,1,6.2,0.27168682
CUST-11512,Starter,APAC,E-commerce,158.6,1,9.0,1.0,52.0,1,0,0,99.8,0.00022684109
CUST-11513,Starter,Europe,SaaS/Tech,49.51,3,29.33333333333333,2.0,68.0,0,0,1,32.6,0.0041633165
CUST-11514,Starter,APAC,Media,58.94,13,21.615384615384617,2.076923076923077,59.0,1,0,1,33.8,0.10951682
CUST-11515,Growth,North America,Professional Services,211.88,12,21.416666666666668,1.0,51.083333333333336,0,0,1,18.7,0.14501382
CUST-11516,Starter,APAC,Education,117.39,8,19.0,0.625,48.375,0,0,1,40.3,0.033171702
CUST-11517,Starter,MEA,Media,181.41,4,17.25,0.25,55.0,0,0,1,38.1,0.005264503
CUST-11518,Starter,North America,E-commerce,82.75,21,34.142857142857146,1.0952380952380951,81.47619047619048,0,1,2,3.7,0.7673758
CUST-11519,Growth,North America,Professional Services,292.83,10,30.5,1.0,66.6,0,0,1,17.1,0.079278305
CUST-11520,Enterprise,North America,SaaS/Tech,1589.44,11,31.90909090909091,1.0909090909090908,77.27272727272727,0,1,2,8.9,0.743034
CUST-11521,Growth,North America,Education,737.05,23,24.17391304347826,2.4782608695652173,56.0,0,0,1,2.3,0.11094772
CUST-11522,Growth,APAC,E-commerce,490.96,20,18.7,2.05,47.2,0,0,1,5.1,0.100189164
CUST-11523,Growth,North America,Education,315.94,8,18.625,2.375,50.75,0,0,1,27.9,0.024096806
CUST-11524,Starter,North America,Healthcare,128.0,14,16.285714285714285,3.0,52.92857142857143,1,0,0,64.1,0.1999039
CUST-11525,Starter,Europe,FinTech,139.93,11,39.90909090909091,0.7272727272727273,78.18181818181819,1,0,0,65.3,0.07137343
CUST-11526,Starter,North America,Education,91.5,6,23.0,0.6666666666666666,47.333333333333336,0,0,1,21.6,0.011560461
CUST-11527,Growth,North America,Education,522.24,24,5.666666666666667,0.8333333333333334,15.0,0,0,1,3.8,0.026488995
CUST-11528,Enterprise,North America,Education,6092.88,20,23.75,0.85,56.75,0,1,2,0.8,0.8393504
CUST-11529,Growth,Europe,Media,585.32,23,36.08695652173913,0.6956521739130435,85.69565217391305,0,1,2,3.8,0.6825606
CUST-11530,Growth,North America,SaaS/Tech,460.66,11,16.454545454545453,2.363636363636364,39.45454545454545,0,1,2,28.3,0.37034005
CUST-11531,Starter,North America,Education,155.09,2,21.5,2.0,57.0,1,0,1,45.0,0.0034847844
CUST-11532,Starter,North America,Manufacturing,163.55,2,44.5,0.5,73.0,1,0,0,78.1,0.022095127
CUST-11533,Growth,APAC,Healthcare,535.64,20,7.95,4.85,25.05,0,0,1,6.4,0.076714315
CUST-11534,Starter,APAC,Professional Services,191.33,1,16.0,1.0,86.0,1,0,0,99.4,0.000853403
CUST-11535,Starter,North America,SaaS/Tech,207.53,19,36.21052631578947,0.8421052631578947,75.3157894736842,0,1,2,4.4,0.8252633
CUST-11536,Starter,North America,Professional Services,226.83,4,30.5,0.5,64.0,0,1,1,29.1,0.048277263
CUST-11537,Growth,North America,FinTech,518.17,10,16.3,1.0,49.4,0,0,1,17.2,0.07223872
CUST-11538,Growth,North America,FinTech,639.48,3,33.0,0.3333333333333333,53.0,0,0,1,27.2,0.025030352
CUST-11539,Starter,APAC,Education,116.39,14,21.928571428571427,1.7142857142857142,59.35714285714285,0,0,1,4.4,0.078512
CUST-11540,Growth,North America,FinTech,958.68,8,24.625,0.125,43.625,0,0,1,9.0,0.019193452
CUST-11541,Starter,North America,E-commerce,145.86,9,33.44444444444444,0.2222222222222222,79.55555555555556,0,0,0,39.8,0.23278792
CUST-11542,Growth,APAC,Healthcare,543.18,22,17.09090909090909,0.8636363636363636,50.36363636363637,0,0,1,3.6,0.12976296
CUST-11543,Growth,North America,Healthcare,812.54,13,25.846153846153847,0.8461538461538461,65.61538461538461,0,1,1,23.2,0.338556
CUST-11544,Growth,APAC,Manufacturing,405.26,12,23.916666666666668,3.083333333333333,58.91666666666666,0,0,1,19.1,0.026000846
CUST-11545,Starter,North America,Professional Services,81.39,6,20.33333333333333,0.5,56.16666666666666,0,0,1,37.6,0.018138127
CUST-11546,Growth,North America,Education,873.81,21,30.80952380952381,0.8571428571428571,65.80952380952381,0,1,1,20.0,0.27973413
CUST-11547,Growth,North America,Healthcare,361.77,7,36.285714285714285,1.5714285714285714,69.42857142857143,0,0,1,14.7,0.16793011
CUST-11548,Starter,MEA,Media,187.66,10,35.9,0.3,79.6,0,1,1,15.4,0.14648373
CUST-11549,Starter,North America,Manufacturing,180.85,24,36.66666666666666,1.5416666666666667,83.04166666666667,0,0,1,5.8,0.2963169
CUST-11550,Starter,LATAM,E-commerce,119.87,18,32.44444444444444,1.7777777777777777,71.38888888888889,0,1,2,1.7,0.7222853
CUST-11551,Starter,LATAM,E-commerce,97.57,2,24.5,0.0,63.5,0,0,1,26.6,0.002698051
CUST-11552,Starter,MEA,Healthcare,188.37,10,25.5,0.7,62.6,0,0,1,28.4,0.09231075
CUST-11553,Starter,North America,Healthcare,219.2,24,33.583333333333336,1.0416666666666667,78.25,0,0,2,1.9,0.6184807
CUST-11554,Enterprise,Europe,Education,3205.39,6,37.833333333333336,0.5,87.33333333333333,0,0,1,4.3,0.090939805
CUST-11555,Growth,LATAM,SaaS/Tech,355.5,2,30.5,4.5,58.5,0,0,1,39.5,0.005275663
CUST-11556,Enterprise,APAC,Healthcare,1099.44,11,34.18181818181818,1.181818181818182,86.27272727272727,0,1,2,2.3,0.904063
CUST-11557,Growth,Europe,Education,648.33,13,8.615384615384615,2.923076923076923,25.07692307692308,0,0,1,8.6,0.06467773
CUST-11558,Growth,North America,Education,432.27,19,26.31578947368421,0.9473684210526316,69.84210526315789,0,1,2,7.6,0.5209067
CUST-11559,Growth,LATAM,Healthcare,868.73,20,33.65,1.8,70.55,0,0,1,7.7,0.16015054
CUST-11560,Starter,North America,Professional Services,137.69,1,30.0,0.0,61.0,1,0,0,99.5,0.0010499324
CUST-11561,Starter,Europe,Professional Services,144.5,4,29.0,1.5,54.25,0,1,1,20.0,0.27148286
CUST-11562,Starter,North America,Professional Services,191.95,7,41.57142857142857,0.1428571428571428,82.71428571428571,0,0,1,7.0,0.2686542
CUST-11563,Enterprise,APAC,Manufacturing,4075.4,24,16.875,1.9166666666666667,47.04166666666666,0,0,1,1.1,0.2960118
CUST-11564,Starter,APAC,E-commerce,49.37,3,28.666666666666668,0.6666666666666666,75.66666666666667,1,0,0,60.3,0.011103084
CUST-11565,Enterprise,North America,FinTech,9874.03,15,37.46666666666667,0.7333333333333333,84.86666666666666,0,1,2,2.4,0.84070534
CUST-11566,Growth,North America,SaaS/Tech,494.33,16,17.5,1.25,50.0,0,0,1,9.3,0.1884712
CUST-11567,Growth,North America,E-commerce,630.94,17,21.0,1.1764705882352942,55.52941176470589,1,0,1,4.4,0.21570851
CUST-11568,Growth,APAC,E-commerce,576.73,20,11.85,1.55,41.8,0,0,1,1.9,0.23249692
CUST-11569,Growth,North America,Education,376.91,4,42.0,0.75,88.75,0,0,1,16.3,0.031731173
CUST-11570,Starter,North America,E-commerce,185.74,1,4.0,4.0,19.0,1,0,0,99.5,0.0009775868
CUST-11571,Starter,Europe,Education,58.18,5,7.6,1.0,42.4,1,0,0,78.8,0.006240865
CUST-11572,Starter,North America,E-commerce,119.54,2,30.0,0.0,74.0,1,0,0,91.0,0.005028887
CUST-11573,Starter,APAC,Education,142.2,17,19.11764705882353,0.2941176470588235,54.41176470588236,0,0,1,6.7,0.09033666
CUST-11574,Enterprise,North America,Healthcare,9329.79,5,22.4,2.2,50.6,1,1,1,10.2,0.41860166
CUST-11575,Enterprise,North America,SaaS/Tech,4636.1,1,10.0,1.0,40.0,1,0,0,98.8,0.0015060087
CUST-11576,Starter,Europe,SaaS/Tech,74.87,2,27.0,2.0,67.5,1,0,0,76.8,0.0045697037
CUST-11577,Starter,APAC,Healthcare,144.13,3,25.0,0.3333333333333333,72.0,1,0,0,72.3,0.00978041
CUST-11578,Starter,North America,E-commerce,176.69,3,30.0,0.3333333333333333,77.33333333333333,0,0,1,11.3,0.03320196
CUST-11579,Growth,North America,E-commerce,491.27,2,8.0,3.0,54.5,0,0,0,67.9,0.0047790883
CUST-11580,Growth,North America,E-commerce,216.15,8,32.5,1.5,60.125,0,0,1,22.6,0.16173047
CUST-11581,Starter,LATAM,Education,285.36,10,40.3,0.9,83.5,0,1,2,3.0,0.83403933
CUST-11582,Enterprise,LATAM,Professional Services,1503.13,2,34.0,0.0,62.0,0,0,1,41.6,0.021924496
CUST-11583,Growth,Europe,Healthcare,181.19,4,18.25,2.5,51.0,0,0,1,42.9,0.006040575
CUST-11584,Growth,LATAM,Manufacturing,953.96,5,16.0,2.6,39.6,1,0,0,83.0,0.029010229
CUST-11585,Starter,APAC,FinTech,97.81,16,41.375,0.0,85.5625,0,0,1,4.8,0.070287675
CUST-11586,Enterprise,Europe,Professional Services,2126.01,3,24.0,1.3333333333333333,62.0,0,1,1,32.5,0.02459007
CUST-11587,Starter,APAC,Professional Services,142.38,6,34.333333333333336,1.6666666666666667,75.66666666666667,1,0,0,65.0,0.032762766
CUST-11588,Starter,Europe,Education,125.86,12,18.75,2.083333333333333,54.0,0,0,1,7.4,0.19406566
CUST-11589,Starter,Europe,E-commerce,70.23,5,24.8,1.0,65.8,0,0,1,26.3,0.025428824
CUST-11590,Starter,Europe,Education,71.52,7,27.857142857142858,0.1428571428571428,66.71428571428571,1,1,0,49.6,0.0937532
CUST-11591,Enterprise,LATAM,Media,4450.3,12,18.416666666666668,1.3333333333333333,52.66666666666666,0,1,2,5.6,0.485562
CUST-11592,Growth,North America,SaaS/Tech,514.71,3,18.33333333333333,0.6666666666666666,42.333333333333336,1,0,0,54.0,0.0049183927
CUST-11593,Growth,North America,Manufacturing,830.71,22,31.90909090909091,0.0454545454545454,78.54545454545455,0,1,2,3.7,0.83471596
CUST-11594,Starter,North America,Education,171.53,7,32.857142857142854,0.7142857142857143,56.57142857142857,1,1,0,72.2,0.017678253
CUST-11595,Growth,LATAM,SaaS/Tech,773.58,4,24.25,1.0,41.75,0,0,1,8.2,0.009908173
CUST-11596,Starter,North America,Manufacturing,214.98,10,8.5,0.9,26.8,1,1,0,88.9,0.0128356945
CUST-11597,Growth,Europe,Manufacturing,451.48,12,39.25,1.0833333333333333,81.08333333333333,0,1,2,9.3,0.6680416
CUST-11598,Growth,North America,Healthcare,290.9,2,20.0,1.5,86.5,0,0,1,38.2,0.008121483
CUST-11599,Starter,North America,Media,85.8,5,26.6,1.8,78.0,0,0,1,4.5,0.027597552
CUST-11600,Growth,North America,Manufacturing,237.87,5,24.2,2.8,63.0,0,0,1,12.5,0.0068214266
CUST-11601,Starter,North America,SaaS/Tech,50.68,16,31.75,0.25,77.375,0,0,1,3.3,0.13973343
CUST-11602,Starter,APAC,E-commerce,66.46,15,25.33333333333333,1.6,56.93333333333333,1,0,1,25.1,0.29008746
CUST-11603,Growth,LATAM,Healthcare,571.43,15,35.13333333333333,0.1333333333333333,78.73333333333333,0,0,2,27.2,0.37615526
CUST-11604,Growth,Europe,Media,384.45,8,35.25,1.25,67.125,0,1,2,21.7,0.40556803
CUST-11605,Starter,APAC,Manufacturing,184.77,23,32.78260869565217,2.0,78.1304347826087,1,1,0,44.8,0.15600282
CUST-11606,Starter,North America,E-commerce,126.83,17,26.764705882352946,2.4705882352941178,62.588235294117645,0,0,1,4.7,0.2872573
CUST-11607,Starter,MEA,Healthcare,179.74,5,25.0,1.2,42.4,0,0,1,22.5,0.019599445
CUST-11608,Enterprise,North America,SaaS/Tech,5513.44,20,31.0,1.05,72.05,0,1,2,5.0,0.7658297
CUST-11609,Growth,LATAM,Healthcare,306.58,3,14.0,0.3333333333333333,62.0,1,0,0,84.6,0.0063907704
CUST-11610,Starter,North America,Healthcare,162.77,3,14.0,0.3333333333333333,31.0,0,0,0,60.3,0.0062867077
CUST-11611,Starter,Europe,E-commerce,135.66,10,24.7,3.7,54.7,1,0,0,78.3,0.0186781
CUST-11612,Growth,LATAM,FinTech,891.27,13,29.846153846153847,1.4615384615384617,61.92307692307692,0,1,1,16.3,0.1848323
CUST-11613,Growth,APAC,SaaS/Tech,425.58,7,34.857142857142854,2.857142857142857,78.85714285714286,1,0,0,55.1,0.088036306
CUST-11614,Starter,North America,Professional Services,146.88,3,15.0,0.0,61.0,0,0,0,83.2,0.0066628023
CUST-11615,Starter,Europe,SaaS/Tech,116.88,1,7.0,0.0,62.0,1,0,0,98.5,0.0010268214
CUST-11616,Growth,APAC,Professional Services,590.48,7,20.857142857142858,4.857142857142857,43.85714285714285,1,0,0,71.5,0.019889694
CUST-11617,Starter,North America,SaaS/Tech,111.39,18,36.72222222222222,0.3888888888888889,85.44444444444444,0,0,1,1.5,0.19800968
CUST-11618,Starter,Europe,Manufacturing,163.38,2,11.0,2.5,4.0,1,0,0,92.8,0.0013358704
CUST-11619,Growth,MEA,SaaS/Tech,495.57,1,16.0,4.0,25.0,1,0,0,99.4,0.0008521413
CUST-11620,Growth,LATAM,Media,908.64,3,10.0,0.6666666666666666,24.33333333333333,1,0,0,88.7,0.0007997717
CUST-11621,Starter,APAC,Education,162.71,4,24.0,2.75,55.75,1,0,0,66.6,0.004003998
CUST-11622,Starter,North America,Manufacturing,108.93,12,27.58333333333333,0.6666666666666666,65.75,1,0,0,45.3,0.22493482
CUST-11623,Starter,Europe,FinTech,132.51,16,26.4375,1.25,68.25,0,0,1,3.5,0.11235749
CUST-11624,Starter,Europe,Media,145.75,15,22.866666666666667,3.0,51.0,1,0,0,72.1,0.054991625
CUST-11625,Growth,APAC,Education,680.57,16,31.0625,0.625,63.625,1,0,0,62.0,0.11646992
CUST-11626,Growth,Europe,Healthcare,745.06,21,20.428571428571427,1.0,53.42857142857143,0,1,2,2.7,0.71233743
CUST-11627,Enterprise,APAC,Education,4932.68,7,41.0,0.1428571428571428,80.85714285714286,0,1,2,5.2,0.7797289
CUST-11628,Starter,North America,SaaS/Tech,193.77,6,27.0,1.0,57.66666666666666,0,0,1,21.7,0.02652465
CUST-11629,Starter,North America,Manufacturing,130.53,1,44.0,0.0,87.0,1,0,0,99.5,0.0011727683
CUST-11630,Growth,North America,Manufacturing,314.11,23,38.47826086956522,0.8260869565217391,79.47826086956522,0,1,2,1.7,0.88292557
CUST-11631,Starter,APAC,E-commerce,112.62,8,21.125,2.375,51.875,0,0,1,16.8,0.023822155
CUST-11632,Enterprise,North America,E-commerce,6416.17,7,39.85714285714285,0.5714285714285714,88.57142857142857,0,1,2,3.8,0.66700494
CUST-11633,Growth,LATAM,Manufacturing,976.15,4,42.5,1.0,78.5,1,0,0,87.1,0.0250087
CUST-11634,Starter,Europe,E-commerce,111.07,13,16.384615384615383,1.5384615384615383,49.53846153846154,0,1,2,3.6,0.60070443
CUST-11635,Growth,LATAM,Education,440.98,9,29.88888888888889,0.8888888888888888,74.22222222222223,0,0,1,40.7,0.06650567
CUST-11636,Starter,Europe,FinTech,157.62,10,24.5,2.5,54.8,1,0,0,62.6,0.027837817
CUST-11637,Starter,North America,Healthcare,129.18,6,15.0,2.1666666666666665,26.83333333333333,1,0,0,69.9,0.040655006
CUST-11638,Starter,LATAM,Professional Services,138.08,2,23.0,0.5,47.5,0,0,0,51.4,0.011184552
CUST-11639,Starter,Europe,Manufacturing,184.65,7,24.142857142857142,1.0,53.85714285714285,0,0,1,19.6,0.085062735
CUST-11640,Starter,Europe,Healthcare,201.13,20,28.15,1.1,59.9,0,1,2,5.6,0.68139535
CUST-11641,Growth,Europe,Media,1241.01,3,33.333333333333336,0.3333333333333333,81.33333333333333,0,1,2,16.3,0.4759149
CUST-11642,Growth,North America,Manufacturing,532.03,6,20.666666666666668,0.8333333333333334,59.66666666666666,1,0,1,41.4,0.038736098
CUST-11643,Enterprise,LATAM,Education,5515.0,16,39.0,0.3125,81.375,0,1,2,0.8,0.86594576
CUST-11644,Starter,APAC,Education,174.76,15,32.4,0.1333333333333333,68.66666666666667,1,0,0,43.0,0.25326738
CUST-11645,Starter,North America,Media,171.87,5,20.6,0.0,47.2,1,0,0,79.3,0.014546063
CUST-11646,Starter,LATAM,Media,86.67,9,34.0,0.7777777777777778,70.88888888888889,0,0,1,23.8,0.06607284
CUST-11647,Enterprise,Europe,Manufacturing,1858.97,17,33.88235294117647,0.4705882352941176,73.82352941176471,0,0,1,1.7,0.2620893
CUST-11648,Enterprise,Europe,Professional Services,1448.37,18,32.111111111111114,0.3333333333333333,73.16666666666667,0,0,2,2.6,0.5072068
CUST-11649,Starter,Europe,Education,75.25,10,6.1,4.4,29.0,1,0,0,86.6,0.028069587
CUST-11650,Starter,MEA,Professional Services,93.82,4,9.5,0.75,29.5,1,0,0,84.7,0.0016173557
CUST-11651,Enterprise,LATAM,SaaS/Tech,1334.14,11,21.0,1.4545454545454546,44.18181818181818,0,0,1,5.8,0.13270855
CUST-11652,Starter,North America,E-commerce,184.82,7,17.714285714285715,2.0,65.42857142857143,0,0,1,13.7,0.03467796
CUST-11653,Starter,North America,Manufacturing,69.76,16,30.4375,2.9375,69.375,0,0,1,6.5,0.013466704
CUST-11654,Starter,Europe,Professional Services,162.41,16,24.9375,1.0,61.5,0,0,1,10.4,0.18260318
CUST-11655,Enterprise,Europe,Education,2827.89,18,38.55555555555556,1.1111111111111112,81.38888888888889,0,0,1,0.8,0.25099632
CUST-11656,Starter,Europe,FinTech,174.45,4,19.0,1.5,45.75,0,0,1,31.8,0.007892203
CUST-11657,Enterprise,Europe,SaaS/Tech,7977.14,2,34.5,0.5,78.5,0,0,1,13.3,0.019860793
CUST-11658,Starter,North America,Media,103.17,12,12.75,0.5,44.833333333333336,1,0,0,77.4,0.04671398
CUST-11659,Starter,Europe,FinTech,95.71,2,16.5,1.5,43.5,1,0,0,78.5,0.0010878367
CUST-11660,Starter,North America,SaaS/Tech,172.92,15,36.93333333333333,2.8,81.73333333333333,0,0,1,12.4,0.059134547
CUST-11661,Enterprise,LATAM,E-commerce,10661.73,12,20.416666666666668,2.6666666666666665,62.333333333333336,0,1,2,6.0,0.82193935
CUST-11662,Growth,North America,SaaS/Tech,433.8,6,25.33333333333333,2.0,53.66666666666666,0,0,1,48.7,0.022096219
CUST-11663,Enterprise,North America,Professional Services,7073.51,3,29.33333333333333,4.0,80.0,0,0,1,43.3,0.025898037
CUST-11664,Growth,Europe,Healthcare,754.73,3,20.666666666666668,2.0,50.333333333333336,0,0,1,34.8,0.005766764
CUST-11665,Growth,North America,Healthcare,913.53,8,29.875,0.25,59.0,0,0,1,6.7,0.044115786
CUST-11666,Starter,North America,Manufacturing,197.02,15,29.933333333333334,0.0666666666666666,65.6,0,0,1,18.1,0.14454016
CUST-11667,Growth,North America,SaaS/Tech,696.77,13,23.384615384615383,2.769230769230769,45.84615384615385,0,0,1,24.6,0.04313469
CUST-11668,Growth,APAC,SaaS/Tech,543.46,1,26.0,3.0,76.0,1,0,0,98.6,0.0007520332
CUST-11669,Starter,Europe,E-commerce,138.01,14,28.214285714285715,0.2142857142857142,61.42857142857143,0,0,1,9.4,0.097859666
CUST-11670,Starter,MEA,Manufacturing,103.54,2,3.0,0.5,49.0,0,0,1,28.7,0.0008564296
CUST-11671,Growth,North America,Healthcare,761.14,2,20.5,2.0,51.5,1,0,0,66.6,0.002651333
CUST-11672,Starter,North America,SaaS/Tech,126.33,2,19.0,2.0,53.0,1,0,0,60.9,0.0013350283
CUST-11673,Growth,APAC,Education,926.7,2,36.5,2.0,87.5,0,0,1,46.9,0.0062734773
CUST-11674,Starter,APAC,E-commerce,180.62,2,34.0,2.0,70.0,0,0,0,58.3,0.008867831
CUST-11675,Enterprise,Europe,Media,2056.3,4,24.75,1.25,63.25,1,0,1,23.5,0.02900701
CUST-11676,Enterprise,North America,Professional Services,5694.64,9,33.333333333333336,0.8888888888888888,71.33333333333333,0,0,1,6.5,0.060070753
CUST-11677,Enterprise,Europe,Education,6205.87,7,25.142857142857142,2.571428571428572,64.71428571428571,0,0,1,6.5,0.07025897
CUST-11678,Growth,APAC,SaaS/Tech,379.27,24,18.08333333333333,1.9166666666666667,46.54166666666666,0,0,1,2.7,0.07849032
CUST-11679,Growth,APAC,Manufacturing,780.56,4,40.25,1.75,84.5,0,0,1,9.0,0.017744968
CUST-11680,Growth,North America,FinTech,226.57,2,29.5,0.5,81.5,0,0,1,5.6,0.010821119
CUST-11681,Growth,North America,FinTech,373.13,12,14.416666666666666,0.3333333333333333,38.583333333333336,1,0,0,68.9,0.034371767
CUST-11682,Enterprise,Europe,Manufacturing,12949.27,24,23.5,1.375,57.04166666666666,0,1,2,0.8,0.5681558
CUST-11683,Starter,North America,Education,123.88,8,38.5,0.625,86.375,0,0,1,14.0,0.062231436
CUST-11684,Growth,Europe,Media,853.48,4,15.25,0.5,36.5,1,0,0,88.5,0.0010726918
CUST-11685,Growth,Europe,Professional Services,823.19,3,18.0,0.0,46.333333333333336,0,0,1,8.9,0.0040338356
CUST-11686,Growth,North America,FinTech,906.23,7,28.857142857142858,1.2857142857142858,59.57142857142857,0,0,1,37.8,0.09373888
CUST-11687,Starter,Europe,E-commerce,137.5,12,16.166666666666668,2.0,53.41666666666666,0,0,1,20.0,0.112468965
CUST-11688,Growth,North America,Education,237.14,18,23.666666666666668,1.3888888888888888,60.833333333333336,0,0,1,3.2,0.17685518
CUST-11689,Growth,APAC,Education,272.58,24,32.208333333333336,0.375,77.16666666666667,0,0,1,5.1,0.21658894
CUST-11690,Starter,North America,FinTech,63.76,6,21.5,0.6666666666666666,54.833333333333336,1,0,0,51.6,0.057854243
CUST-11691,Growth,North America,Healthcare,487.75,13,20.923076923076923,0.7692307692307693,63.07692307692308,0,0,1,14.6,0.1374403
CUST-11692,Starter,Europe,Professional Services,131.22,3,12.333333333333334,0.6666666666666666,38.0,1,0,0,91.2,0.001469952
CUST-11693,Enterprise,Europe,Healthcare,3438.71,6,35.5,0.6666666666666666,91.0,0,0,1,22.6,0.28915778
CUST-11694,Starter,Europe,SaaS/Tech,186.55,2,32.5,4.0,48.5,1,0,0,86.6,0.0031101683
CUST-11695,Enterprise,North America,Professional Services,7759.87,16,14.1875,3.25,39.6875,0,1,2,1.7,0.8585987
CUST-11696,Growth,Europe,Education,1036.62,23,30.695652173913043,1.3478260869565215,71.1304347826087,0,1,1,15.8,0.4073626
CUST-11697,Starter,Europe,E-commerce,85.35,10,28.7,0.0,68.7,0,0,1,6.1,0.08030836
CUST-11698,Enterprise,MEA,Education,6093.81,6,32.666666666666664,1.3333333333333333,78.0,0,1,1,15.5,0.18818153
CUST-11699,Growth,North America,Education,258.07,14,27.5,1.4285714285714286,66.64285714285714,0,0,1,18.7,0.17775981
CUST-11700,Enterprise,Europe,Healthcare,3075.57,5,22.4,3.2,64.8,1,0,0,71.2,0.03272796
CUST-11701,Starter,Europe,FinTech,89.16,10,22.8,1.6,53.7,1,0,1,4.2,0.26742727
CUST-11702,Starter,North America,E-commerce,166.94,2,19.5,0.5,60.0,0,0,1,28.1,0.010317341
CUST-11703,Growth,Europe,Media,613.7,8,21.0,0.5,69.5,0,0,1,19.5,0.11664584
CUST-11704,Starter,APAC,Manufacturing,103.76,18,33.166666666666664,0.4444444444444444,76.94444444444444,0,1,2,1.9,0.7856982
CUST-11705,Starter,North America,E-commerce,66.58,3,11.333333333333334,2.0,30.33333333333333,1,1,0,76.5,0.0034040078
CUST-11706,Growth,North America,Healthcare,943.52,3,17.666666666666668,1.6666666666666667,33.0,1,0,0,84.5,0.0022870256
CUST-11707,Starter,Europe,Healthcare,93.48,18,28.38888888888889,0.2222222222222222,67.72222222222223,0,0,1,5.7,0.35182726
CUST-11708,Growth,North America,Media,867.55,12,20.83333333333333,1.5833333333333333,57.16666666666666,0,1,1,15.7,0.35675275
CUST-11709,Starter,Europe,SaaS/Tech,92.34,6,34.333333333333336,0.6666666666666666,68.5,0,0,1,30.1,0.065554634
CUST-11710,Growth,North America,Education,651.07,6,30.0,2.6666666666666665,79.33333333333333,0,0,1,20.2,0.07829481
CUST-11711,Enterprise,North America,E-commerce,6199.12,4,25.25,0.5,66.0,0,0,1,36.3,0.010869413
CUST-11712,Starter,North America,FinTech,95.94,10,23.1,0.6,53.8,0,0,1,14.5,0.032808736
CUST-11713,Growth,MEA,Manufacturing,1230.97,18,26.72222222222222,0.7222222222222222,69.33333333333333,0,1,2,9.4,0.60419023
CUST-11714,Growth,LATAM,Healthcare,833.64,11,31.818181818181817,3.4545454545454546,87.0909090909091,0,1,1,16.6,0.009540137
CUST-11715,Starter,Europe,Education,204.13,14,19.428571428571427,0.5714285714285714,45.57142857142857,0,1,0,44.5,0.18413252
CUST-11716,Starter,APAC,Healthcare,82.63,24,10.875,0.0833333333333333,43.125,0,0,2,4.6,0.6016856
CUST-11717,Enterprise,Europe,FinTech,3102.08,15,24.0,3.6,66.53333333333333,0,0,1,15.8,0.0964713
CUST-11718,Starter,North America,Media,116.97,8,34.5,0.625,89.25,0,0,1,4.2,0.11203864
CUST-11719,Enterprise,North America,E-commerce,4226.4,10,27.8,2.5,59.5,0,1,2,5.3,0.7654377
CUST-11720,Enterprise,LATAM,SaaS/Tech,5086.13,7,30.857142857142858,0.7142857142857143,68.28571428571429,0,0,1,36.0,0.16287173
CUST-11721,Starter,North America,SaaS/Tech,49.21,4,27.0,1.0,62.0,1,0,0,73.6,0.012652748
CUST-11722,Enterprise,Europe,SaaS/Tech,1213.01,9,13.22222222222222,0.7777777777777778,41.55555555555556,0,0,1,12.0,0.044328965
CUST-11723,Growth,LATAM,Education,846.86,3,16.0,1.0,43.66666666666666,1,0,0,80.7,0.0015660798
CUST-11724,Starter,Europe,Education,209.21,24,29.541666666666668,0.2916666666666667,68.79166666666667,0,1,2,0.9,0.9259694
CUST-11725,Enterprise,APAC,Media,9371.16,17,29.11764705882353,0.5882352941176471,59.41176470588236,0,1,2,13.4,0.66559964
CUST-11726,Starter,APAC,Media,150.93,4,42.0,1.0,82.5,1,0,0,81.1,0.03373542
CUST-11727,Growth,Europe,E-commerce,592.48,16,28.0625,1.5,66.75,0,0,1,4.1,0.42047533
CUST-11728,Growth,North America,Manufacturing,783.45,19,9.63157894736842,1.0,26.526315789473685,0,0,1,7.2,0.034678664
CUST-11729,Growth,APAC,SaaS/Tech,572.83,17,35.11764705882353,0.7058823529411765,73.0,0,0,1,13.5,0.26614028
CUST-11730,Enterprise,Europe,SaaS/Tech,1779.2,3,27.33333333333333,0.3333333333333333,44.0,0,0,1,14.9,0.006373056
CUST-11731,Growth,LATAM,E-commerce,860.88,21,20.09523809523809,0.1428571428571428,51.61904761904762,0,1,2,0.4,0.9593863
CUST-11732,Enterprise,Europe,Professional Services,5115.55,24,23.416666666666668,2.125,57.41666666666666,0,1,2,1.1,0.82904375
CUST-11733,Growth,APAC,Manufacturing,1019.29,12,28.58333333333333,1.0833333333333333,63.5,0,1,2,12.5,0.5740595
CUST-11734,Enterprise,APAC,Professional Services,7872.09,4,25.0,0.25,74.25,0,0,1,15.6,0.040184926
CUST-11735,Starter,North America,SaaS/Tech,103.49,9,16.444444444444443,0.4444444444444444,26.33333333333333,1,0,0,64.2,0.024369795
CUST-11736,Enterprise,North America,Manufacturing,5949.96,14,29.142857142857142,1.2142857142857142,63.57142857142857,0,0,1,14.4,0.2310923
CUST-11737,Enterprise,APAC,Professional Services,5525.01,23,14.217391304347826,2.565217391304348,35.73913043478261,0,0,1,4.4,0.19547999
CUST-11738,Starter,APAC,Media,92.77,3,16.333333333333332,1.3333333333333333,37.66666666666666,1,0,0,85.9,0.0024607177
CUST-11739,Starter,North America,E-commerce,142.71,15,38.8,0.4,79.06666666666666,0,0,1,3.3,0.1025935
CUST-11740,Growth,North America,Media,788.46,13,36.84615384615385,0.3846153846153846,88.61538461538461,0,1,1,3.4,0.027043622
CUST-11741,Enterprise,MEA,Media,2917.93,5,24.4,0.4,60.8,0,0,1,7.7,0.18582849
CUST-11742,Growth,LATAM,E-commerce,213.7,3,18.666666666666668,1.0,52.0,0,0,0,58.2,0.0077029066
CUST-11743,Growth,MEA,SaaS/Tech,924.67,7,36.42857142857143,1.0,80.0,0,0,1,10.4,0.0640957
CUST-11744,Growth,APAC,Media,574.31,21,23.33333333333333,1.7142857142857142,58.23809523809524,0,1,2,1.9,0.7772795
CUST-11745,Starter,APAC,Professional Services,68.42,19,22.0,0.7368421052631579,45.63157894736842,1,1,0,45.1,0.24391605
CUST-11746,Growth,North America,SaaS/Tech,711.6,12,23.0,0.5,72.41666666666667,0,0,1,4.1,0.20384938
CUST-11747,Starter,LATAM,Professional Services,56.77,3,20.0,1.3333333333333333,45.333333333333336,1,0,0,64.8,0.0061045913
CUST-11748,Starter,APAC,E-commerce,129.57,5,24.8,2.2,66.6,0,0,0,57.4,0.026715824
CUST-11749,Starter,Europe,Media,180.75,6,24.0,0.5,63.333333333333336,1,1,0,56.4,0.03434822
CUST-11750,Starter,North America,Healthcare,91.23,17,33.76470588235294,0.7647058823529411,75.23529411764706,0,0,1,10.7,0.24152264
CUST-11751,Enterprise,APAC,Healthcare,4883.25,5,23.2,2.8,57.4,0,0,1,3.9,0.042078633
CUST-11752,Enterprise,Europe,SaaS/Tech,3190.62,15,9.466666666666669,3.4,35.266666666666666,0,0,1,11.7,0.14231695
CUST-11753,Growth,North America,Media,560.62,1,30.0,0.0,47.0,1,0,0,98.9,0.002716138
CUST-11754,Starter,North America,Professional Services,146.35,16,23.8125,0.875,54.25,0,0,1,3.3,0.17783299
CUST-11755,Starter,Europe,Professional Services,160.56,22,19.13636363636364,0.7272727272727273,46.31818181818182,0,0,1,2.3,0.106804155
CUST-11756,Starter,APAC,Education,77.03,1,20.0,0.0,77.0,1,0,0,99.3,0.0011492339
CUST-11757,Starter,North America,Healthcare,109.11,8,18.5,1.0,41.625,1,0,0,63.2,0.035144594
CUST-11758,Growth,North America,Education,492.97,12,22.33333333333333,0.5833333333333334,59.083333333333336,0,0,1,17.7,0.076722525
CUST-11759,Growth,MEA,Media,584.6,14,23.714285714285715,1.4285714285714286,53.0,0,0,1,2.2,0.12569472
CUST-11760,Starter,North America,Media,47.19,21,37.85714285714285,0.8571428571428571,88.9047619047619,0,0,1,4.8,0.22163908
CUST-11761,Enterprise,North America,Education,5300.87,2,34.0,1.0,68.5,0,0,1,14.4,0.013082776
CUST-11762,Starter,APAC,Education,125.18,13,30.76923076923077,2.3076923076923075,65.07692307692308,0,0,1,20.6,0.11724236
CUST-11763,Growth,North America,FinTech,832.17,5,24.4,2.6,69.8,0,0,0,50.7,0.06715631
CUST-11764,Enterprise,North America,Healthcare,7486.2,3,20.666666666666668,3.0,62.333333333333336,0,0,1,19.7,0.00745799
CUST-11765,Growth,APAC,SaaS/Tech,683.71,7,23.0,0.1428571428571428,50.57142857142857,0,0,1,10.5,0.04876532
CUST-11766,Starter,APAC,Professional Services,54.55,17,26.647058823529413,1.1176470588235294,55.76470588235294,0,0,1,3.2,0.14996098
CUST-11767,Starter,APAC,E-commerce,82.94,2,10.5,1.5,48.5,1,0,0,67.5,0.0023797087
CUST-11768,Starter,North America,E-commerce,142.16,3,8.666666666666666,5.0,32.666666666666664,1,0,0,82.8,0.0039050223
CUST-11769,Enterprise,Europe,Education,1115.78,9,26.33333333333333,0.6666666666666666,62.333333333333336,0,0,1,20.9,0.24990717
CUST-11770,Enterprise,North America,E-commerce,3038.45,6,22.5,1.0,60.0,0,1,2,8.5,0.563538
CUST-11771,Growth,MEA,Media,545.68,4,18.0,1.0,44.5,0,0,1,39.3,0.0046483884
CUST-11772,Starter,North America,FinTech,118.68,1,19.0,5.0,59.0,1,0,0,98.6,0.0010796512
CUST-11773,Enterprise,North America,Manufacturing,3331.51,1,34.0,1.0,78.0,1,0,0,96.8,0.012493415
CUST-11774,Starter,North America,Professional Services,129.56,12,39.833333333333336,0.6666666666666666,86.5,0,0,1,8.0,0.08001956
CUST-11775,Starter,Europe,Education,87.51,8,17.5,3.125,54.125,1,0,0,68.9,0.025885912
CUST-11776,Starter,North America,Education,159.03,3,22.0,2.0,41.66666666666666,1,0,0,79.6,0.0036775842
CUST-11777,Starter,Europe,Education,162.39,1,34.0,0.0,60.0,1,0,0,98.7,0.0031757515
CUST-11778,Starter,LATAM,Education,165.87,2,31.0,2.0,80.5,1,0,0,78.2,0.008431294
CUST-11779,Growth,North America,Education,329.26,6,14.0,0.3333333333333333,37.833333333333336,1,0,0,83.9,0.00957583
CUST-11780,Starter,North America,Manufacturing,61.82,1,21.0,0.0,74.0,1,0,0,98.8,0.0011705778
CUST-11781,Growth,North America,Professional Services,904.29,15,24.666666666666668,0.6,62.66666666666666,0,0,1,27.1,0.14298403
CUST-11782,Growth,APAC,Media,241.53,19,6.105263157894737,1.263157894736842,13.31578947368421,0,0,1,6.6,0.06508269
CUST-11783,Starter,Europe,Media,67.98,16,17.5625,0.1875,49.5625,0,0,1,9.7,0.04341984
CUST-11784,Enterprise,North America,Healthcare,7232.96,3,22.33333333333333,1.0,51.66666666666666,1,0,0,74.0,0.007058638
CUST-11785,Growth,APAC,Manufacturing,898.4,7,14.142857142857142,3.571428571428572,29.285714285714285,1,0,0,77.1,0.013317534
CUST-11786,Starter,LATAM,Manufacturing,63.49,16,28.4375,0.125,68.5,0,0,2,22.0,0.43569154
CUST-11787,Growth,North America,FinTech,330.93,12,16.416666666666668,0.1666666666666666,46.41666666666666,1,0,1,34.2,0.20483182
CUST-11788,Enterprise,Europe,SaaS/Tech,4249.9,16,16.5,1.75,42.5,0,1,1,2.9,0.41068017
CUST-11789,Starter,North America,Media,85.14,4,20.75,1.25,59.0,0,0,1,25.9,0.022986647
CUST-11790,Enterprise,North America,Media,3762.23,2,27.5,1.0,49.5,0,0,1,15.2,0.007579754
CUST-11791,Growth,APAC,Professional Services,166.71,15,15.666666666666666,5.0,56.2,0,0,1,13.1,0.0537822
CUST-11792,Enterprise,LATAM,Education,4045.64,14,26.714285714285715,1.6428571428571428,69.85714285714286,0,0,2,3.8,0.49360904
CUST-11793,Growth,Europe,Media,599.97,17,28.176470588235293,1.1176470588235294,61.88235294117647,1,1,2,34.3,0.42159918
CUST-11794,Starter,APAC,Media,161.98,6,22.166666666666668,2.0,63.16666666666666,1,0,1,32.8,0.07293341
CUST-11795,Starter,North America,Professional Services,182.16,19,32.26315789473684,0.2105263157894736,72.10526315789474,0,0,1,15.8,0.3265508
CUST-11796,Growth,APAC,Manufacturing,541.34,6,24.83333333333333,0.6666666666666666,34.333333333333336,0,0,1,29.0,0.01158461
CUST-11797,Starter,Europe,Healthcare,174.39,6,28.666666666666668,0.5,64.16666666666667,0,0,1,13.8,0.020273756
CUST-11798,Starter,APAC,Manufacturing,102.62,22,20.045454545454547,0.3181818181818182,55.31818181818182,0,1,1,8.3,0.29475096
CUST-11799,Starter,Europe,Professional Services,87.86,15,30.8,0.9333333333333332,62.86666666666667,0,1,2,15.9,0.42555374
