customer_id,plan_tier,base_mrr,signup_month_idx,industry,region,acquisition_channel,company_size_employees,has_csm,month_idx,tenure_months,current_mrr,status,logins_per_month,active_seats_pct,features_adopted,support_tickets,nps_score,avg_logins,avg_support_tickets,avg_nps,n_expansion_events,n_contraction_events,months_observed,churned,net_mrr_change_pct,expanded,health_class
CUST-10000,Starter,191.61,10,Media,Europe,Paid Search,33,False,12,3,191.61,churned,24,0.86,8,1,77,25.333333333333332,0.6666666666666666,62.666666666666664,0,0,3,1,0.0,0,0
CUST-10001,Starter,194.49,11,Manufacturing,North America,Partner/Referral,74,False,20,10,194.49,churned,25,0.578,8,3,63,25.6,1.3,70.7,0,0,10,1,0.0,0,0
CUST-10002,Starter,127.71,11,SaaS/Tech,North America,Outbound Sales,13,False,11,1,127.71,churned,28,0.889,9,1,95,28.0,1.0,95.0,0,0,1,1,0.0,0,0
CUST-10003,Starter,62.59,18,FinTech,Europe,Inbound/Organic,21,True,23,6,62.59,active,23,0.404,7,0,20,21.666666666666668,0.8333333333333334,33.166666666666664,0,0,6,0,0.0,0,1
CUST-10004,Growth,336.25,6,E-commerce,LATAM,Partner/Referral,2,True,6,1,336.25,churned,31,0.911,13,1,87,31.0,1.0,87.0,0,0,1,1,0.0,0,0
CUST-10005,Starter,85.15,6,FinTech,Europe,Outbound Sales,84,False,7,2,85.15,churned,29,0.79,11,2,65,30.5,1.0,67.5,0,0,2,1,0.0,0,0
CUST-10006,Starter,148.38,1,Manufacturing,Europe,Paid Search,14,False,23,23,148.38,active,25,0.539,6,1,54,23.73913043478261,1.3043478260869565,54.30434782608695,0,0,23,0,0.0,0,1
CUST-10007,Starter,108.27,3,Manufacturing,APAC,Partner/Referral,26,True,6,4,108.27,churned,17,0.477,3,1,28,16.75,1.0,37.25,0,0,4,1,0.0,0,0
CUST-10008,Starter,107.3,17,Professional Services,APAC,Paid Search,27,False,23,7,107.3,active,21,0.549,6,2,65,22.428571428571427,4.142857142857143,55.0,0,0,7,0,0.0,0,1
CUST-10009,Starter,73.79,6,SaaS/Tech,APAC,Partner/Referral,38,False,14,9,88.87,churned,20,0.443,9,2,57,24.88888888888889,3.6666666666666665,61.666666666666664,1,0,9,1,20.436373492343133,1,0
CUST-10010,Starter,78.83,7,Healthcare,APAC,Outbound Sales,19,True,23,17,94.79,active,18,0.358,5,0,24,12.941176470588236,1.7058823529411764,34.94117647058823,1,0,17,0,20.246099200811884,1,2
CUST-10011,Enterprise,5363.09,1,SaaS/Tech,North America,Product-Led Trial,12,True,23,23,4693.25,active,24,0.604,5,0,58,17.869565217391305,0.043478260869565216,59.30434782608695,1,1,23,0,-12.489814640440494,0,1
CUST-10012,Growth,709.41,2,SaaS/Tech,North America,Outbound Sales,36,False,23,22,709.41,active,8,0.401,4,1,58,14.681818181818182,0.3181818181818182,40.90909090909091,0,0,22,0,0.0,0,1
CUST-10013,Growth,617.66,14,E-commerce,North America,Product-Led Trial,133,False,23,10,617.66,active,6,0.41,3,3,57,14.6,2.8,54.7,0,0,10,0,0.0,0,1
CUST-10014,Enterprise,4327.59,3,Manufacturing,North America,Product-Led Trial,5,True,23,21,3548.13,active,7,0.211,1,0,0,5.904761904761905,0.6190476190476191,17.857142857142858,0,1,21,0,-18.011410507927046,0,1
CUST-10015,Enterprise,5192.06,18,Manufacturing,LATAM,Paid Search,30,True,23,6,5192.06,active,6,0.442,7,0,28,14.666666666666666,2.0,43.833333333333336,0,0,6,0,0.0,0,1
CUST-10016,Enterprise,5433.83,5,FinTech,APAC,Partner/Referral,70,True,23,19,6927.65,active,14,0.328,1,0,39,14.842105263157896,0.42105263157894735,41.526315789473685,1,0,19,0,27.49110664117206,1,2
CUST-10017,Starter,67.31,6,Manufacturing,North America,Inbound/Organic,19,False,23,18,67.31,active,25,0.419,4,2,58,18.27777777777778,0.8888888888888888,46.55555555555556,0,0,18,0,0.0,0,1
CUST-10018,Starter,101.89,2,Professional Services,North America,Outbound Sales,5,True,3,2,101.89,churned,8,0.173,4,3,45,11.0,3.5,35.0,0,0,2,1,0.0,0,0
CUST-10019,Starter,190.44,21,Media,Europe,Inbound/Organic,15,False,23,3,190.44,active,16,0.585,5,0,72,20.666666666666668,0.3333333333333333,76.0,0,0,3,0,0.0,0,1
CUST-10020,Starter,87.09,11,Manufacturing,APAC,Outbound Sales,7,True,23,13,87.09,active,14,0.622,7,2,65,22.153846153846153,3.3846153846153846,43.69230769230769,0,0,13,0,0.0,0,1
CUST-10021,Growth,601.64,21,Professional Services,North America,Inbound/Organic,8,False,23,3,601.64,active,27,0.856,10,0,90,30.333333333333332,1.3333333333333333,84.33333333333333,0,0,3,0,0.0,0,1
CUST-10022,Growth,624.22,5,Media,Europe,Outbound Sales,5,False,23,19,479.42,active,30,0.703,9,1,39,24.36842105263158,1.1578947368421053,60.73684210526316,0,1,19,0,-23.196949793342093,0,1
CUST-10023,Growth,985.76,21,Healthcare,APAC,Inbound/Organic,11,False,23,3,985.76,active,25,0.746,12,2,83,23.0,1.6666666666666667,72.66666666666667,0,0,3,0,0.0,0,1
CUST-10024,Growth,755.95,2,FinTech,North America,Partner/Referral,24,False,20,19,928.73,churned,26,0.85,6,0,89,29.473684210526315,0.0,74.78947368421052,1,0,19,1,22.856008995303917,1,0
CUST-10025,Growth,339.32,0,Media,North America,Paid Search,16,False,23,24,401.0,active,35,0.914,9,0,62,38.25,0.5,81.95833333333333,2,1,24,0,18.17753153365555,1,2
CUST-10026,Growth,787.44,17,Professional Services,Europe,Paid Search,60,False,23,7,787.44,active,10,0.154,1,1,7,7.0,2.0,36.0,0,0,7,0,0.0,0,1
CUST-10027,Growth,623.19,1,SaaS/Tech,North America,Partner/Referral,6,False,23,23,785.01,active,45,0.79,14,0,94,34.56521739130435,1.1304347826086956,82.6086956521739,2,1,23,0,25.96639869060799,1,2
CUST-10028,Enterprise,2320.95,8,Healthcare,APAC,Outbound Sales,17,True,23,16,3058.85,active,32,0.601,7,2,66,16.6875,1.3125,51.8125,2,0,16,0,31.793015790947678,1,2
CUST-10029,Enterprise,6956.5,16,Media,APAC,Partner/Referral,79,True,23,8,6956.5,active,16,0.615,8,1,81,29.5,0.75,70.5,0,0,8,0,0.0,0,1
CUST-10030,Growth,497.45,2,SaaS/Tech,North America,Paid Search,2,False,23,22,604.37,active,36,0.818,8,1,59,35.54545454545455,0.6363636363636364,72.4090909090909,2,1,22,0,21.493617448989852,1,2
CUST-10031,Starter,51.71,13,Education,North America,Outbound Sales,10,False,23,11,51.71,active,19,0.601,6,4,50,25.454545454545453,2.4545454545454546,56.54545454545455,0,0,11,0,0.0,0,1
CUST-10032,Growth,274.85,18,Manufacturing,North America,Product-Led Trial,66,False,23,6,274.85,active,5,0.384,7,2,49,16.5,1.8333333333333333,42.833333333333336,0,0,6,0,0.0,0,1
CUST-10033,Starter,145.77,14,Media,LATAM,Partner/Referral,23,False,23,10,145.77,active,37,0.847,9,0,61,35.4,1.0,79.3,0,0,10,0,0.0,0,1
CUST-10034,Starter,52.65,16,Media,North America,Partner/Referral,3,False,23,8,52.65,active,34,0.77,9,0,79,23.25,0.75,75.25,0,0,8,0,0.0,0,1
CUST-10035,Growth,961.5,16,Manufacturing,MEA,Outbound Sales,18,False,23,8,1284.45,active,31,0.764,8,0,78,26.625,0.5,77.75,1,0,8,0,33.58814352574103,1,2
CUST-10036,Starter,94.85,22,SaaS/Tech,North America,Paid Search,53,False,23,2,94.85,active,33,0.494,8,2,46,27.5,1.5,45.0,0,0,2,0,0.0,0,1
CUST-10037,Growth,277.64,14,Manufacturing,North America,Outbound Sales,27,False,23,10,299.45,active,23,0.595,8,0,67,22.5,1.3,53.4,1,0,10,0,7.855496326177786,1,2
CUST-10038,Starter,176.3,8,Healthcare,APAC,Product-Led Trial,11,False,23,16,176.3,active,34,1.0,12,0,82,39.0,0.4375,85.4375,0,0,16,0,0.0,0,1
CUST-10039,Growth,265.19,6,SaaS/Tech,Europe,Partner/Referral,3,False,23,18,327.75,active,26,0.739,6,2,37,26.0,1.2777777777777777,52.666666666666664,1,0,18,0,23.590633130962708,1,2
CUST-10040,Growth,835.84,11,Healthcare,North America,Partner/Referral,4,False,11,1,835.84,churned,39,0.828,7,2,73,39.0,2.0,73.0,0,0,1,1,0.0,0,0
CUST-10041,Starter,72.26,21,E-commerce,LATAM,Inbound/Organic,221,True,23,3,72.26,active,31,0.535,6,1,75,18.666666666666668,2.0,69.66666666666667,0,0,3,0,0.0,0,1
CUST-10042,Enterprise,3521.33,4,SaaS/Tech,APAC,Partner/Referral,44,True,23,20,7049.64,active,11,0.421,5,1,32,14.3,1.5,42.8,3,0,20,0,100.19822055870937,1,2
CUST-10043,Starter,56.75,19,Manufacturing,Europe,Partner/Referral,6,True,23,5,56.75,active,14,0.485,8,0,53,26.0,1.0,67.2,0,0,5,0,0.0,0,1
CUST-10044,Enterprise,6002.17,18,SaaS/Tech,North America,Outbound Sales,10,True,23,6,8116.86,active,26,0.342,8,0,68,24.166666666666668,0.8333333333333334,65.5,2,0,6,0,35.23209106039982,1,2
CUST-10045,Starter,193.4,22,Professional Services,APAC,Product-Led Trial,21,True,23,2,193.4,active,33,0.889,5,1,81,27.0,1.5,75.0,0,0,2,0,0.0,0,1
CUST-10046,Enterprise,4096.47,21,Media,North America,Product-Led Trial,37,True,23,3,4096.47,active,9,0.701,6,0,43,22.0,1.3333333333333333,50.0,0,0,3,0,0.0,0,1
CUST-10047,Growth,535.26,11,E-commerce,North America,Product-Led Trial,150,True,23,13,535.26,active,39,0.906,13,0,88,36.15384615384615,0.8461538461538461,79.76923076923077,0,0,13,0,0.0,0,1
CUST-10048,Starter,62.77,14,SaaS/Tech,North America,Partner/Referral,52,False,23,10,62.77,active,20,0.606,7,1,42,24.7,1.0,54.9,0,0,10,0,0.0,0,1
CUST-10049,Growth,719.17,9,Manufacturing,Europe,Paid Search,47,False,23,15,635.74,active,15,0.558,3,0,86,18.733333333333334,0.0,48.733333333333334,1,1,15,0,-11.600873228861042,0,1
CUST-10050,Starter,189.02,0,Media,Europe,Partner/Referral,45,False,23,24,190.16,active,18,0.647,5,1,35,27.458333333333332,0.375,63.916666666666664,1,1,24,0,0.6031107819278311,0,1
CUST-10051,Enterprise,5454.83,19,Media,Europe,Outbound Sales,28,True,23,5,5454.83,active,19,0.549,5,1,27,22.8,0.4,48.0,0,0,5,0,0.0,0,1
CUST-10052,Growth,566.14,18,Healthcare,LATAM,Outbound Sales,42,False,23,6,566.14,active,18,0.758,6,0,70,22.833333333333332,0.6666666666666666,59.833333333333336,0,0,6,0,0.0,0,1
CUST-10053,Starter,81.19,13,E-commerce,North America,Paid Search,78,False,18,6,81.19,churned,17,0.857,11,1,63,25.666666666666668,2.1666666666666665,73.33333333333333,0,0,6,1,0.0,0,0
CUST-10054,Starter,96.85,9,E-commerce,North America,Outbound Sales,12,False,17,9,96.85,churned,37,1.0,9,2,66,38.666666666666664,1.3333333333333333,87.22222222222223,0,0,9,1,0.0,0,0
CUST-10055,Growth,901.1,3,SaaS/Tech,APAC,Inbound/Organic,16,False,14,12,1081.65,churned,16,0.349,1,2,39,15.75,1.75,37.416666666666664,1,0,12,1,20.036621906558658,1,0
CUST-10056,Starter,134.28,2,SaaS/Tech,APAC,Partner/Referral,100,False,23,22,105.88,active,7,0.4,1,1,53,20.954545454545453,1.3636363636363635,54.13636363636363,0,1,22,0,-21.14983616324099,0,1
CUST-10057,Enterprise,7008.89,16,Professional Services,APAC,Inbound/Organic,12,True,23,8,5296.7,active,0,0.355,2,3,27,9.25,2.0,29.5,0,1,8,0,-24.4288325255497,0,1
CUST-10058,Starter,105.66,16,Manufacturing,Europe,Inbound/Organic,51,False,23,8,142.45,active,46,0.864,8,0,97,34.875,1.0,69.875,1,0,8,0,34.819231497255345,1,2
CUST-10059,Starter,184.81,11,SaaS/Tech,North America,Partner/Referral,17,False,12,2,184.81,churned,28,0.625,9,1,70,30.0,1.5,67.5,0,0,2,1,0.0,0,0
CUST-10060,Growth,558.31,2,FinTech,North America,Outbound Sales,16,False,8,7,558.31,churned,28,0.839,9,2,84,17.571428571428573,0.7142857142857143,75.42857142857143,0,0,7,1,0.0,0,0
CUST-10061,Enterprise,7971.52,4,Healthcare,LATAM,Outbound Sales,32,True,23,20,19493.45,active,8,0.764,6,1,57,23.1,0.7,53.1,4,0,20,0,144.5386827104492,1,2
CUST-10062,Growth,973.95,8,E-commerce,APAC,Inbound/Organic,15,False,23,16,1244.29,active,19,0.556,4,2,30,21.3125,1.375,46.0625,1,0,16,0,27.75707171826068,1,2
CUST-10063,Growth,265.0,4,Manufacturing,MEA,Product-Led Trial,30,False,6,3,265.0,churned,16,0.356,1,7,49,14.666666666666666,5.0,47.333333333333336,0,0,3,1,0.0,0,0
CUST-10064,Enterprise,7630.74,12,FinTech,North America,Partner/Referral,2,True,23,12,6743.39,active,30,0.998,11,2,54,29.583333333333332,2.75,57.0,1,2,12,0,-11.628623174161346,0,1
CUST-10065,Enterprise,1778.38,2,Education,North America,Partner/Referral,137,True,23,22,1455.75,active,10,0.33,6,0,39,21.227272727272727,0.045454545454545456,59.63636363636363,1,2,22,0,-18.141791967970853,0,1
CUST-10066,Growth,792.04,7,Education,APAC,Inbound/Organic,7,False,23,17,792.04,active,13,0.381,5,3,26,10.647058823529411,5.882352941176471,23.705882352941178,0,0,17,0,0.0,0,1
CUST-10067,Growth,266.23,0,Manufacturing,Europe,Paid Search,56,True,14,15,266.23,churned,29,0.721,10,1,44,31.066666666666666,0.7333333333333333,67.4,0,0,15,1,0.0,0,0
CUST-10068,Enterprise,1302.12,20,Media,Europe,Outbound Sales,20,True,23,4,1302.12,active,45,0.847,12,2,100,40.5,1.75,90.5,0,0,4,0,0.0,0,1
CUST-10069,Growth,260.27,14,SaaS/Tech,North America,Inbound/Organic,33,False,23,10,260.27,active,28,0.442,4,3,41,13.4,1.4,40.4,0,0,10,0,0.0,0,1
CUST-10070,Growth,920.03,10,FinTech,MEA,Partner/Referral,17,False,23,14,1230.83,active,29,0.952,13,1,83,29.785714285714285,1.1428571428571428,65.5,1,0,14,0,33.78150712476767,1,2
CUST-10071,Growth,510.23,17,FinTech,North America,Inbound/Organic,10,False,23,7,680.71,churned,7,0.533,4,1,65,19.428571428571427,1.4285714285714286,58.0,1,0,7,1,33.412382650961334,1,0
CUST-10072,Growth,225.82,8,SaaS/Tech,Europe,Product-Led Trial,9,False,21,14,176.47,churned,27,0.463,5,5,44,19.5,1.2857142857142858,47.142857142857146,1,1,14,1,-21.853688778673277,0,0
CUST-10073,Enterprise,7648.6,4,Professional Services,LATAM,Paid Search,42,True,23,20,9700.47,active,30,0.511,5,0,71,20.0,0.3,50.8,1,0,20,0,26.826739534032356,1,2
CUST-10074,Enterprise,7062.45,12,Education,North America,Inbound/Organic,21,True,23,12,7506.32,active,37,0.55,8,3,73,33.333333333333336,3.6666666666666665,72.25,1,0,12,0,6.28492945082797,1,2
CUST-10075,Enterprise,3637.17,21,Healthcare,APAC,Product-Led Trial,131,True,23,3,4764.07,active,33,0.837,11,2,76,23.0,2.0,73.0,1,0,3,0,30.982879546460563,1,2
CUST-10076,Starter,54.52,0,Education,North America,Partner/Referral,24,False,23,24,41.3,active,28,0.59,6,0,52,21.458333333333332,0.75,51.583333333333336,0,1,24,0,-24.24798239178284,0,1
CUST-10077,Enterprise,6947.53,16,Education,Europe,Inbound/Organic,25,True,23,8,8729.19,active,21,0.833,5,1,78,27.75,1.0,75.625,1,0,8,0,25.64450963148055,1,2
CUST-10078,Enterprise,5243.22,0,SaaS/Tech,APAC,Paid Search,9,True,23,24,8790.91,active,16,0.87,12,1,60,24.625,0.4583333333333333,60.125,3,0,24,0,67.66242881282875,1,2
CUST-10079,Growth,615.73,21,Healthcare,Europe,Partner/Referral,17,False,23,3,615.73,active,34,0.819,8,3,68,26.0,2.6666666666666665,68.66666666666667,0,0,3,0,0.0,0,1
CUST-10080,Enterprise,1618.86,16,Media,Europe,Product-Led Trial,126,True,23,8,1618.86,active,10,0.507,4,3,52,24.75,2.75,48.0,0,0,8,0,0.0,0,1
CUST-10081,Starter,69.46,1,Manufacturing,Europe,Paid Search,64,False,4,4,69.46,churned,17,0.574,9,1,48,19.5,1.5,60.75,0,0,4,1,0.0,0,0
CUST-10082,Starter,184.62,19,SaaS/Tech,Europe,Partner/Referral,31,False,19,1,184.62,churned,18,0.369,6,0,33,18.0,0.0,33.0,0,0,1,1,0.0,0,0
CUST-10083,Growth,567.02,16,E-commerce,APAC,Partner/Referral,3,False,23,8,567.02,active,32,0.659,2,1,31,21.5,0.875,49.25,0,0,8,0,0.0,0,1
CUST-10084,Enterprise,4448.33,12,Manufacturing,Europe,Outbound Sales,36,True,23,12,5212.84,active,32,0.596,7,2,74,25.916666666666668,1.0,61.833333333333336,1,0,12,0,17.186449746309293,1,2
CUST-10085,Starter,100.85,2,Media,Europe,Product-Led Trial,8,False,22,21,100.85,churned,29,0.986,13,0,85,33.57142857142857,0.38095238095238093,80.66666666666667,0,0,21,1,0.0,0,0
CUST-10086,Growth,378.86,20,Education,North America,Paid Search,21,False,23,4,378.86,active,18,0.159,1,3,43,23.0,2.5,52.25,0,0,4,0,0.0,0,1
CUST-10087,Starter,124.51,12,Healthcare,North America,Inbound/Organic,7,False,22,11,124.51,churned,36,0.936,7,2,85,24.727272727272727,1.9090909090909092,55.63636363636363,0,0,11,1,0.0,0,0
CUST-10088,Growth,608.81,10,Professional Services,North America,Inbound/Organic,62,False,23,14,608.81,active,40,0.902,6,4,60,29.714285714285715,4.571428571428571,64.42857142857143,0,0,14,0,0.0,0,1
CUST-10089,Starter,80.4,21,Manufacturing,Europe,Paid Search,12,False,23,3,80.4,active,0,0.05,1,1,-21,2.6666666666666665,0.3333333333333333,-7.0,0,0,3,0,0.0,0,1
CUST-10090,Starter,86.87,6,Healthcare,LATAM,Outbound Sales,8,False,16,11,93.36,churned,39,0.628,10,0,69,32.27272727272727,1.1818181818181819,71.63636363636364,1,0,11,1,7.47093357891101,1,0
CUST-10091,Growth,393.73,22,Education,North America,Inbound/Organic,26,False,23,2,393.73,active,11,0.349,2,0,32,12.0,1.5,41.0,0,0,2,0,0.0,0,1
CUST-10092,Starter,129.3,16,Education,Europe,Partner/Referral,107,False,23,8,129.3,active,27,1.0,9,0,66,38.375,0.25,80.5,0,0,8,0,0.0,0,1
CUST-10093,Growth,788.72,14,Media,Europe,Partner/Referral,5,True,23,10,870.85,active,17,0.31,3,2,40,16.4,1.2,34.8,1,0,10,0,10.413074348311186,1,2
CUST-10094,Starter,103.46,1,Healthcare,North America,Product-Led Trial,42,True,8,8,103.46,churned,34,0.905,8,0,85,32.0,0.375,68.375,0,0,8,1,0.0,0,0
CUST-10095,Starter,103.8,15,FinTech,APAC,Inbound/Organic,19,True,23,9,103.8,active,30,0.632,10,1,49,26.0,1.0,58.55555555555556,0,0,9,0,0.0,0,1
CUST-10096,Growth,527.91,3,Media,North America,Paid Search,58,True,23,21,955.81,active,40,0.962,11,2,63,38.04761904761905,1.2380952380952381,80.80952380952381,2,0,21,0,81.05548294216818,1,2
CUST-10097,Enterprise,4435.24,5,Healthcare,APAC,Paid Search,28,True,16,12,8218.13,churned,7,0.594,5,0,48,22.916666666666668,0.5833333333333334,67.75,3,0,12,1,85.291664036219,1,0
CUST-10098,Growth,656.72,18,Education,APAC,Paid Search,10,False,20,3,656.72,churned,15,0.433,1,0,49,13.333333333333334,0.3333333333333333,46.666666666666664,0,0,3,1,0.0,0,0
CUST-10099,Starter,66.23,13,Media,North America,Outbound Sales,3,False,20,8,66.23,churned,24,0.825,14,0,76,33.25,0.25,72.375,0,0,8,1,0.0,0,0
CUST-10100,Starter,138.08,5,E-commerce,Europe,Product-Led Trial,74,False,12,8,138.08,churned,7,0.313,1,5,36,9.625,4.125,35.125,0,0,8,1,0.0,0,0
CUST-10101,Growth,807.42,10,Professional Services,Europe,Outbound Sales,13,False,23,14,727.76,active,35,0.741,7,0,68,29.928571428571427,1.0714285714285714,63.642857142857146,1,1,14,0,-9.865992915706816,0,1
CUST-10102,Enterprise,6814.34,11,E-commerce,North America,Outbound Sales,26,True,23,13,9828.62,active,23,0.554,4,3,71,20.384615384615383,0.9230769230769231,44.46153846153846,2,0,13,0,44.23436458996763,1,2
CUST-10103,Growth,872.62,7,Healthcare,APAC,Partner/Referral,20,False,23,17,1130.54,active,20,0.73,6,0,25,24.941176470588236,0.35294117647058826,56.23529411764706,1,0,17,0,29.556966377117185,1,2
CUST-10104,Starter,171.19,13,E-commerce,LATAM,Inbound/Organic,18,False,23,11,171.19,active,36,0.971,13,1,100,33.45454545454545,0.18181818181818182,90.36363636363636,0,0,11,0,0.0,0,1
CUST-10105,Starter,105.54,18,Education,North America,Inbound/Organic,69,False,23,6,105.54,active,3,0.458,7,0,54,15.166666666666666,0.3333333333333333,62.333333333333336,0,0,6,0,0.0,0,1
CUST-10106,Enterprise,3687.24,13,Education,LATAM,Outbound Sales,2,True,23,11,3687.24,active,21,0.657,6,1,73,27.181818181818183,1.8181818181818181,63.0,0,0,11,0,0.0,0,1
CUST-10107,Starter,158.58,9,Media,North America,Product-Led Trial,118,False,23,15,158.58,active,34,0.865,10,1,57,32.53333333333333,1.2666666666666666,71.8,0,0,15,0,0.0,0,1
CUST-10108,Growth,657.95,5,SaaS/Tech,North America,Product-Led Trial,14,False,23,19,854.67,active,32,0.949,9,0,79,38.10526315789474,0.2631578947368421,83.42105263157895,1,0,19,0,29.898928490006828,1,2
CUST-10109,Growth,594.69,9,SaaS/Tech,North America,Product-Led Trial,37,True,23,15,993.63,active,5,0.638,4,0,43,20.066666666666666,0.2,55.733333333333334,2,0,15,0,67.08369066236189,1,2
CUST-10110,Enterprise,1892.42,14,Education,Europe,Product-Led Trial,56,True,23,10,2595.16,active,30,0.771,9,1,76,26.8,1.5,57.9,2,0,10,0,37.13446275139767,1,2
CUST-10111,Growth,712.28,18,FinTech,Europe,Outbound Sales,8,False,23,6,712.28,active,36,0.949,9,0,84,36.0,0.0,68.66666666666667,0,0,6,0,0.0,0,1
CUST-10112,Enterprise,7713.52,7,Manufacturing,North America,Paid Search,29,True,23,17,7713.52,active,29,0.71,6,1,57,19.294117647058822,0.7647058823529411,55.35294117647059,0,0,17,0,0.0,0,1
CUST-10113,Growth,214.47,10,FinTech,North America,Partner/Referral,449,False,23,14,201.14,active,1,0.181,2,0,10,15.214285714285714,0.2857142857142857,40.642857142857146,0,1,14,0,-6.215321490185113,0,1
CUST-10114,Starter,146.71,16,FinTech,North America,Inbound/Organic,141,False,20,5,146.71,churned,28,0.563,7,2,65,27.8,1.8,57.4,0,0,5,1,0.0,0,0
CUST-10115,Enterprise,4155.88,13,Education,MEA,Partner/Referral,13,True,23,11,3507.69,active,32,0.665,7,2,43,24.181818181818183,3.0,57.63636363636363,0,1,11,0,-15.596937351415344,0,1
CUST-10116,Starter,187.13,21,Professional Services,North America,Product-Led Trial,114,False,22,2,187.13,churned,30,0.847,9,3,72,26.0,2.0,66.5,0,0,2,1,0.0,0,0
CUST-10117,Growth,682.37,2,Professional Services,Europe,Paid Search,11,False,10,9,682.37,churned,24,0.786,8,2,94,28.11111111111111,0.6666666666666666,73.88888888888889,0,0,9,1,0.0,0,0
CUST-10118,Starter,101.04,1,Healthcare,Europe,Outbound Sales,41,False,16,16,115.55,churned,41,0.686,7,1,60,32.875,0.6875,73.4375,1,0,16,1,14.360649247822636,1,0
CUST-10119,Starter,95.72,10,Manufacturing,North America,Paid Search,4,False,16,7,95.72,churned,27,0.564,9,2,29,25.285714285714285,0.7142857142857143,62.42857142857143,0,0,7,1,0.0,0,0
CUST-10120,Starter,193.16,16,FinTech,Europe,Partner/Referral,5,False,19,4,193.16,churned,8,0.599,7,1,56,16.25,0.5,46.25,0,0,4,1,0.0,0,0
CUST-10121,Starter,108.6,18,Healthcare,APAC,Product-Led Trial,28,False,21,4,108.6,churned,34,0.772,9,2,62,37.5,0.75,75.75,0,0,4,1,0.0,0,0
CUST-10122,Starter,174.48,18,E-commerce,North America,Outbound Sales,113,False,23,6,174.48,active,46,0.974,11,0,59,32.5,0.5,77.66666666666667,0,0,6,0,0.0,0,1
CUST-10123,Starter,132.95,3,SaaS/Tech,North America,Outbound Sales,2,False,10,8,132.95,churned,12,0.682,4,0,71,23.0,0.75,64.0,0,0,8,1,0.0,0,0
CUST-10124,Starter,145.6,0,Professional Services,MEA,Paid Search,18,False,17,18,145.6,churned,38,0.855,11,1,58,29.666666666666668,0.6111111111111112,72.0,0,0,18,1,0.0,0,0
CUST-10125,Starter,78.42,7,Manufacturing,North America,Product-Led Trial,75,False,9,3,78.42,churned,28,1.0,10,0,76,31.0,1.0,75.0,0,0,3,1,0.0,0,0
CUST-10126,Growth,390.31,1,Healthcare,North America,Outbound Sales,18,False,22,22,483.32,churned,38,0.68,7,1,58,29.272727272727273,1.3636363636363635,67.54545454545455,1,0,22,1,23.829776331633827,1,0
CUST-10127,Starter,143.99,0,Professional Services,APAC,Product-Led Trial,7,False,23,24,122.06,active,2,0.05,1,0,4,10.5,1.0,32.5,0,1,24,0,-15.230224321133415,0,1
CUST-10128,Growth,762.45,0,Professional Services,Europe,Outbound Sales,11,False,23,24,1693.48,active,24,0.946,11,0,62,28.083333333333332,0.16666666666666666,69.29166666666667,4,0,24,0,122.1103023149059,1,2
CUST-10129,Starter,142.62,5,Media,Europe,Paid Search,5,False,23,19,142.62,active,52,0.653,12,1,71,34.68421052631579,0.5789473684210527,75.73684210526316,0,0,19,0,0.0,0,1
CUST-10130,Starter,195.18,11,Media,North America,Outbound Sales,27,False,23,13,195.18,active,45,0.848,4,2,78,27.53846153846154,1.6923076923076923,69.53846153846153,0,0,13,0,0.0,0,1
CUST-10131,Starter,89.3,7,E-commerce,Europe,Inbound/Organic,28,True,23,17,116.25,active,34,0.633,6,2,92,32.588235294117645,1.0588235294117647,77.41176470588235,1,0,17,0,30.17917133258679,1,2
CUST-10132,Enterprise,7890.82,12,E-commerce,North America,Outbound Sales,28,True,23,12,10529.02,active,25,0.67,5,1,81,27.833333333333332,1.3333333333333333,72.0,1,0,12,0,33.43378761649614,1,2
CUST-10133,Enterprise,4486.64,1,SaaS/Tech,Europe,Paid Search,103,True,23,23,7097.09,active,38,0.915,12,1,100,40.34782608695652,0.43478260869565216,83.1304347826087,3,0,23,0,58.18273808462456,1,2
CUST-10134,Growth,285.16,21,Education,North America,Outbound Sales,145,False,23,3,285.16,active,24,0.716,6,1,83,32.0,1.0,90.33333333333333,0,0,3,0,0.0,0,1
CUST-10135,Starter,186.16,20,FinTech,APAC,Paid Search,138,False,23,4,186.16,active,43,0.969,9,1,51,36.25,0.5,79.25,0,0,4,0,0.0,0,1
CUST-10136,Growth,266.16,3,Healthcare,North America,Product-Led Trial,19,False,23,21,311.63,active,7,0.559,10,2,56,25.571428571428573,0.8571428571428571,54.76190476190476,1,0,21,0,17.083709047189647,1,2
CUST-10137,Growth,687.71,21,E-commerce,North America,Product-Led Trial,92,False,23,3,687.71,active,30,0.638,11,3,61,31.333333333333332,1.3333333333333333,69.33333333333333,0,0,3,0,0.0,0,1
CUST-10138,Starter,129.98,18,Healthcare,APAC,Inbound/Organic,409,False,23,6,129.98,active,15,0.933,11,4,63,24.0,2.6666666666666665,57.666666666666664,0,0,6,0,0.0,0,1
CUST-10139,Growth,285.17,8,Media,APAC,Inbound/Organic,22,False,15,8,285.17,churned,17,0.687,4,4,64,29.0,3.5,58.25,0,0,8,1,0.0,0,0
CUST-10140,Growth,567.29,2,Healthcare,North America,Partner/Referral,7,False,10,9,383.84,churned,13,0.7,8,1,41,17.555555555555557,2.6666666666666665,46.111111111111114,0,2,9,1,-32.337957658340535,0,0
CUST-10141,Starter,62.74,16,Education,APAC,Inbound/Organic,68,False,23,8,62.74,active,16,0.606,7,1,77,22.0,1.125,58.625,0,0,8,0,0.0,0,1
CUST-10142,Starter,130.29,18,Media,Europe,Inbound/Organic,100,False,18,1,130.29,churned,50,0.931,8,3,60,50.0,3.0,60.0,0,0,1,1,0.0,0,0
CUST-10143,Starter,122.41,14,Healthcare,MEA,Product-Led Trial,78,False,23,10,94.18,active,31,0.706,6,2,90,26.2,1.9,62.7,0,1,10,0,-23.06184135283064,0,1
CUST-10144,Starter,137.24,16,Professional Services,Europe,Paid Search,10,False,23,8,137.24,churned,31,0.671,11,0,62,32.5,0.125,77.0,0,0,8,1,0.0,0,0
CUST-10145,Starter,66.29,22,Education,Europe,Partner/Referral,16,False,23,2,66.29,active,35,0.806,9,1,73,31.5,1.0,51.5,0,0,2,0,0.0,0,1
CUST-10146,Starter,173.34,16,Manufacturing,Europe,Outbound Sales,9,False,23,8,173.34,active,38,0.959,10,0,88,39.75,0.5,86.0,0,0,8,0,0.0,0,1
CUST-10147,Growth,552.38,22,FinTech,Europe,Inbound/Organic,500,False,23,2,333.15,active,35,0.753,7,0,83,30.5,0.0,77.5,0,2,2,0,-39.6882580832036,0,1
CUST-10148,Growth,789.55,0,Media,Europe,Partner/Referral,26,False,7,8,789.55,churned,16,0.553,4,2,45,20.25,1.0,51.25,0,0,8,1,0.0,0,0
CUST-10149,Growth,997.35,19,Education,APAC,Product-Led Trial,79,True,23,5,997.35,active,13,0.38,6,2,57,10.2,4.2,41.8,0,0,5,0,0.0,0,1
CUST-10150,Growth,664.03,11,Professional Services,North America,Inbound/Organic,33,False,23,13,664.03,active,18,0.186,1,2,9,11.076923076923077,1.4615384615384615,26.53846153846154,0,0,13,0,0.0,0,1
CUST-10151,Starter,119.1,17,FinTech,APAC,Product-Led Trial,2,True,23,7,119.1,active,22,0.514,8,5,69,21.428571428571427,2.2857142857142856,65.85714285714286,0,0,7,0,0.0,0,1
CUST-10152,Starter,197.16,8,Professional Services,North America,Partner/Referral,72,False,9,2,197.16,churned,30,0.608,9,3,41,33.0,2.5,56.5,0,0,2,1,0.0,0,0
CUST-10153,Growth,690.12,6,FinTech,North America,Partner/Referral,19,False,23,18,900.01,active,28,0.912,8,3,72,32.05555555555556,1.5,74.94444444444444,1,0,18,0,30.413551266446415,1,2
CUST-10154,Starter,173.6,13,E-commerce,North America,Inbound/Organic,12,False,17,5,217.44,churned,46,1.0,12,1,84,42.2,0.2,85.8,1,0,5,1,25.25345622119816,1,0
CUST-10155,Starter,57.68,14,Professional Services,LATAM,Outbound Sales,13,False,16,3,57.68,churned,16,0.594,9,0,37,20.333333333333332,0.0,41.333333333333336,0,0,3,1,0.0,0,0
CUST-10156,Growth,407.93,2,E-commerce,Europe,Inbound/Organic,35,False,2,1,407.93,churned,13,0.758,6,1,63,13.0,1.0,63.0,0,0,1,1,0.0,0,0
CUST-10157,Starter,129.55,8,FinTech,Europe,Paid Search,16,False,14,7,129.55,churned,34,0.913,10,2,95,38.857142857142854,0.5714285714285714,79.71428571428571,0,0,7,1,0.0,0,0
CUST-10158,Starter,89.94,8,Healthcare,MEA,Partner/Referral,22,False,23,16,118.77,active,34,0.929,12,1,100,34.625,0.5,66.75,1,0,16,0,32.054703135423615,1,2
CUST-10159,Growth,424.83,14,Manufacturing,North America,Product-Led Trial,19,True,20,7,424.83,churned,19,0.369,9,1,40,21.0,0.7142857142857143,49.285714285714285,0,0,7,1,0.0,0,0
CUST-10160,Growth,968.74,15,Education,LATAM,Product-Led Trial,24,False,23,9,968.74,active,11,0.323,6,0,43,21.333333333333332,0.5555555555555556,51.77777777777778,0,0,9,0,0.0,0,1
CUST-10161,Growth,858.92,7,E-commerce,Europe,Product-Led Trial,90,False,11,5,858.92,churned,11,0.56,6,1,35,20.6,0.8,62.4,0,0,5,1,0.0,0,0
CUST-10162,Enterprise,6581.98,7,FinTech,APAC,Outbound Sales,14,True,23,17,7204.89,active,27,0.617,7,1,74,34.11764705882353,1.1176470588235294,73.76470588235294,1,0,17,0,9.463869534699297,1,2
CUST-10163,Starter,188.51,3,Professional Services,APAC,Partner/Referral,8,False,23,21,153.21,active,40,0.875,12,0,94,35.142857142857146,1.3333333333333333,78.66666666666667,0,1,21,0,-18.725797039944823,0,1
CUST-10164,Enterprise,7102.9,18,Professional Services,APAC,Paid Search,13,True,23,6,7490.26,active,23,0.669,10,0,52,33.833333333333336,0.3333333333333333,61.833333333333336,1,0,6,0,5.4535471427163635,1,2
CUST-10165,Enterprise,1007.84,1,Manufacturing,APAC,Partner/Referral,49,True,23,23,1362.36,active,31,0.78,8,2,74,30.0,0.9565217391304348,68.17391304347827,3,1,23,0,35.176218447372584,1,2
CUST-10166,Starter,92.06,13,Healthcare,MEA,Inbound/Organic,17,True,23,11,92.06,active,9,0.559,4,1,54,22.727272727272727,1.0909090909090908,55.27272727272727,0,0,11,0,0.0,0,1
CUST-10167,Enterprise,1899.14,18,Manufacturing,North America,Inbound/Organic,9,True,23,6,1899.14,active,30,0.97,9,1,87,41.666666666666664,0.16666666666666666,83.16666666666667,0,0,6,0,0.0,0,1
CUST-10168,Enterprise,3393.11,14,Manufacturing,APAC,Partner/Referral,43,True,23,10,6980.17,active,25,0.69,11,0,70,25.7,0.1,57.6,3,0,10,0,105.71599506057862,1,2
CUST-10169,Enterprise,2164.64,11,Manufacturing,APAC,Inbound/Organic,12,True,23,13,1414.24,active,46,0.813,9,0,74,38.0,1.6153846153846154,79.07692307692308,0,2,13,0,-34.66627245177027,0,1
CUST-10170,Starter,60.2,17,E-commerce,MEA,Product-Led Trial,226,False,23,7,79.48,churned,25,0.93,6,2,83,33.42857142857143,1.1428571428571428,69.28571428571429,1,0,7,1,32.0265780730897,1,0
CUST-10171,Starter,58.84,0,Manufacturing,North America,Outbound Sales,10,False,5,6,58.84,churned,42,0.999,11,1,91,33.166666666666664,0.8333333333333334,80.33333333333333,0,0,6,1,0.0,0,0
CUST-10172,Starter,72.84,1,Education,LATAM,Outbound Sales,6,False,4,4,72.84,churned,15,0.734,5,2,74,29.75,2.0,71.75,0,0,4,1,0.0,0,0
CUST-10173,Growth,376.39,1,Professional Services,APAC,Outbound Sales,20,False,23,23,376.39,active,7,0.348,2,1,50,14.173913043478262,1.2608695652173914,53.17391304347826,0,0,23,0,0.0,0,1
CUST-10174,Enterprise,2057.41,20,Professional Services,Europe,Outbound Sales,3,True,23,4,2057.41,active,33,0.808,8,0,89,28.75,1.0,74.5,0,0,4,0,0.0,0,1
CUST-10175,Starter,157.66,1,Education,North America,Inbound/Organic,13,False,23,23,157.66,active,50,0.832,8,0,100,39.78260869565217,0.43478260869565216,84.6086956521739,0,0,23,0,0.0,0,1
CUST-10176,Starter,178.65,15,Healthcare,MEA,Inbound/Organic,35,False,19,5,178.65,churned,14,0.398,7,2,48,17.4,1.0,40.8,0,0,5,1,0.0,0,0
CUST-10177,Enterprise,6327.17,2,Education,North America,Product-Led Trial,40,True,23,22,7493.56,active,46,1.0,8,1,100,30.954545454545453,1.3636363636363635,69.77272727272727,1,0,22,0,18.434624010418567,1,2
CUST-10178,Enterprise,7772.58,19,Manufacturing,Europe,Inbound/Organic,5,True,23,5,7772.58,active,20,0.595,9,2,67,26.4,3.8,67.6,0,0,5,0,0.0,0,1
CUST-10179,Growth,380.21,21,Manufacturing,North America,Paid Search,47,False,22,2,380.21,churned,36,0.361,5,0,42,29.5,0.0,51.0,0,0,2,1,0.0,0,0
CUST-10180,Starter,117.28,7,Education,North America,Paid Search,372,False,9,3,117.28,churned,24,0.772,5,3,66,25.0,1.3333333333333333,53.0,0,0,3,1,0.0,0,0
CUST-10181,Growth,887.24,5,SaaS/Tech,North America,Outbound Sales,14,True,23,19,1167.05,active,9,0.229,2,1,19,4.315789473684211,1.7894736842105263,24.157894736842106,1,0,19,0,31.537126369415258,1,2
CUST-10182,Starter,197.0,14,Media,Europe,Partner/Referral,43,True,23,10,197.0,active,12,0.499,5,2,37,19.1,1.3,47.2,0,0,10,0,0.0,0,1
CUST-10183,Starter,126.66,0,SaaS/Tech,North America,Inbound/Organic,174,False,6,7,126.66,churned,23,0.528,11,1,49,23.857142857142858,1.8571428571428572,47.857142857142854,0,0,7,1,0.0,0,0
CUST-10184,Starter,97.31,5,Professional Services,North America,Paid Search,13,False,23,19,77.2,churned,16,0.379,1,2,24,7.947368421052632,1.7894736842105263,30.57894736842105,0,1,19,1,-20.66591306135032,0,0
CUST-10185,Starter,144.46,2,Healthcare,North America,Inbound/Organic,46,True,23,22,151.68,active,16,0.439,3,0,39,25.681818181818183,2.227272727272727,55.31818181818182,1,0,22,0,4.9979233005676305,1,2
CUST-10186,Growth,766.54,7,Media,APAC,Partner/Referral,77,True,23,17,867.51,active,35,1.0,10,1,55,35.23529411764706,0.5294117647058824,83.94117647058823,1,0,17,0,13.172176272601565,1,2
CUST-10187,Enterprise,4833.15,21,E-commerce,Europe,Inbound/Organic,13,True,23,3,4833.15,active,28,0.683,9,4,68,36.0,2.3333333333333335,78.33333333333333,0,0,3,0,0.0,0,1
CUST-10188,Starter,114.79,17,Manufacturing,Europe,Partner/Referral,7,False,19,3,114.79,churned,32,0.791,6,0,47,38.0,0.3333333333333333,71.33333333333333,0,0,3,1,0.0,0,0
CUST-10189,Growth,598.06,17,Manufacturing,APAC,Product-Led Trial,13,False,20,4,598.06,churned,27,0.817,11,0,89,27.75,0.0,89.25,0,0,4,1,0.0,0,0
CUST-10190,Enterprise,5552.28,9,Healthcare,APAC,Product-Led Trial,5,True,16,8,5552.28,churned,8,0.278,3,2,50,21.375,0.75,61.0,0,0,8,1,0.0,0,0
CUST-10191,Enterprise,2219.35,20,Professional Services,Europe,Partner/Referral,16,True,23,4,2219.35,active,11,0.425,3,6,63,20.75,5.25,52.25,0,0,4,0,0.0,0,1
CUST-10192,Growth,787.54,19,FinTech,North America,Inbound/Organic,425,True,23,5,787.54,active,34,0.809,6,1,63,27.6,2.0,59.0,0,0,5,0,0.0,0,1
CUST-10193,Starter,139.93,14,E-commerce,APAC,Paid Search,38,False,23,10,130.94,active,2,0.05,1,10,26,3.2,5.8,22.7,0,1,10,0,-6.424640891874516,0,1
CUST-10194,Starter,102.87,2,Education,Europe,Product-Led Trial,12,False,9,8,102.87,churned,0,0.557,7,0,45,22.25,0.375,46.0,0,0,8,1,0.0,0,0
CUST-10195,Enterprise,2257.78,11,Manufacturing,MEA,Product-Led Trial,37,True,23,13,2257.78,active,26,0.781,9,1,80,29.307692307692307,0.5384615384615384,70.0,0,0,13,0,0.0,0,1
CUST-10196,Enterprise,4445.94,21,FinTech,Europe,Inbound/Organic,11,True,23,3,4445.94,active,30,0.533,6,0,72,27.333333333333332,0.0,56.666666666666664,0,0,3,0,0.0,0,1
CUST-10197,Growth,449.41,1,Healthcare,Europe,Inbound/Organic,33,False,23,23,336.38,active,1,0.259,3,2,6,20.217391304347824,0.9130434782608695,51.34782608695652,0,2,23,0,-25.150753209763916,0,1
CUST-10198,Starter,194.47,14,Professional Services,North America,Outbound Sales,2,False,14,1,194.47,churned,44,1.0,8,1,89,44.0,1.0,89.0,0,0,1,1,0.0,0,0
CUST-10199,Growth,316.46,4,FinTech,Europe,Partner/Referral,11,False,23,20,228.82,active,20,0.2,6,0,34,8.25,0.6,21.35,0,1,20,0,-27.693863363458256,0,1
CUST-10200,Starter,74.14,10,Education,North America,Partner/Referral,93,False,12,3,53.43,churned,37,0.694,7,0,62,34.333333333333336,0.0,72.0,0,1,3,1,-27.9336390612355,0,0
CUST-10201,Growth,893.75,11,Healthcare,North America,Paid Search,22,False,23,13,893.75,active,29,0.782,7,0,67,24.23076923076923,1.0,60.84615384615385,0,0,13,0,0.0,0,1
CUST-10202,Starter,83.67,0,Professional Services,North America,Product-Led Trial,19,False,0,1,83.67,churned,33,1.0,11,2,100,33.0,2.0,100.0,0,0,1,1,0.0,0,0
CUST-10203,Starter,71.25,20,E-commerce,MEA,Outbound Sales,40,True,23,4,71.25,active,28,0.651,8,2,100,22.5,1.5,58.5,0,0,4,0,0.0,0,1
CUST-10204,Starter,194.96,6,Professional Services,North America,Outbound Sales,244,True,23,18,194.96,active,31,1.0,12,0,100,35.55555555555556,0.8333333333333334,81.27777777777777,0,0,18,0,0.0,0,1
CUST-10205,Starter,95.19,15,E-commerce,North America,Paid Search,21,False,23,9,125.68,active,27,0.578,4,0,37,14.88888888888889,0.0,44.111111111111114,1,0,9,0,32.03067549112303,1,2
CUST-10206,Growth,324.77,5,Education,MEA,Paid Search,21,False,8,4,324.77,churned,12,0.531,9,0,74,14.75,0.75,60.5,0,0,4,1,0.0,0,0
CUST-10207,Enterprise,7052.26,16,FinTech,North America,Inbound/Organic,23,True,23,8,7052.26,active,51,0.986,11,0,62,32.375,0.875,72.5,0,0,8,0,0.0,0,1
CUST-10208,Growth,740.53,18,Professional Services,Europe,Product-Led Trial,61,False,23,6,740.53,active,31,0.886,10,0,52,27.166666666666668,0.8333333333333334,73.33333333333333,0,0,6,0,0.0,0,1
CUST-10209,Starter,139.74,8,SaaS/Tech,Europe,Product-Led Trial,180,False,10,3,139.74,churned,49,0.881,11,1,94,44.0,1.6666666666666667,83.66666666666667,0,0,3,1,0.0,0,0
CUST-10210,Growth,790.02,3,E-commerce,Europe,Partner/Referral,77,False,23,21,1019.87,active,30,0.992,14,2,91,33.61904761904762,0.3333333333333333,84.85714285714286,1,0,21,0,29.094200146831728,1,2
CUST-10211,Growth,548.03,10,SaaS/Tech,North America,Inbound/Organic,45,False,23,14,548.03,active,8,0.05,1,3,14,3.2142857142857144,3.7857142857142856,17.0,0,0,14,0,0.0,0,1
CUST-10212,Growth,687.26,14,Education,North America,Product-Led Trial,4,False,23,10,597.52,active,22,0.506,9,0,53,20.6,0.8,53.3,0,1,10,0,-13.057649215726219,0,1
CUST-10213,Starter,59.98,2,Media,Europe,Paid Search,17,False,23,22,59.98,active,22,0.58,10,6,38,19.227272727272727,3.1818181818181817,50.81818181818182,0,0,22,0,0.0,0,1
CUST-10214,Growth,633.35,7,Media,APAC,Partner/Referral,5,False,23,17,811.93,active,43,0.773,8,0,91,30.823529411764707,0.058823529411764705,64.41176470588235,2,0,17,0,28.19610010262887,1,2
CUST-10215,Growth,685.72,15,Professional Services,APAC,Paid Search,4,False,23,9,968.69,active,44,0.984,9,1,94,37.333333333333336,1.6666666666666667,85.44444444444444,2,0,9,0,41.266114449046256,1,2
CUST-10216,Growth,857.09,10,Professional Services,LATAM,Product-Led Trial,18,False,23,14,1016.44,active,28,0.706,10,0,60,22.357142857142858,0.9285714285714286,48.714285714285715,1,0,14,0,18.591979838756725,1,2
CUST-10217,Starter,189.17,21,Healthcare,North America,Product-Led Trial,37,False,23,3,189.17,active,35,0.857,7,0,74,36.333333333333336,0.3333333333333333,86.0,0,0,3,0,0.0,0,1
CUST-10218,Growth,735.41,14,FinTech,Europe,Paid Search,129,False,23,10,735.41,active,29,0.867,15,1,71,26.7,0.7,74.5,0,0,10,0,0.0,0,1
CUST-10219,Starter,67.28,10,Professional Services,APAC,Paid Search,57,False,23,14,49.63,active,28,1.0,12,0,96,38.57142857142857,0.8571428571428571,79.28571428571429,0,1,14,0,-26.233650416171223,0,1
CUST-10220,Starter,93.29,16,E-commerce,North America,Partner/Referral,9,False,23,8,93.29,active,29,0.775,10,0,53,28.375,0.5,68.125,0,0,8,0,0.0,0,1
CUST-10221,Starter,127.97,14,Healthcare,North America,Product-Led Trial,20,False,23,10,127.97,active,19,0.876,10,2,30,24.2,2.1,56.7,0,0,10,0,0.0,0,1
CUST-10222,Starter,80.81,9,Media,Europe,Product-Led Trial,29,False,21,13,80.81,churned,32,0.751,9,0,67,22.153846153846153,0.6153846153846154,65.92307692307692,0,0,13,1,0.0,0,0
CUST-10223,Starter,94.31,18,FinTech,Europe,Paid Search,32,False,23,6,94.31,active,17,0.933,14,0,85,25.666666666666668,0.0,89.66666666666667,0,0,6,0,0.0,0,1
CUST-10224,Growth,319.61,22,E-commerce,North America,Inbound/Organic,49,False,23,2,319.61,active,21,0.553,7,3,69,24.0,2.0,68.5,0,0,2,0,0.0,0,1
CUST-10225,Starter,52.55,14,Healthcare,Europe,Outbound Sales,38,False,23,10,52.55,active,31,0.886,6,1,65,28.0,1.7,69.1,0,0,10,0,0.0,0,1
CUST-10226,Starter,138.17,1,Media,North America,Product-Led Trial,12,False,14,14,162.38,churned,24,0.998,11,2,83,36.357142857142854,0.6428571428571429,84.14285714285714,1,0,14,1,17.521893319823416,1,0
CUST-10227,Growth,212.64,13,Healthcare,Europe,Paid Search,197,False,23,11,285.16,active,23,0.411,6,2,62,21.90909090909091,1.1818181818181819,44.27272727272727,1,0,11,0,34.104589917231024,1,2
CUST-10228,Growth,411.65,4,SaaS/Tech,Europe,Inbound/Organic,7,False,19,16,411.65,churned,0,0.291,4,1,33,15.4375,1.125,45.0,0,0,16,1,0.0,0,0
CUST-10229,Starter,126.86,1,FinTech,APAC,Outbound Sales,11,False,21,21,161.63,churned,14,0.589,7,0,53,29.952380952380953,0.2857142857142857,63.95238095238095,1,0,21,1,27.408166482736874,1,0
CUST-10230,Starter,137.92,2,Manufacturing,North America,Paid Search,94,False,23,22,137.92,churned,24,0.79,11,2,77,31.181818181818183,0.6818181818181818,72.4090909090909,0,0,22,1,0.0,0,0
CUST-10231,Growth,645.67,1,Professional Services,Europe,Partner/Referral,6,True,23,23,1264.37,active,40,0.994,14,1,76,40.91304347826087,1.0869565217391304,80.43478260869566,4,0,23,0,95.82294360896432,1,2
CUST-10232,Enterprise,5444.72,14,SaaS/Tech,North America,Paid Search,21,True,23,10,5444.72,active,23,0.379,1,2,31,16.0,2.8,37.7,0,0,10,0,0.0,0,1
CUST-10233,Growth,477.71,11,Media,APAC,Product-Led Trial,9,True,23,13,835.64,active,45,1.0,14,0,81,42.0,0.3076923076923077,89.0,3,0,13,0,74.92621046241445,1,2
CUST-10234,Enterprise,1140.18,19,Media,APAC,Inbound/Organic,26,True,23,5,1457.8,active,19,0.779,9,5,66,27.0,1.8,78.4,1,0,5,0,27.85700503429282,1,2
CUST-10235,Growth,271.21,6,Media,North America,Partner/Referral,94,False,23,18,271.21,active,30,0.734,4,2,32,25.333333333333332,5.388888888888889,55.888888888888886,0,0,18,0,0.0,0,1
CUST-10236,Growth,228.89,0,Professional Services,North America,Paid Search,4,False,10,11,228.89,churned,12,0.47,9,2,39,21.363636363636363,2.272727272727273,50.54545454545455,0,0,11,1,0.0,0,0
CUST-10237,Growth,859.4,22,E-commerce,Europe,Outbound Sales,6,False,23,2,859.4,active,23,0.748,8,2,81,23.0,1.5,77.5,0,0,2,0,0.0,0,1
CUST-10238,Growth,652.69,19,E-commerce,Europe,Inbound/Organic,26,False,23,5,652.69,active,24,0.451,6,3,39,21.8,3.4,39.4,0,0,5,0,0.0,0,1
CUST-10239,Enterprise,7076.4,5,Healthcare,APAC,Partner/Referral,22,True,23,19,5420.26,active,13,0.348,7,1,36,25.63157894736842,0.631578947368421,59.94736842105263,0,2,19,0,-23.403708100163918,0,1
CUST-10240,Enterprise,3257.7,2,E-commerce,North America,Outbound Sales,25,True,23,22,3643.46,active,13,0.314,2,1,18,14.818181818181818,0.7272727272727273,37.22727272727273,1,1,22,0,11.841483255057256,0,1
CUST-10241,Growth,857.16,21,SaaS/Tech,LATAM,Inbound/Organic,24,False,23,3,857.16,active,36,0.897,13,1,70,32.0,1.3333333333333333,68.66666666666667,0,0,3,0,0.0,0,1
CUST-10242,Growth,339.7,2,Healthcare,North America,Inbound/Organic,10,False,6,5,339.7,churned,0,0.31,5,2,50,10.4,1.4,37.2,0,0,5,1,0.0,0,0
CUST-10243,Growth,385.81,12,FinTech,APAC,Partner/Referral,36,False,23,12,501.45,active,0,0.153,1,2,28,8.583333333333334,4.166666666666667,25.75,1,0,12,0,29.973302921126976,1,2
CUST-10244,Growth,551.17,5,Media,North America,Paid Search,8,True,14,10,551.17,churned,27,0.807,11,0,72,37.5,0.1,77.8,0,0,10,1,0.0,0,0
CUST-10245,Growth,567.38,1,Manufacturing,MEA,Product-Led Trial,38,False,10,10,567.38,churned,19,0.76,5,1,95,29.0,0.2,74.0,0,0,10,1,0.0,0,0
CUST-10246,Starter,113.55,8,Healthcare,North America,Partner/Referral,12,False,8,1,113.55,churned,36,1.0,6,0,80,36.0,0.0,80.0,0,0,1,1,0.0,0,0
CUST-10247,Starter,125.41,6,Media,APAC,Partner/Referral,17,False,16,11,100.64,churned,26,0.502,8,0,53,25.09090909090909,0.7272727272727273,54.63636363636363,0,1,11,1,-19.751216011482338,0,0
CUST-10248,Growth,621.11,6,E-commerce,North America,Partner/Referral,161,False,23,18,621.11,active,38,0.823,8,3,66,32.0,1.8888888888888888,74.16666666666667,0,0,18,0,0.0,0,1
CUST-10249,Growth,584.83,6,Education,North America,Product-Led Trial,7,True,13,8,650.1,churned,26,0.602,6,4,55,20.125,3.0,59.375,1,0,8,1,11.160508181864811,1,0
CUST-10250,Starter,121.2,21,Manufacturing,North America,Paid Search,8,False,23,3,121.2,active,21,0.562,8,0,87,24.666666666666668,0.0,76.0,0,0,3,0,0.0,0,1
CUST-10251,Starter,174.15,12,Education,North America,Product-Led Trial,46,False,23,12,228.62,active,31,0.77,12,0,66,34.25,0.3333333333333333,82.33333333333333,1,0,12,0,31.277634223370654,1,2
CUST-10252,Growth,287.68,10,Professional Services,Europe,Product-Led Trial,6,False,23,14,254.6,active,33,0.643,4,0,55,21.714285714285715,2.2857142857142856,60.642857142857146,0,1,14,0,-11.498887652947724,0,1
CUST-10253,Growth,580.34,8,Education,North America,Paid Search,23,False,23,16,696.73,active,28,0.542,4,2,61,30.125,1.6875,66.4375,1,0,16,0,20.05548471585622,1,2
CUST-10254,Enterprise,7687.34,16,Media,North America,Inbound/Organic,35,True,23,8,7687.34,active,18,0.633,5,2,52,27.0,0.75,65.875,0,0,8,0,0.0,0,1
CUST-10255,Starter,166.18,10,Professional Services,Europe,Outbound Sales,20,False,14,5,166.18,churned,14,0.402,2,2,-2,11.4,1.4,32.0,0,0,5,1,0.0,0,0
CUST-10256,Starter,182.41,22,Media,LATAM,Product-Led Trial,27,False,23,2,182.41,active,41,0.788,9,0,73,44.5,0.5,81.0,0,0,2,0,0.0,0,1
CUST-10257,Starter,61.72,10,SaaS/Tech,North America,Outbound Sales,163,True,23,14,72.27,active,30,0.859,10,0,100,28.714285714285715,0.2857142857142857,64.07142857142857,1,0,14,0,17.09332469215813,1,2
CUST-10258,Enterprise,6162.56,13,FinTech,North America,Outbound Sales,7,True,23,11,6162.56,active,17,0.751,6,1,79,27.454545454545453,2.5454545454545454,69.54545454545455,0,0,11,0,0.0,0,1
CUST-10259,Starter,63.76,21,Media,North America,Paid Search,44,True,23,3,60.5,active,29,1.0,12,1,89,31.666666666666668,1.0,73.66666666666667,0,1,3,0,-5.112923462986195,0,1
CUST-10260,Starter,194.18,7,Media,North America,Inbound/Organic,6,True,23,17,268.17,active,19,0.302,9,2,64,22.11764705882353,2.411764705882353,58.294117647058826,2,1,17,0,38.10382119682769,1,2
CUST-10261,Growth,818.93,8,SaaS/Tech,Europe,Paid Search,14,False,23,16,1235.89,active,32,0.639,8,3,61,18.6875,1.4375,49.3125,2,0,16,0,50.91521863895573,1,2
CUST-10262,Starter,120.15,1,Manufacturing,Europe,Partner/Referral,31,True,6,6,120.15,churned,28,0.528,8,1,60,24.5,0.6666666666666666,52.833333333333336,0,0,6,1,0.0,0,0
CUST-10263,Starter,131.51,17,Manufacturing,North America,Partner/Referral,9,True,23,7,159.59,active,36,0.786,10,1,77,30.142857142857142,1.0,66.42857142857143,1,0,7,0,21.35198844194359,1,2
CUST-10264,Starter,182.04,20,Healthcare,Europe,Inbound/Organic,34,False,22,3,182.04,churned,34,0.651,6,1,76,29.333333333333332,0.6666666666666666,69.66666666666667,0,0,3,1,0.0,0,0
CUST-10265,Starter,195.76,13,Media,Europe,Partner/Referral,3,True,23,11,195.76,active,10,0.5,9,3,59,23.09090909090909,1.1818181818181819,57.72727272727273,0,0,11,0,0.0,0,1
CUST-10266,Starter,161.98,21,FinTech,North America,Paid Search,34,True,23,3,215.78,active,33,0.575,10,1,75,36.666666666666664,0.3333333333333333,80.66666666666667,1,0,3,0,33.21397703420176,1,2
CUST-10267,Enterprise,4418.76,22,Media,North America,Outbound Sales,11,True,23,2,4418.76,active,18,0.86,11,1,87,19.5,0.5,79.0,0,0,2,0,0.0,0,1
CUST-10268,Growth,794.0,2,Professional Services,North America,Product-Led Trial,29,False,23,22,920.01,active,30,0.864,10,0,77,31.772727272727273,1.5,72.0909090909091,1,0,22,0,15.87027707808564,1,2
CUST-10269,Starter,73.13,15,Media,North America,Product-Led Trial,9,False,23,9,73.13,active,11,0.441,8,0,73,17.22222222222222,0.1111111111111111,49.666666666666664,0,0,9,0,0.0,0,1
CUST-10270,Starter,78.09,9,E-commerce,North America,Paid Search,56,False,23,15,78.09,active,25,0.862,10,0,94,37.2,0.7333333333333333,83.93333333333334,0,0,15,0,0.0,0,1
CUST-10271,Growth,499.83,8,FinTech,Europe,Paid Search,46,False,23,16,501.09,active,38,1.0,10,1,92,31.375,0.4375,74.9375,1,1,16,0,0.2520857091411062,0,1
CUST-10272,Starter,160.86,13,SaaS/Tech,MEA,Inbound/Organic,84,False,23,11,185.27,active,41,0.742,3,2,25,32.09090909090909,1.1818181818181819,56.72727272727273,1,0,11,0,15.17468606241452,1,2
CUST-10273,Growth,601.14,3,Professional Services,Europe,Partner/Referral,58,False,5,3,601.14,churned,0,0.31,2,4,13,3.6666666666666665,5.0,17.333333333333332,0,0,3,1,0.0,0,0
CUST-10274,Starter,69.67,5,Education,North America,Product-Led Trial,15,False,23,19,78.01,active,30,0.71,10,0,91,31.05263157894737,0.3684210526315789,76.47368421052632,1,0,19,0,11.970719104349078,1,2
CUST-10275,Enterprise,4570.77,2,Media,North America,Paid Search,6,True,23,22,5944.17,active,14,0.307,1,7,42,20.181818181818183,3.590909090909091,54.36363636363637,1,0,22,0,30.047453711300275,1,2
CUST-10276,Growth,647.97,1,Manufacturing,APAC,Partner/Referral,24,True,23,23,786.19,active,27,0.758,8,3,85,27.782608695652176,2.130434782608696,67.08695652173913,1,0,23,0,21.331234470731673,1,2
CUST-10277,Starter,99.14,5,Education,APAC,Outbound Sales,103,False,5,1,99.14,churned,10,0.501,7,2,52,10.0,2.0,52.0,0,0,1,1,0.0,0,0
CUST-10278,Starter,98.23,22,SaaS/Tech,North America,Partner/Referral,57,False,23,2,98.23,active,34,1.0,12,1,73,39.5,0.5,86.5,0,0,2,0,0.0,0,1
CUST-10279,Starter,144.63,19,Media,North America,Partner/Referral,64,False,23,5,144.63,active,12,0.108,1,2,75,13.6,1.6,37.0,0,0,5,0,0.0,0,1
CUST-10280,Growth,669.63,19,Education,MEA,Outbound Sales,13,False,23,5,669.63,active,34,0.715,9,0,79,31.4,0.2,74.8,0,0,5,0,0.0,0,1
CUST-10281,Starter,190.1,9,Healthcare,Europe,Outbound Sales,57,False,23,15,190.1,active,20,0.881,6,0,51,30.066666666666666,0.06666666666666667,71.46666666666667,0,0,15,0,0.0,0,1
CUST-10282,Growth,584.24,20,E-commerce,LATAM,Partner/Referral,23,False,23,4,584.24,active,21,0.87,8,2,63,31.0,1.25,55.75,0,0,4,0,0.0,0,1
CUST-10283,Growth,811.64,21,Manufacturing,Europe,Partner/Referral,172,False,23,3,649.89,active,45,0.763,5,3,72,38.666666666666664,4.0,66.33333333333333,0,1,3,0,-19.928786161352324,0,1
CUST-10284,Enterprise,4304.42,20,Manufacturing,North America,Paid Search,8,True,23,4,4304.42,active,16,0.374,8,0,38,14.0,0.0,37.25,0,0,4,0,0.0,0,1
CUST-10285,Starter,184.94,9,Media,North America,Paid Search,9,False,9,1,184.94,churned,11,0.83,10,0,49,11.0,0.0,49.0,0,0,1,1,0.0,0,0
CUST-10286,Starter,72.46,3,Media,North America,Paid Search,2,False,4,2,72.46,churned,23,0.411,2,0,79,15.0,0.5,68.0,0,0,2,1,0.0,0,0
CUST-10287,Enterprise,1152.76,10,FinTech,North America,Product-Led Trial,64,True,23,14,1641.82,active,23,0.985,10,0,90,27.642857142857142,0.7857142857142857,69.85714285714286,2,1,14,0,42.425136194871435,1,2
CUST-10288,Starter,111.82,13,SaaS/Tech,Europe,Product-Led Trial,58,False,23,11,127.57,active,12,0.529,5,0,54,20.636363636363637,0.0,59.45454545454545,1,0,11,0,14.085136827043462,1,2
CUST-10289,Growth,570.68,20,Media,MEA,Product-Led Trial,6,True,23,4,570.68,active,5,0.474,5,1,59,22.5,1.75,50.75,0,0,4,0,0.0,0,1
CUST-10290,Starter,82.8,9,SaaS/Tech,APAC,Inbound/Organic,8,False,23,15,58.59,active,32,0.497,5,0,57,24.533333333333335,0.5333333333333333,51.86666666666667,0,1,15,0,-29.239130434782602,0,1
CUST-10291,Growth,254.07,21,SaaS/Tech,Europe,Paid Search,26,False,23,3,254.07,active,23,0.865,10,2,49,18.666666666666668,1.6666666666666667,53.333333333333336,0,0,3,0,0.0,0,1
CUST-10292,Starter,190.85,15,SaaS/Tech,Europe,Paid Search,21,False,20,6,190.85,churned,38,0.399,4,1,67,28.833333333333332,0.8333333333333334,63.0,0,0,6,1,0.0,0,0
CUST-10293,Starter,167.05,5,FinTech,North America,Outbound Sales,84,True,23,19,176.5,active,33,0.79,11,0,84,34.526315789473685,0.47368421052631576,76.84210526315789,1,0,19,0,5.656988925471409,1,2
CUST-10294,Growth,360.89,6,Education,North America,Partner/Referral,28,False,23,18,392.65,active,22,0.297,6,1,42,17.5,3.111111111111111,50.833333333333336,1,0,18,0,8.800465515808138,1,2
CUST-10295,Enterprise,7157.07,13,Healthcare,LATAM,Paid Search,146,True,13,1,7157.07,churned,41,0.981,13,1,71,41.0,1.0,71.0,0,0,1,1,0.0,0,0
CUST-10296,Growth,645.83,1,SaaS/Tech,North America,Outbound Sales,26,False,5,5,645.83,churned,16,0.554,8,4,58,19.8,5.8,60.0,0,0,5,1,0.0,0,0
CUST-10297,Starter,147.52,17,Healthcare,APAC,Outbound Sales,64,False,23,7,130.08,active,22,0.579,11,1,73,20.428571428571427,1.4285714285714286,55.57142857142857,0,1,7,0,-11.822125813449022,0,1
CUST-10298,Starter,63.11,8,FinTech,North America,Inbound/Organic,56,False,23,16,63.11,active,25,0.585,10,2,85,26.4375,2.75,63.4375,0,0,16,0,0.0,0,1
CUST-10299,Starter,153.38,11,E-commerce,North America,Outbound Sales,19,False,14,4,153.38,churned,22,0.565,5,1,61,20.75,1.5,65.0,0,0,4,1,0.0,0,0
CUST-10300,Enterprise,2181.98,5,SaaS/Tech,Europe,Product-Led Trial,57,True,23,19,2907.2,active,44,0.85,8,1,100,37.421052631578945,0.2631578947368421,81.78947368421052,2,0,19,0,33.236784938450384,1,2
CUST-10301,Starter,168.79,13,Manufacturing,APAC,Inbound/Organic,45,False,14,2,168.79,churned,32,0.582,7,1,76,23.0,1.0,66.5,0,0,2,1,0.0,0,0
CUST-10302,Growth,972.73,12,Professional Services,North America,Product-Led Trial,37,True,23,12,1295.71,active,29,0.654,6,4,63,27.666666666666668,2.6666666666666665,68.91666666666667,1,0,12,0,33.20345830806082,1,2
CUST-10303,Starter,172.44,4,Healthcare,North America,Product-Led Trial,10,False,14,11,203.05,churned,24,0.746,11,0,77,24.818181818181817,0.7272727272727273,50.18181818181818,1,0,11,1,17.751101832521464,1,0
CUST-10304,Enterprise,1775.24,11,SaaS/Tech,Europe,Partner/Referral,2,True,23,13,1775.24,active,26,0.738,5,0,49,23.46153846153846,0.23076923076923078,55.30769230769231,0,0,13,0,0.0,0,1
CUST-10305,Growth,861.77,15,Education,North America,Paid Search,12,True,23,9,861.77,active,14,0.368,2,0,73,17.333333333333332,1.0,48.44444444444444,0,0,9,0,0.0,0,1
CUST-10306,Starter,70.3,8,Healthcare,Europe,Paid Search,6,False,16,9,78.14,churned,29,0.701,11,3,44,26.22222222222222,0.8888888888888888,67.55555555555556,1,1,9,1,11.152204836415368,0,0
CUST-10307,Growth,844.15,14,Healthcare,Europe,Partner/Referral,225,False,23,10,844.15,active,45,0.867,9,0,68,32.4,0.4,70.6,0,0,10,0,0.0,0,1
CUST-10308,Starter,96.24,14,Professional Services,North America,Partner/Referral,46,False,23,10,96.24,active,40,0.988,10,3,77,34.2,2.7,81.7,0,0,10,0,0.0,0,1
CUST-10309,Growth,754.63,14,Manufacturing,North America,Product-Led Trial,14,True,23,10,754.63,active,25,0.669,10,1,64,30.7,1.0,71.9,0,0,10,0,0.0,0,1
CUST-10310,Starter,146.97,13,FinTech,LATAM,Inbound/Organic,49,False,22,10,146.97,churned,23,0.937,8,0,53,29.3,0.8,68.4,0,0,10,1,0.0,0,0
CUST-10311,Enterprise,5695.13,22,Healthcare,North America,Partner/Referral,83,True,23,2,5695.13,active,0,0.415,5,2,16,3.5,1.5,25.0,0,0,2,0,0.0,0,1
CUST-10312,Starter,68.33,18,Manufacturing,APAC,Outbound Sales,13,False,23,6,77.23,active,41,0.874,11,0,83,25.333333333333332,0.3333333333333333,62.166666666666664,1,0,6,0,13.025025611005422,1,2
CUST-10313,Enterprise,2960.26,15,SaaS/Tech,North America,Outbound Sales,22,True,23,9,2960.26,active,33,0.672,9,1,49,28.88888888888889,0.1111111111111111,54.77777777777778,0,0,9,0,0.0,0,1
CUST-10314,Enterprise,5895.21,19,Education,MEA,Inbound/Organic,65,True,23,5,6376.64,active,36,1.0,8,0,87,29.2,0.2,82.8,1,0,5,0,8.16646056713841,1,2
CUST-10315,Starter,179.91,13,Media,APAC,Product-Led Trial,13,True,23,11,179.91,active,17,0.751,6,1,63,22.90909090909091,0.45454545454545453,49.54545454545455,0,0,11,0,0.0,0,1
CUST-10316,Starter,55.92,0,Media,North America,Outbound Sales,50,True,5,6,55.92,churned,15,0.729,10,0,53,20.5,1.1666666666666667,62.333333333333336,0,0,6,1,0.0,0,0
CUST-10317,Enterprise,7140.83,13,Manufacturing,LATAM,Product-Led Trial,131,True,23,11,9305.71,active,40,0.96,10,0,65,36.36363636363637,0.6363636363636364,76.18181818181819,1,0,11,0,30.316923943015016,1,2
CUST-10318,Enterprise,2997.03,11,Healthcare,North America,Paid Search,189,True,23,13,4524.64,active,32,0.95,12,0,100,36.53846153846154,0.3076923076923077,81.0,2,0,13,0,50.97079441980894,1,2
CUST-10319,Starter,82.03,11,SaaS/Tech,APAC,Inbound/Organic,63,False,14,4,82.03,churned,16,0.528,4,0,52,15.5,0.25,50.0,0,0,4,1,0.0,0,0
CUST-10320,Growth,862.6,0,Media,Europe,Partner/Referral,22,True,5,6,862.6,churned,20,0.854,6,1,90,35.666666666666664,0.5,77.66666666666667,0,0,6,1,0.0,0,0
CUST-10321,Starter,73.72,21,Media,LATAM,Partner/Referral,64,False,22,2,73.72,churned,39,1.0,9,1,93,35.5,0.5,89.0,0,0,2,1,0.0,0,0
CUST-10322,Growth,740.46,3,Manufacturing,APAC,Outbound Sales,39,False,19,17,740.46,churned,15,0.327,3,3,55,18.235294117647058,1.8235294117647058,46.529411764705884,0,0,17,1,0.0,0,0
CUST-10323,Growth,604.51,22,Manufacturing,North America,Inbound/Organic,28,True,23,2,604.51,active,16,0.398,4,1,42,16.5,1.5,61.0,0,0,2,0,0.0,0,1
CUST-10324,Starter,139.61,7,Healthcare,North America,Inbound/Organic,5,False,7,1,139.61,churned,41,1.0,8,4,100,41.0,4.0,100.0,0,0,1,1,0.0,0,0
CUST-10325,Growth,557.53,19,Media,Europe,Product-Led Trial,2,True,23,5,557.53,active,20,0.675,6,0,37,20.8,0.0,50.2,0,0,5,0,0.0,0,1
CUST-10326,Starter,81.86,10,FinTech,North America,Paid Search,2,False,23,14,66.62,active,6,0.369,1,2,20,17.071428571428573,2.0714285714285716,49.357142857142854,0,1,14,0,-18.61715123381382,0,1
CUST-10327,Starter,55.66,8,SaaS/Tech,APAC,Inbound/Organic,5,False,13,6,55.66,churned,20,0.58,5,3,68,19.666666666666668,1.5,63.5,0,0,6,1,0.0,0,0
CUST-10328,Starter,100.78,6,Professional Services,LATAM,Product-Led Trial,17,False,16,11,128.89,churned,36,1.0,10,0,91,36.63636363636363,1.0909090909090908,85.0,1,0,11,1,27.892438975987282,1,0
CUST-10329,Enterprise,2156.43,7,FinTech,APAC,Product-Led Trial,27,True,23,17,3128.87,active,21,0.558,6,1,67,19.352941176470587,0.8823529411764706,52.294117647058826,2,0,17,0,45.094902222655044,1,2
CUST-10330,Growth,685.72,15,SaaS/Tech,APAC,Partner/Referral,14,False,23,9,609.88,active,45,0.8,8,1,64,33.77777777777778,1.0,69.88888888888889,0,1,9,0,-11.059907834101388,0,1
CUST-10331,Starter,139.57,17,E-commerce,North America,Inbound/Organic,28,False,23,7,139.57,active,32,0.763,8,0,76,32.42857142857143,0.14285714285714285,69.0,0,0,7,0,0.0,0,1
CUST-10332,Starter,67.15,7,FinTech,LATAM,Partner/Referral,19,False,10,4,67.15,churned,17,0.439,4,3,46,14.0,2.0,42.0,0,0,4,1,0.0,0,0
CUST-10333,Growth,742.26,1,Healthcare,Europe,Paid Search,12,False,23,23,539.59,active,10,0.16,1,1,31,12.391304347826088,1.5217391304347827,34.21739130434783,0,2,23,0,-27.30444857597068,0,1
CUST-10334,Starter,66.36,6,FinTech,North America,Outbound Sales,30,False,23,18,66.78,active,23,0.589,9,5,73,20.333333333333332,4.166666666666667,51.77777777777778,1,1,18,0,0.6329113924050659,0,1
CUST-10335,Enterprise,6740.09,8,Manufacturing,Europe,Outbound Sales,156,True,23,16,6740.09,active,13,0.098,3,1,43,16.0625,2.8125,40.75,0,0,16,0,0.0,0,1
CUST-10336,Growth,661.18,4,Education,APAC,Inbound/Organic,62,False,23,20,826.12,active,27,0.805,8,0,73,27.55,1.2,64.55,2,0,20,0,24.946308115792988,1,2
CUST-10337,Growth,543.51,2,Education,North America,Product-Led Trial,101,False,17,16,635.1,churned,38,0.925,10,0,61,37.6875,0.4375,83.6875,1,0,16,1,16.851575867969316,1,0
CUST-10338,Growth,380.8,2,Healthcare,APAC,Inbound/Organic,3,False,23,22,380.8,active,40,0.784,11,3,80,33.81818181818182,1.3636363636363635,70.72727272727273,0,0,22,0,0.0,0,1
CUST-10339,Starter,139.16,3,FinTech,APAC,Paid Search,11,False,23,21,130.31,churned,11,0.532,11,1,52,23.285714285714285,0.6190476190476191,61.142857142857146,1,1,21,1,-6.3595860879563055,0,0
CUST-10340,Starter,70.39,0,SaaS/Tech,LATAM,Outbound Sales,25,False,11,12,56.04,churned,39,0.752,9,1,95,32.416666666666664,1.0,76.16666666666667,0,1,12,1,-20.386418525358717,0,0
CUST-10341,Starter,59.76,10,SaaS/Tech,North America,Product-Led Trial,20,False,11,2,75.12,churned,28,0.79,7,1,100,31.0,1.5,80.5,1,0,2,1,25.702811244979934,1,0
CUST-10342,Enterprise,5061.55,5,SaaS/Tech,North America,Inbound/Organic,23,True,23,19,4736.66,active,41,0.984,13,0,61,33.31578947368421,1.0,82.84210526315789,2,1,19,0,-6.418784759609217,1,2
CUST-10343,Starter,124.82,10,Education,North America,Outbound Sales,6,False,17,8,124.82,churned,32,0.708,6,1,81,29.125,0.875,74.25,0,0,8,1,0.0,0,0
CUST-10344,Enterprise,3899.05,18,E-commerce,North America,Product-Led Trial,3,True,23,6,3899.05,active,29,0.76,10,0,66,30.333333333333332,0.16666666666666666,86.5,0,0,6,0,0.0,0,1
CUST-10345,Enterprise,1812.97,9,FinTech,North America,Partner/Referral,16,True,23,15,1812.97,active,15,0.404,5,1,53,16.466666666666665,1.0,44.86666666666667,0,0,15,0,0.0,0,1
CUST-10346,Enterprise,4817.67,12,Healthcare,MEA,Partner/Referral,444,True,23,12,4817.67,active,20,0.364,6,2,30,16.416666666666668,1.8333333333333333,35.833333333333336,0,0,12,0,0.0,0,1
CUST-10347,Starter,86.04,22,Healthcare,North America,Paid Search,3,False,23,2,86.04,churned,26,0.62,9,1,84,22.5,1.0,70.5,0,0,2,1,0.0,0,0
CUST-10348,Starter,57.65,13,Professional Services,North America,Partner/Referral,29,False,15,3,57.65,churned,46,0.682,10,2,78,31.666666666666668,2.3333333333333335,71.33333333333333,0,0,3,1,0.0,0,0
CUST-10349,Growth,998.77,12,Professional Services,APAC,Partner/Referral,98,False,23,12,767.16,active,4,0.05,1,2,-7,2.1666666666666665,1.6666666666666667,15.166666666666666,0,1,12,0,-23.18952311342952,0,1
CUST-10350,Enterprise,7162.2,7,Manufacturing,Europe,Paid Search,162,True,23,17,6310.31,active,12,0.506,1,3,65,16.58823529411765,0.7647058823529411,43.76470588235294,0,1,17,0,-11.894250369998037,0,1
CUST-10351,Starter,176.88,4,FinTech,LATAM,Outbound Sales,17,False,16,13,176.88,churned,21,0.453,7,1,67,27.23076923076923,0.6923076923076923,72.38461538461539,0,0,13,1,0.0,0,0
CUST-10352,Growth,626.18,11,Manufacturing,North America,Outbound Sales,11,False,23,13,322.56,active,4,0.42,4,0,53,17.53846153846154,0.38461538461538464,43.61538461538461,0,3,13,0,-48.487655306780795,0,1
CUST-10353,Growth,227.53,5,SaaS/Tech,LATAM,Paid Search,26,False,23,19,227.53,active,25,0.737,10,1,92,32.31578947368421,0.9473684210526315,77.36842105263158,0,0,19,0,0.0,0,1
CUST-10354,Growth,889.97,22,E-commerce,Europe,Outbound Sales,49,False,23,2,889.97,active,29,0.718,12,0,91,32.5,0.5,88.0,0,0,2,0,0.0,0,1
CUST-10355,Growth,593.37,17,SaaS/Tech,LATAM,Outbound Sales,11,False,23,7,593.37,active,35,1.0,11,1,92,31.571428571428573,1.2857142857142858,76.85714285714286,0,0,7,0,0.0,0,1
CUST-10356,Enterprise,6351.69,3,Professional Services,MEA,Inbound/Organic,5,True,8,6,6351.69,churned,6,0.352,1,1,29,7.333333333333333,3.3333333333333335,27.5,0,0,6,1,0.0,0,0
CUST-10357,Starter,95.78,2,Healthcare,North America,Product-Led Trial,70,False,23,22,109.74,active,28,0.538,10,1,51,23.136363636363637,0.2727272727272727,49.68181818181818,1,1,22,0,14.57506786385466,0,1
CUST-10358,Starter,120.53,21,Healthcare,LATAM,Paid Search,15,False,23,3,120.53,active,28,0.571,4,1,51,21.333333333333332,0.6666666666666666,44.666666666666664,0,0,3,0,0.0,0,1
CUST-10359,Enterprise,2951.32,14,Healthcare,MEA,Paid Search,10,True,23,10,2951.32,active,20,0.633,3,3,0,14.6,1.3,38.6,0,0,10,0,0.0,0,1
CUST-10360,Enterprise,3062.34,6,Healthcare,APAC,Inbound/Organic,12,True,23,18,4768.14,active,39,0.786,10,1,93,34.388888888888886,0.16666666666666666,71.61111111111111,2,0,18,0,55.7025020082682,1,2
CUST-10361,Starter,189.56,8,Professional Services,LATAM,Outbound Sales,30,False,11,4,155.89,churned,27,0.598,9,5,66,27.0,4.0,71.0,0,1,4,1,-17.762186115214188,0,0
CUST-10362,Starter,122.14,13,Manufacturing,Europe,Outbound Sales,10,False,18,6,115.04,churned,25,0.739,8,2,93,23.333333333333332,1.6666666666666667,73.5,0,1,6,1,-5.813001473718678,0,0
CUST-10363,Enterprise,1506.22,18,Healthcare,LATAM,Paid Search,17,True,23,6,1506.22,active,11,0.674,7,1,53,25.333333333333332,2.0,56.0,0,0,6,0,0.0,0,1
CUST-10364,Starter,124.09,9,FinTech,APAC,Partner/Referral,40,False,23,15,124.09,active,34,0.903,9,0,78,37.53333333333333,1.6666666666666667,83.8,0,0,15,0,0.0,0,1
CUST-10365,Starter,178.51,2,Media,North America,Outbound Sales,10,True,18,17,178.51,churned,36,0.965,13,2,84,30.705882352941178,1.0,75.76470588235294,0,0,17,1,0.0,0,0
CUST-10366,Growth,872.94,16,SaaS/Tech,North America,Product-Led Trial,3,False,23,8,872.94,active,28,0.638,7,3,63,27.5,0.625,56.0,0,0,8,0,0.0,0,1
CUST-10367,Starter,182.3,22,Media,Europe,Paid Search,92,False,22,1,182.3,churned,44,0.707,11,1,60,44.0,1.0,60.0,0,0,1,1,0.0,0,0
CUST-10368,Growth,709.04,17,Manufacturing,Europe,Partner/Referral,7,False,23,7,709.04,active,19,0.601,8,1,88,20.428571428571427,2.142857142857143,68.14285714285714,0,0,7,0,0.0,0,1
CUST-10369,Starter,186.52,7,E-commerce,Europe,Paid Search,8,True,23,17,137.9,active,25,0.507,10,1,50,18.941176470588236,0.6470588235294118,54.64705882352941,0,2,17,0,-26.0669097147759,0,1
CUST-10370,Growth,243.41,11,SaaS/Tech,North America,Inbound/Organic,12,False,23,13,219.23,active,26,0.785,10,1,61,23.692307692307693,2.0,60.38461538461539,0,1,13,0,-9.93385645618504,0,1
CUST-10371,Growth,250.09,17,Media,North America,Product-Led Trial,24,False,23,7,250.09,active,59,1.0,10,6,100,41.0,1.8571428571428572,78.57142857142857,0,0,7,0,0.0,0,1
CUST-10372,Starter,188.63,0,Healthcare,North America,Outbound Sales,30,False,0,1,188.63,churned,39,0.65,8,7,75,39.0,7.0,75.0,0,0,1,1,0.0,0,0
CUST-10373,Enterprise,3956.69,5,Media,LATAM,Outbound Sales,78,True,23,19,5296.47,active,14,0.523,4,6,72,25.473684210526315,2.1578947368421053,62.89473684210526,1,0,19,0,33.86113140023606,1,2
CUST-10374,Starter,152.05,0,FinTech,Europe,Paid Search,15,False,23,24,152.05,active,26,0.787,7,3,71,29.875,1.3333333333333333,70.29166666666667,0,0,24,0,0.0,0,1
CUST-10375,Starter,90.77,10,SaaS/Tech,Europe,Inbound/Organic,12,False,23,14,90.77,active,34,0.863,12,2,72,27.785714285714285,1.2142857142857142,66.0,0,0,14,0,0.0,0,1
CUST-10376,Starter,166.27,11,Education,North America,Product-Led Trial,2,False,23,13,213.35,active,36,1.0,11,2,100,38.07692307692308,0.7692307692307693,80.15384615384616,1,0,13,0,28.315390629698673,1,2
CUST-10377,Growth,288.67,13,Healthcare,North America,Partner/Referral,23,False,23,11,288.67,active,37,0.95,9,1,100,35.81818181818182,0.5454545454545454,77.18181818181819,0,0,11,0,0.0,0,1
CUST-10378,Starter,131.81,3,Professional Services,APAC,Inbound/Organic,16,False,17,15,131.81,churned,31,0.869,10,1,69,34.2,0.2,80.0,0,0,15,1,0.0,0,0
CUST-10379,Starter,150.67,12,Education,North America,Partner/Referral,248,False,23,12,150.67,active,33,0.719,8,1,64,33.666666666666664,0.75,62.25,0,0,12,0,0.0,0,1
CUST-10380,Starter,145.72,20,FinTech,APAC,Inbound/Organic,17,False,23,4,145.72,active,33,0.777,8,0,83,28.0,0.5,76.25,0,0,4,0,0.0,0,1
CUST-10381,Starter,65.73,9,Education,North America,Product-Led Trial,47,False,11,3,65.73,churned,13,0.279,6,3,48,15.0,4.0,62.666666666666664,0,0,3,1,0.0,0,0
CUST-10382,Starter,185.66,1,Manufacturing,APAC,Paid Search,50,False,23,23,185.66,active,5,0.243,4,4,66,22.956521739130434,1.434782608695652,58.69565217391305,0,0,23,0,0.0,0,1
CUST-10383,Growth,901.24,5,SaaS/Tech,North America,Partner/Referral,18,False,10,6,901.24,churned,41,0.808,14,1,77,32.0,1.1666666666666667,74.83333333333333,0,0,6,1,0.0,0,0
CUST-10384,Starter,68.73,11,Healthcare,Europe,Paid Search,51,True,23,13,59.61,active,16,0.407,5,1,40,22.0,2.1538461538461537,56.15384615384615,0,1,13,0,-13.269314709733745,0,1
CUST-10385,Starter,51.63,20,SaaS/Tech,APAC,Paid Search,47,False,23,4,51.63,active,34,1.0,9,0,100,36.0,0.5,84.75,0,0,4,0,0.0,0,1
CUST-10386,Growth,655.95,15,Healthcare,Europe,Product-Led Trial,51,False,23,9,573.81,active,22,0.502,4,2,40,17.333333333333332,0.2222222222222222,32.888888888888886,0,1,9,0,-12.52229590670022,0,1
CUST-10387,Starter,94.44,2,Education,North America,Paid Search,51,False,5,4,94.44,churned,35,0.481,6,2,41,23.75,0.75,52.75,0,0,4,1,0.0,0,0
CUST-10388,Growth,247.71,11,E-commerce,Europe,Inbound/Organic,30,False,23,13,247.71,active,14,0.24,6,2,66,19.76923076923077,1.0769230769230769,45.07692307692308,0,0,13,0,0.0,0,1
CUST-10389,Growth,648.47,21,SaaS/Tech,North America,Paid Search,4,False,23,3,648.47,active,29,0.432,6,1,66,22.0,1.3333333333333333,62.666666666666664,0,0,3,0,0.0,0,1
CUST-10390,Starter,142.36,9,Healthcare,Europe,Outbound Sales,25,False,23,15,142.36,active,24,0.699,9,0,85,37.53333333333333,0.6666666666666666,85.0,0,0,15,0,0.0,0,1
CUST-10391,Starter,145.42,0,SaaS/Tech,LATAM,Partner/Referral,37,False,0,1,145.42,churned,31,0.592,10,2,55,31.0,2.0,55.0,0,0,1,1,0.0,0,0
CUST-10392,Starter,152.5,16,E-commerce,North America,Partner/Referral,3,False,23,8,152.5,active,24,0.747,6,2,68,28.875,2.0,64.75,0,0,8,0,0.0,0,1
CUST-10393,Starter,191.36,13,Education,Europe,Paid Search,11,False,23,11,230.93,active,35,0.753,7,0,61,36.45454545454545,0.18181818181818182,78.0909090909091,1,0,11,0,20.67830267558528,1,2
CUST-10394,Starter,117.79,2,Manufacturing,LATAM,Partner/Referral,34,True,23,22,142.03,active,21,0.994,13,1,87,33.81818181818182,0.5909090909090909,77.0,1,0,22,0,20.578996519229133,1,2
CUST-10395,Enterprise,4690.63,11,Manufacturing,North America,Partner/Referral,52,True,23,13,3948.32,active,15,0.302,7,1,44,11.615384615384615,0.8461538461538461,31.153846153846153,1,1,13,0,-15.82537953323967,0,1
CUST-10396,Enterprise,7963.74,11,Healthcare,Europe,Paid Search,11,True,23,13,7963.74,active,19,0.783,5,1,63,27.53846153846154,0.8461538461538461,73.3076923076923,0,0,13,0,0.0,0,1
CUST-10397,Growth,983.96,3,FinTech,APAC,Outbound Sales,29,False,22,20,942.63,churned,32,0.821,9,1,87,31.5,2.65,66.55,1,1,20,1,-4.200373998943051,0,0
CUST-10398,Growth,515.77,15,E-commerce,MEA,Product-Led Trial,38,False,23,9,363.66,active,22,0.577,5,2,85,21.77777777777778,1.1111111111111112,64.66666666666667,0,1,9,0,-29.49182775268045,0,1
CUST-10399,Starter,117.74,16,Healthcare,MEA,Paid Search,43,False,23,8,117.74,active,11,0.435,8,0,70,12.375,0.125,43.625,0,0,8,0,0.0,0,1
CUST-10400,Growth,209.67,9,FinTech,North America,Partner/Referral,48,False,23,15,265.11,active,38,0.809,11,1,92,30.0,1.0,73.33333333333333,1,0,15,0,26.441551008728016,1,2
CUST-10401,Starter,176.21,7,Media,North America,Product-Led Trial,6,False,17,11,176.21,churned,28,0.571,6,0,58,22.545454545454547,0.09090909090909091,68.0,0,0,11,1,0.0,0,0
CUST-10402,Starter,183.2,12,E-commerce,LATAM,Outbound Sales,24,False,18,7,183.2,churned,27,1.0,12,3,91,28.0,1.8571428571428572,71.0,0,0,7,1,0.0,0,0
CUST-10403,Growth,707.72,19,Education,North America,Outbound Sales,48,False,23,5,581.89,active,22,0.457,4,3,42,21.0,1.2,36.0,0,1,5,0,-17.779630362290177,0,1
CUST-10404,Growth,485.34,17,Education,North America,Partner/Referral,3,False,23,7,485.34,active,8,0.27,5,3,50,9.571428571428571,2.4285714285714284,33.714285714285715,0,0,7,0,0.0,0,1
CUST-10405,Enterprise,7141.49,19,FinTech,North America,Outbound Sales,144,True,23,5,7141.49,active,17,0.953,11,0,88,28.2,0.4,85.8,0,0,5,0,0.0,0,1
CUST-10406,Starter,54.84,0,SaaS/Tech,North America,Product-Led Trial,16,False,14,15,46.43,churned,11,0.154,3,0,30,16.866666666666667,0.2,48.46666666666667,0,1,15,1,-15.33552151714078,0,0
CUST-10407,Growth,541.57,11,E-commerce,APAC,Product-Led Trial,4,False,23,13,541.57,active,23,0.507,10,3,45,24.153846153846153,1.7692307692307692,55.76923076923077,0,0,13,0,0.0,0,1
CUST-10408,Enterprise,7625.2,7,Education,Europe,Partner/Referral,5,True,23,17,13514.24,active,20,0.622,7,1,31,25.41176470588235,3.0,57.94117647058823,3,0,17,0,77.23128573676756,1,2
CUST-10409,Starter,93.35,15,Professional Services,North America,Inbound/Organic,31,False,23,9,80.54,active,23,0.483,5,0,77,19.333333333333332,0.1111111111111111,55.666666666666664,0,1,9,0,-13.722549544724144,0,1
CUST-10410,Starter,180.92,0,Healthcare,North America,Outbound Sales,14,False,23,24,314.44,active,38,0.971,11,1,74,36.333333333333336,0.16666666666666666,82.66666666666667,3,0,24,0,73.80057483970816,1,2
CUST-10411,Growth,723.07,2,E-commerce,LATAM,Product-Led Trial,70,False,23,22,1127.49,active,39,0.822,5,0,98,30.954545454545453,1.4545454545454546,77.5909090909091,4,1,22,0,55.93096104111635,1,2
CUST-10412,Starter,54.64,20,Manufacturing,Europe,Product-Led Trial,52,True,23,4,54.64,active,24,0.564,8,0,62,19.75,0.0,52.0,0,0,4,0,0.0,0,1
CUST-10413,Enterprise,2582.88,5,Education,North America,Outbound Sales,2,True,23,19,2757.6,active,21,0.602,8,1,45,24.31578947368421,2.1052631578947367,56.578947368421055,1,0,19,0,6.764541906708782,1,2
CUST-10414,Enterprise,1363.31,3,FinTech,North America,Outbound Sales,93,True,23,21,1817.2,active,25,0.713,8,2,83,23.952380952380953,1.4761904761904763,67.71428571428571,2,2,21,0,33.29323484754019,0,1
CUST-10415,Enterprise,3958.4,17,Manufacturing,North America,Inbound/Organic,60,True,23,7,4754.46,active,7,0.05,3,2,10,9.857142857142858,3.2857142857142856,29.857142857142858,1,0,7,0,20.110650767987064,1,2
CUST-10416,Starter,89.72,15,Healthcare,MEA,Partner/Referral,122,False,23,9,89.72,active,37,0.88,10,0,80,35.44444444444444,0.6666666666666666,80.66666666666667,0,0,9,0,0.0,0,1
CUST-10417,Starter,130.67,9,Media,North America,Inbound/Organic,3,False,23,15,167.58,active,24,0.515,5,4,63,24.066666666666666,2.6,53.53333333333333,1,0,15,0,28.24672839978574,1,2
CUST-10418,Growth,585.01,16,FinTech,LATAM,Inbound/Organic,29,False,17,2,528.76,churned,21,0.539,5,1,55,21.0,0.5,62.0,0,1,2,1,-9.615220252645255,0,0
CUST-10419,Growth,337.5,16,SaaS/Tech,Europe,Paid Search,7,False,23,8,364.48,active,8,0.517,8,1,53,20.125,0.75,60.875,1,0,8,0,7.99407407407408,1,2
CUST-10420,Growth,568.91,0,Professional Services,APAC,Product-Led Trial,15,False,13,14,742.03,churned,5,0.07,4,2,24,15.071428571428571,0.7857142857142857,40.714285714285715,1,0,14,1,30.43012075723753,1,0
CUST-10421,Starter,100.8,5,FinTech,MEA,Outbound Sales,51,True,9,5,100.8,churned,13,0.531,8,1,33,16.4,1.4,36.0,0,0,5,1,0.0,0,0
CUST-10422,Growth,736.17,12,Professional Services,Europe,Inbound/Organic,7,False,17,6,736.17,churned,22,0.36,7,3,35,19.0,3.5,56.666666666666664,0,0,6,1,0.0,0,0
CUST-10423,Growth,507.1,18,Healthcare,APAC,Paid Search,16,False,23,6,507.1,active,33,0.826,7,1,92,28.333333333333332,0.8333333333333334,70.16666666666667,0,0,6,0,0.0,0,1
CUST-10424,Enterprise,1682.6,18,Manufacturing,Europe,Inbound/Organic,2,True,23,6,1682.6,active,42,0.826,12,1,61,35.333333333333336,0.8333333333333334,71.33333333333333,0,0,6,0,0.0,0,1
CUST-10425,Starter,121.34,7,Education,MEA,Outbound Sales,108,False,7,1,121.34,churned,16,0.391,9,1,32,16.0,1.0,32.0,0,0,1,1,0.0,0,0
CUST-10426,Starter,180.9,19,Professional Services,North America,Paid Search,37,False,23,5,180.9,active,10,0.228,4,5,33,17.8,5.2,30.4,0,0,5,0,0.0,0,1
CUST-10427,Starter,142.73,2,E-commerce,APAC,Outbound Sales,59,False,23,22,134.16,active,15,0.428,3,2,29,13.090909090909092,2.4545454545454546,39.40909090909091,0,1,22,0,-6.004343866040772,0,1
CUST-10428,Starter,73.42,0,SaaS/Tech,North America,Product-Led Trial,7,False,7,8,73.42,churned,33,0.791,5,3,75,30.125,2.25,67.0,0,0,8,1,0.0,0,0
CUST-10429,Starter,158.9,13,Education,North America,Outbound Sales,5,False,13,1,158.9,churned,14,0.506,7,2,68,14.0,2.0,68.0,0,0,1,1,0.0,0,0
CUST-10430,Starter,99.02,21,Education,North America,Partner/Referral,13,False,23,3,99.02,active,6,0.339,1,1,39,18.0,1.0,36.0,0,0,3,0,0.0,0,1
CUST-10431,Growth,680.28,19,Education,North America,Paid Search,35,False,23,5,680.28,active,21,0.419,3,1,37,21.4,0.2,45.8,0,0,5,0,0.0,0,1
CUST-10432,Starter,116.52,9,SaaS/Tech,North America,Paid Search,19,False,19,11,116.52,churned,27,1.0,8,2,60,29.09090909090909,1.9090909090909092,59.72727272727273,0,0,11,1,0.0,0,0
CUST-10433,Growth,537.76,16,FinTech,North America,Outbound Sales,8,False,23,8,405.15,churned,33,0.755,8,1,68,26.75,1.75,68.75,0,1,8,1,-24.659699494198158,0,0
CUST-10434,Growth,414.56,9,Manufacturing,MEA,Outbound Sales,6,False,23,15,554.36,active,24,0.657,4,2,51,25.266666666666666,1.0666666666666667,62.2,1,0,15,0,33.72250096487843,1,2
CUST-10435,Starter,113.56,19,FinTech,Europe,Outbound Sales,35,False,23,5,113.56,active,35,1.0,12,1,91,36.6,1.0,89.6,0,0,5,0,0.0,0,1
CUST-10436,Starter,51.27,2,Manufacturing,North America,Paid Search,209,False,20,19,76.92,churned,26,0.468,4,1,23,15.736842105263158,2.6842105263157894,40.473684210526315,2,0,19,1,50.029256875365704,1,0
CUST-10437,Growth,399.37,1,Education,North America,Outbound Sales,13,True,23,23,432.72,active,5,0.415,4,7,31,16.869565217391305,4.173913043478261,51.0,1,0,23,0,8.35065227733681,1,2
CUST-10438,Starter,190.71,21,Healthcare,LATAM,Outbound Sales,47,False,23,3,190.71,active,18,0.544,9,1,58,23.666666666666668,1.6666666666666667,60.333333333333336,0,0,3,0,0.0,0,1
CUST-10439,Starter,143.12,12,FinTech,LATAM,Inbound/Organic,102,False,23,12,143.12,active,27,0.579,9,0,63,21.416666666666668,0.8333333333333334,68.75,0,0,12,0,0.0,0,1
CUST-10440,Enterprise,3793.25,12,Manufacturing,North America,Inbound/Organic,159,True,23,12,6204.76,active,25,0.581,6,2,55,23.833333333333332,1.0,53.833333333333336,3,1,12,0,63.57371647004548,1,2
CUST-10441,Starter,182.51,20,Professional Services,APAC,Partner/Referral,24,False,23,4,182.51,active,40,0.845,12,0,90,38.5,0.25,74.25,0,0,4,0,0.0,0,1
CUST-10442,Growth,207.23,16,Healthcare,Europe,Paid Search,8,False,23,8,233.52,active,28,0.757,10,2,79,34.0,1.875,71.0,1,1,8,0,12.686387106113989,0,1
CUST-10443,Enterprise,1350.13,19,Professional Services,North America,Inbound/Organic,50,True,23,5,1350.13,active,24,0.469,7,1,49,17.8,0.4,47.6,0,0,5,0,0.0,0,1
CUST-10444,Starter,89.62,15,E-commerce,North America,Product-Led Trial,5,False,23,9,89.62,active,39,0.832,9,2,82,31.666666666666668,1.8888888888888888,65.44444444444444,0,0,9,0,0.0,0,1
CUST-10445,Growth,497.39,22,E-commerce,LATAM,Outbound Sales,16,False,22,1,497.39,churned,36,0.905,5,1,73,36.0,1.0,73.0,0,0,1,1,0.0,0,0
CUST-10446,Starter,167.02,2,E-commerce,Europe,Outbound Sales,10,False,18,17,167.02,churned,33,0.723,9,1,100,34.35294117647059,0.5882352941176471,75.41176470588235,0,0,17,1,0.0,0,0
CUST-10447,Enterprise,5091.14,6,SaaS/Tech,LATAM,Inbound/Organic,25,True,23,18,6523.63,active,10,0.376,2,2,34,15.277777777777779,2.7777777777777777,43.27777777777778,1,0,18,0,28.136920218261523,1,2
CUST-10448,Enterprise,5665.24,20,E-commerce,Europe,Outbound Sales,78,True,23,4,5665.24,active,21,0.551,6,3,65,15.0,2.75,61.5,0,0,4,0,0.0,0,1
CUST-10449,Growth,627.49,10,Education,APAC,Paid Search,39,False,16,7,517.14,churned,35,0.921,9,0,45,28.285714285714285,0.42857142857142855,65.0,0,1,7,1,-17.58593762450398,0,0
CUST-10450,Starter,115.59,12,FinTech,Europe,Product-Led Trial,14,False,23,12,115.59,active,25,0.765,13,2,92,34.333333333333336,0.6666666666666666,78.16666666666667,0,0,12,0,0.0,0,1
CUST-10451,Starter,155.94,5,E-commerce,Europe,Product-Led Trial,23,False,11,7,155.94,churned,20,0.698,10,1,72,27.714285714285715,1.2857142857142858,66.42857142857143,0,0,7,1,0.0,0,0
CUST-10452,Starter,76.85,20,E-commerce,LATAM,Product-Led Trial,19,False,23,4,76.85,active,29,0.476,7,3,54,23.25,2.75,45.0,0,0,4,0,0.0,0,1
CUST-10453,Starter,187.68,9,Professional Services,North America,Product-Led Trial,98,False,22,14,173.66,churned,21,0.802,9,0,57,25.785714285714285,0.9285714285714286,57.642857142857146,1,1,14,1,-7.470161977834618,0,0
CUST-10454,Enterprise,6525.05,22,Manufacturing,LATAM,Product-Led Trial,6,True,23,2,6525.05,active,30,0.734,4,0,81,25.0,0.0,64.5,0,0,2,0,0.0,0,1
CUST-10455,Growth,951.96,0,SaaS/Tech,North America,Inbound/Organic,5,True,23,24,1711.9,active,30,0.735,9,0,82,31.333333333333332,0.8333333333333334,74.58333333333333,3,0,24,0,79.82898441110972,1,2
CUST-10456,Enterprise,3442.23,8,Manufacturing,APAC,Inbound/Organic,14,True,12,5,3442.23,churned,16,0.272,1,3,38,19.2,3.4,45.8,0,0,5,1,0.0,0,0
CUST-10457,Starter,50.99,8,Education,Europe,Product-Led Trial,2,False,23,16,50.99,active,38,0.688,12,2,92,29.375,2.625,72.5,0,0,16,0,0.0,0,1
CUST-10458,Starter,122.41,12,SaaS/Tech,APAC,Product-Led Trial,71,False,23,12,122.41,churned,27,0.604,9,1,45,26.25,0.4166666666666667,63.0,0,0,12,1,0.0,0,0
CUST-10459,Starter,61.53,16,Manufacturing,North America,Paid Search,67,False,22,7,69.34,churned,22,0.427,4,3,51,27.142857142857142,3.142857142857143,53.0,1,0,7,1,12.692995286851946,1,0
CUST-10460,Starter,144.2,18,FinTech,North America,Paid Search,5,True,23,6,144.2,active,30,0.905,12,1,70,39.333333333333336,0.8333333333333334,82.16666666666667,0,0,6,0,0.0,0,1
CUST-10461,Starter,84.13,14,Manufacturing,MEA,Outbound Sales,47,False,23,10,84.13,active,33,0.657,7,4,79,24.8,1.0,59.6,0,0,10,0,0.0,0,1
CUST-10462,Starter,113.34,18,Healthcare,APAC,Paid Search,24,False,23,6,113.34,active,23,0.575,9,3,48,26.833333333333332,1.8333333333333333,61.666666666666664,0,0,6,0,0.0,0,1
CUST-10463,Enterprise,5419.93,15,Professional Services,North America,Inbound/Organic,5,True,23,9,5419.93,active,36,0.779,11,1,98,27.77777777777778,0.7777777777777778,81.0,0,0,9,0,0.0,0,1
CUST-10464,Growth,945.57,6,Media,MEA,Inbound/Organic,14,False,23,18,1169.15,active,38,0.805,6,2,77,32.77777777777778,1.0,82.16666666666667,1,0,18,0,23.64499719745762,1,2
CUST-10465,Starter,125.17,20,SaaS/Tech,North America,Inbound/Organic,5,False,23,4,125.17,active,20,0.488,7,0,16,22.0,0.5,38.75,0,0,4,0,0.0,0,1
CUST-10466,Growth,526.09,20,Healthcare,APAC,Partner/Referral,36,False,23,4,651.16,active,29,0.824,5,1,68,25.75,1.0,75.25,1,0,4,0,23.773498830998484,1,2
CUST-10467,Growth,571.58,21,Media,North America,Partner/Referral,46,False,23,3,625.57,active,11,0.65,5,3,58,19.666666666666668,2.3333333333333335,55.333333333333336,1,0,3,0,9.445746877077575,1,2
CUST-10468,Growth,560.58,18,Healthcare,APAC,Product-Led Trial,17,False,23,6,560.58,active,23,0.562,7,5,67,26.166666666666668,2.8333333333333335,48.666666666666664,0,0,6,0,0.0,0,1
CUST-10469,Growth,212.39,15,E-commerce,North America,Partner/Referral,24,False,23,9,212.39,active,16,0.367,8,2,82,21.77777777777778,1.8888888888888888,58.22222222222222,0,0,9,0,0.0,0,1
CUST-10470,Growth,877.49,19,SaaS/Tech,MEA,Paid Search,91,False,23,5,877.49,active,16,0.64,8,1,67,16.2,0.6,66.4,0,0,5,0,0.0,0,1
CUST-10471,Enterprise,4913.41,2,Healthcare,North America,Outbound Sales,14,True,23,22,9335.17,active,34,0.6,7,0,79,30.545454545454547,0.45454545454545453,73.04545454545455,3,0,22,0,89.99371108863295,1,2
CUST-10472,Growth,499.21,19,Healthcare,Europe,Outbound Sales,20,False,23,5,499.21,active,9,0.219,2,3,52,10.8,2.0,29.2,0,0,5,0,0.0,0,1
CUST-10473,Enterprise,3612.69,1,Education,North America,Inbound/Organic,50,True,23,23,6106.19,active,32,0.668,8,4,59,23.0,2.5217391304347827,55.21739130434783,2,0,23,0,69.02059130454037,1,2
CUST-10474,Growth,540.43,4,Media,APAC,Paid Search,51,False,23,20,658.31,active,25,0.403,5,1,50,19.5,0.8,50.15,1,1,20,0,21.812260607294192,0,1
CUST-10475,Growth,477.22,5,Education,North America,Outbound Sales,8,False,23,19,899.14,active,35,1.0,10,2,94,38.8421052631579,0.7894736842105263,86.84210526315789,3,0,19,0,88.4120531411089,1,2
CUST-10476,Growth,881.22,20,Manufacturing,APAC,Partner/Referral,179,False,23,4,791.62,active,22,0.592,7,2,71,28.0,1.0,63.25,0,1,4,0,-10.167722021742588,0,1
CUST-10477,Starter,96.07,7,Education,North America,Partner/Referral,19,False,10,4,96.07,churned,14,0.506,5,2,51,24.25,1.75,57.25,0,0,4,1,0.0,0,0
CUST-10478,Growth,645.78,1,E-commerce,North America,Paid Search,45,False,23,23,645.78,active,20,0.558,6,0,34,24.17391304347826,0.7391304347826086,69.34782608695652,0,0,23,0,0.0,0,1
CUST-10479,Growth,626.07,2,Manufacturing,APAC,Product-Led Trial,22,False,2,1,626.07,churned,22,0.507,10,0,79,22.0,0.0,79.0,0,0,1,1,0.0,0,0
CUST-10480,Starter,77.64,13,Education,Europe,Paid Search,77,False,21,9,77.64,churned,21,0.595,8,0,82,20.0,0.5555555555555556,49.55555555555556,0,0,9,1,0.0,0,0
CUST-10481,Growth,349.99,19,E-commerce,APAC,Partner/Referral,44,False,23,5,349.99,active,18,0.518,9,1,65,21.6,2.0,66.8,0,0,5,0,0.0,0,1
CUST-10482,Starter,118.6,21,Manufacturing,Europe,Outbound Sales,40,False,23,3,85.64,active,38,0.993,5,1,82,30.333333333333332,0.3333333333333333,92.0,0,1,3,0,-27.790893760539625,0,1
CUST-10483,Growth,542.76,13,Healthcare,Europe,Product-Led Trial,83,False,23,11,542.76,active,31,0.487,4,2,78,26.454545454545453,2.8181818181818183,62.18181818181818,0,0,11,0,0.0,0,1
CUST-10484,Growth,275.37,7,Healthcare,APAC,Product-Led Trial,56,False,12,6,275.37,churned,38,0.709,7,2,87,30.666666666666668,1.0,68.33333333333333,0,0,6,1,0.0,0,0
CUST-10485,Enterprise,2690.48,14,Media,Europe,Inbound/Organic,48,True,23,10,3111.63,active,34,0.826,8,0,80,28.0,1.7,62.2,1,0,10,0,15.653340667836227,1,2
CUST-10486,Enterprise,7241.98,20,Healthcare,Europe,Partner/Referral,6,True,23,4,7241.98,active,26,0.469,5,4,52,29.75,2.0,52.0,0,0,4,0,0.0,0,1
CUST-10487,Starter,163.65,17,SaaS/Tech,APAC,Outbound Sales,52,True,23,7,163.65,active,14,0.383,6,0,71,17.714285714285715,1.0,54.714285714285715,0,0,7,0,0.0,0,1
CUST-10488,Enterprise,3903.71,9,Healthcare,Europe,Product-Led Trial,107,True,23,15,5491.01,active,22,0.545,9,2,92,26.466666666666665,2.6,66.8,2,0,15,0,40.661319616467416,1,2
CUST-10489,Growth,310.61,19,Media,Europe,Outbound Sales,59,False,23,5,310.61,churned,7,0.22,2,1,33,9.0,0.4,35.8,0,0,5,1,0.0,0,0
CUST-10490,Starter,128.15,4,Healthcare,Europe,Paid Search,83,False,4,1,128.15,churned,13,0.557,5,0,75,13.0,0.0,75.0,0,0,1,1,0.0,0,0
CUST-10491,Growth,242.63,10,Education,Europe,Paid Search,44,True,23,14,242.63,active,7,0.521,5,0,51,22.714285714285715,0.7142857142857143,62.07142857142857,0,0,14,0,0.0,0,1
CUST-10492,Enterprise,5421.5,22,SaaS/Tech,Europe,Inbound/Organic,5,True,23,2,5421.5,active,12,0.416,6,2,54,15.0,3.0,44.5,0,0,2,0,0.0,0,1
CUST-10493,Starter,144.39,3,SaaS/Tech,North America,Partner/Referral,63,True,5,3,144.39,churned,22,0.545,4,0,79,19.0,0.6666666666666666,65.33333333333333,0,0,3,1,0.0,0,0
CUST-10494,Growth,561.88,13,Manufacturing,North America,Paid Search,43,False,23,11,590.26,active,21,0.774,8,0,64,25.90909090909091,0.5454545454545454,69.54545454545455,1,0,11,0,5.050900548159749,1,2
CUST-10495,Enterprise,6619.68,5,Healthcare,Europe,Paid Search,106,True,23,19,6619.68,active,0,0.236,1,6,15,8.894736842105264,3.8947368421052633,29.68421052631579,0,0,19,0,0.0,0,1
CUST-10496,Starter,72.05,4,SaaS/Tech,North America,Partner/Referral,29,True,23,20,72.05,active,18,0.479,5,0,63,23.35,0.5,53.75,0,0,20,0,0.0,0,1
CUST-10497,Growth,761.41,7,E-commerce,North America,Partner/Referral,17,False,23,17,1251.14,active,31,0.553,9,1,72,30.88235294117647,0.4117647058823529,71.47058823529412,2,0,17,0,64.31882953993251,1,2
CUST-10498,Enterprise,5613.32,6,Media,LATAM,Outbound Sales,9,True,23,18,7119.07,active,21,0.478,8,1,32,14.38888888888889,1.3333333333333333,44.333333333333336,2,1,18,0,26.824588656980186,1,2
CUST-10499,Enterprise,7980.67,19,Education,LATAM,Inbound/Organic,73,True,23,5,7980.67,active,36,0.828,11,0,64,29.8,0.4,70.6,0,0,5,0,0.0,0,1
CUST-10500,Growth,877.06,13,FinTech,North America,Product-Led Trial,19,True,23,11,783.07,active,45,0.974,11,0,86,39.54545454545455,0.45454545454545453,85.18181818181819,1,1,11,0,-10.71648461906824,0,1
CUST-10501,Starter,83.4,19,E-commerce,North America,Paid Search,10,True,20,2,61.41,churned,12,0.518,1,0,55,23.0,0.5,54.5,0,1,2,1,-26.36690647482015,0,0
CUST-10502,Starter,128.48,4,Manufacturing,North America,Partner/Referral,64,False,10,7,128.48,churned,23,0.564,10,2,83,24.571428571428573,2.142857142857143,55.42857142857143,0,0,7,1,0.0,0,0
CUST-10503,Starter,83.88,9,Professional Services,North America,Partner/Referral,12,False,10,2,83.88,churned,19,0.563,6,0,59,23.5,0.0,59.5,0,0,2,1,0.0,0,0
CUST-10504,Starter,80.58,21,FinTech,North America,Paid Search,44,False,23,3,80.58,active,16,0.704,12,1,69,23.0,0.3333333333333333,60.666666666666664,0,0,3,0,0.0,0,1
CUST-10505,Starter,120.77,9,Media,North America,Outbound Sales,62,True,14,6,120.77,churned,11,0.474,5,1,54,12.5,1.1666666666666667,35.0,0,0,6,1,0.0,0,0
CUST-10506,Starter,180.31,0,Professional Services,MEA,Paid Search,6,False,23,24,180.31,active,16,0.229,1,4,0,15.041666666666666,2.0416666666666665,38.75,0,0,24,0,0.0,0,1
CUST-10507,Growth,733.1,7,SaaS/Tech,LATAM,Product-Led Trial,2,False,23,17,910.42,active,32,0.755,6,1,96,28.529411764705884,0.6470588235294118,76.58823529411765,1,0,17,0,24.18769608511798,1,2
CUST-10508,Enterprise,3600.27,20,E-commerce,Europe,Inbound/Organic,2,True,23,4,3600.27,active,19,0.806,9,0,34,24.5,1.0,54.75,0,0,4,0,0.0,0,1
CUST-10509,Enterprise,3529.83,2,Media,Europe,Partner/Referral,4,True,23,22,4842.06,active,39,0.54,9,1,6,23.5,2.3181818181818183,48.40909090909091,2,0,22,0,37.1754447098019,1,2
CUST-10510,Starter,126.08,7,Education,LATAM,Inbound/Organic,32,False,7,1,126.08,churned,26,0.573,8,0,50,26.0,0.0,50.0,0,0,1,1,0.0,0,0
CUST-10511,Growth,715.15,3,FinTech,Europe,Inbound/Organic,6,False,23,21,816.73,active,23,0.482,3,1,45,17.0,1.1428571428571428,46.80952380952381,2,1,21,0,14.20401314409565,1,2
CUST-10512,Starter,68.75,20,Manufacturing,APAC,Outbound Sales,39,False,23,4,68.75,churned,22,0.669,4,0,59,19.0,0.0,54.5,0,0,4,1,0.0,0,0
CUST-10513,Enterprise,7789.49,7,Manufacturing,North America,Outbound Sales,15,True,23,17,10371.77,active,35,1.0,14,3,98,35.411764705882355,1.3529411764705883,83.11764705882354,2,0,17,0,33.150822454358384,1,2
CUST-10514,Enterprise,7257.9,11,SaaS/Tech,APAC,Product-Led Trial,13,True,23,13,8771.13,active,25,0.586,12,0,51,21.076923076923077,0.07692307692307693,53.76923076923077,1,0,13,0,20.849419253503072,1,2
CUST-10515,Growth,376.18,20,E-commerce,Europe,Partner/Referral,41,True,20,1,376.18,churned,30,0.845,10,0,73,30.0,0.0,73.0,0,0,1,1,0.0,0,0
CUST-10516,Enterprise,6548.16,19,FinTech,APAC,Partner/Referral,2,True,23,5,6548.16,active,28,0.668,7,6,49,19.0,4.6,48.6,0,0,5,0,0.0,0,1
CUST-10517,Starter,121.92,17,Healthcare,North America,Outbound Sales,12,False,18,2,121.92,churned,9,0.26,1,2,41,11.0,2.0,38.5,0,0,2,1,0.0,0,0
CUST-10518,Enterprise,4276.48,16,FinTech,APAC,Paid Search,26,True,23,8,4276.48,active,35,1.0,10,1,78,38.0,0.875,87.25,0,0,8,0,0.0,0,1
CUST-10519,Growth,947.2,17,Education,APAC,Paid Search,144,False,23,7,1120.97,active,46,0.991,12,0,96,47.857142857142854,0.7142857142857143,81.14285714285714,1,0,7,0,18.345650337837835,1,2
CUST-10520,Starter,79.67,22,SaaS/Tech,Europe,Partner/Referral,16,False,23,2,79.67,active,19,0.577,3,0,53,18.5,0.0,47.0,0,0,2,0,0.0,0,1
CUST-10521,Starter,142.95,0,SaaS/Tech,Europe,Inbound/Organic,227,False,8,9,128.79,churned,6,0.314,4,2,39,9.222222222222221,1.5555555555555556,38.55555555555556,0,1,9,1,-9.905561385099682,0,0
CUST-10522,Growth,372.19,14,FinTech,APAC,Inbound/Organic,4,False,23,10,296.96,active,21,0.573,5,1,54,20.4,1.1,47.4,0,1,10,0,-20.212794540422905,0,1
CUST-10523,Starter,169.22,18,Healthcare,Europe,Inbound/Organic,56,False,23,6,169.22,active,15,0.591,7,0,68,20.166666666666668,0.8333333333333334,49.166666666666664,0,0,6,0,0.0,0,1
CUST-10524,Growth,884.34,7,Professional Services,LATAM,Paid Search,84,False,11,5,884.34,churned,28,0.51,7,0,74,27.8,1.2,56.4,0,0,5,1,0.0,0,0
CUST-10525,Starter,91.42,18,Healthcare,North America,Product-Led Trial,9,False,23,6,91.42,active,6,0.874,5,1,61,27.0,1.0,68.16666666666667,0,0,6,0,0.0,0,1
CUST-10526,Growth,945.63,16,Manufacturing,Europe,Partner/Referral,35,False,23,8,945.63,active,31,0.988,8,0,64,34.0,0.25,74.375,0,0,8,0,0.0,0,1
CUST-10527,Starter,193.5,19,E-commerce,APAC,Inbound/Organic,44,False,23,5,193.5,active,21,0.546,7,1,71,20.4,0.8,65.4,0,0,5,0,0.0,0,1
CUST-10528,Starter,168.17,2,Manufacturing,North America,Outbound Sales,25,False,23,22,168.17,active,30,0.68,9,2,80,29.954545454545453,1.0,65.22727272727273,0,0,22,0,0.0,0,1
CUST-10529,Enterprise,4169.7,5,FinTech,North America,Partner/Referral,31,True,23,19,5446.75,active,37,0.732,9,0,66,24.57894736842105,0.42105263157894735,55.0,2,0,19,0,30.626903614168892,1,2
CUST-10530,Starter,100.21,12,SaaS/Tech,LATAM,Outbound Sales,19,False,23,12,100.21,active,36,0.954,7,2,91,36.583333333333336,2.3333333333333335,79.25,0,0,12,0,0.0,0,1
CUST-10531,Growth,802.34,9,Healthcare,LATAM,Product-Led Trial,4,True,23,15,910.97,active,42,1.0,11,1,95,38.13333333333333,0.5333333333333333,82.73333333333333,1,0,15,0,13.539147992123038,1,2
CUST-10532,Enterprise,6489.44,2,FinTech,LATAM,Partner/Referral,3,True,23,22,8093.53,active,28,0.919,10,0,91,28.318181818181817,0.18181818181818182,76.5,1,0,22,0,24.718465691954933,1,2
CUST-10533,Enterprise,7268.94,22,FinTech,North America,Inbound/Organic,4,True,23,2,7268.94,active,20,0.687,9,0,70,20.0,1.0,72.0,0,0,2,0,0.0,0,1
CUST-10534,Starter,158.46,2,E-commerce,Europe,Partner/Referral,31,False,23,22,124.38,active,47,1.0,14,0,100,29.818181818181817,0.6363636363636364,78.5,1,2,22,0,-21.507004922377895,0,1
CUST-10535,Growth,439.65,19,Professional Services,Europe,Product-Led Trial,161,False,23,5,439.65,active,20,0.778,10,1,92,27.0,2.0,82.8,0,0,5,0,0.0,0,1
CUST-10536,Starter,102.27,10,Media,North America,Partner/Referral,8,False,12,3,102.27,churned,18,0.481,5,1,54,18.0,0.6666666666666666,48.333333333333336,0,0,3,1,0.0,0,0
CUST-10537,Growth,759.05,7,E-commerce,Europe,Partner/Referral,30,True,11,5,759.05,churned,16,0.094,6,1,62,13.0,2.2,36.4,0,0,5,1,0.0,0,0
CUST-10538,Enterprise,6606.86,4,E-commerce,Europe,Product-Led Trial,130,True,23,20,8030.18,active,30,0.622,7,2,32,16.65,1.95,48.75,4,1,20,0,21.543062816527076,1,2
CUST-10539,Starter,147.81,11,FinTech,LATAM,Product-Led Trial,47,False,23,13,147.81,active,23,0.686,9,6,53,22.307692307692307,3.1538461538461537,60.38461538461539,0,0,13,0,0.0,0,1
CUST-10540,Starter,189.75,21,FinTech,MEA,Inbound/Organic,13,True,23,3,189.75,active,48,1.0,9,1,100,44.333333333333336,0.6666666666666666,94.66666666666667,0,0,3,0,0.0,0,1
CUST-10541,Starter,127.54,21,Media,MEA,Inbound/Organic,15,False,22,2,127.54,churned,22,0.46,6,3,74,30.0,3.0,74.0,0,0,2,1,0.0,0,0
CUST-10542,Growth,487.01,20,Professional Services,APAC,Outbound Sales,5,False,23,4,487.01,active,42,0.773,10,0,55,42.0,0.25,75.0,0,0,4,0,0.0,0,1
CUST-10543,Starter,80.36,16,Manufacturing,Europe,Product-Led Trial,5,False,20,5,80.36,churned,17,0.792,9,1,56,22.2,0.6,64.6,0,0,5,1,0.0,0,0
CUST-10544,Starter,106.15,14,Manufacturing,APAC,Product-Led Trial,3,False,17,4,106.15,churned,16,0.587,9,0,83,20.25,1.0,67.75,0,0,4,1,0.0,0,0
CUST-10545,Starter,189.06,16,Professional Services,Europe,Paid Search,16,False,16,1,189.06,churned,40,0.906,6,1,74,40.0,1.0,74.0,0,0,1,1,0.0,0,0
CUST-10546,Starter,86.47,17,E-commerce,North America,Inbound/Organic,16,False,23,7,86.47,active,34,0.512,6,2,58,29.571428571428573,2.0,75.42857142857143,0,0,7,0,0.0,0,1
CUST-10547,Starter,140.92,10,Professional Services,Europe,Inbound/Organic,29,False,13,4,140.92,churned,29,0.751,10,0,33,24.75,0.75,60.75,0,0,4,1,0.0,0,0
CUST-10548,Starter,151.2,15,FinTech,APAC,Product-Led Trial,66,False,17,3,151.2,churned,34,0.581,8,3,58,23.333333333333332,2.0,70.33333333333333,0,0,3,1,0.0,0,0
CUST-10549,Starter,161.5,5,E-commerce,Europe,Product-Led Trial,21,True,23,19,133.77,active,41,0.766,10,0,62,34.578947368421055,0.8421052631578947,73.52631578947368,0,1,19,0,-17.170278637770892,0,1
CUST-10550,Starter,76.27,15,FinTech,LATAM,Partner/Referral,6,False,15,1,76.27,churned,4,0.421,9,0,59,4.0,0.0,59.0,0,0,1,1,0.0,0,0
CUST-10551,Growth,384.87,14,Healthcare,North America,Product-Led Trial,17,False,23,10,495.7,active,29,0.602,6,0,48,24.6,0.4,63.4,1,0,10,0,28.79673656039701,1,2
CUST-10552,Starter,118.69,6,E-commerce,North America,Outbound Sales,18,True,10,5,118.69,churned,28,0.458,4,0,39,21.8,0.0,45.6,0,0,5,1,0.0,0,0
CUST-10553,Growth,518.18,1,Healthcare,LATAM,Product-Led Trial,12,True,1,1,518.18,churned,32,0.786,9,1,66,32.0,1.0,66.0,0,0,1,1,0.0,0,0
CUST-10554,Enterprise,2660.01,11,FinTech,APAC,Paid Search,23,True,23,13,2568.1,active,34,1.0,7,1,67,33.76923076923077,0.7692307692307693,80.46153846153847,1,1,13,0,-3.4552501682324612,0,1
CUST-10555,Growth,446.47,19,Manufacturing,North America,Outbound Sales,93,False,23,5,509.63,active,27,0.62,10,1,65,21.6,2.0,70.2,1,0,5,0,14.146527202275621,1,2
CUST-10556,Enterprise,5989.92,3,Professional Services,North America,Inbound/Organic,40,True,23,21,5688.03,active,21,0.611,5,1,45,27.142857142857142,1.2857142857142858,64.28571428571429,1,1,21,0,-5.039967144803275,0,1
CUST-10557,Enterprise,4084.01,0,FinTech,North America,Outbound Sales,16,True,23,24,4841.21,active,31,0.896,9,1,84,29.25,1.375,71.5,1,0,24,0,18.540601026931856,1,2
CUST-10558,Growth,823.37,8,FinTech,North America,Inbound/Organic,3,False,23,16,917.57,active,23,0.676,10,2,63,30.6875,1.0625,61.0,1,1,16,0,11.440786037868763,0,1
CUST-10559,Starter,182.07,4,Professional Services,Europe,Inbound/Organic,12,False,4,1,182.07,churned,6,0.354,2,2,26,6.0,2.0,26.0,0,0,1,1,0.0,0,0
CUST-10560,Starter,111.72,9,Manufacturing,APAC,Paid Search,80,True,23,15,134.47,active,32,0.678,6,2,85,21.0,1.5333333333333334,63.2,1,1,15,0,20.36340852130326,0,1
CUST-10561,Starter,99.34,9,Healthcare,North America,Product-Led Trial,13,False,23,15,99.34,active,31,0.544,7,0,38,26.6,1.4666666666666666,54.266666666666666,0,0,15,0,0.0,0,1
CUST-10562,Enterprise,1948.22,1,FinTech,North America,Paid Search,3,True,23,23,1948.22,active,11,0.129,4,2,53,11.869565217391305,2.739130434782609,40.78260869565217,0,0,23,0,0.0,0,1
CUST-10563,Starter,136.49,5,SaaS/Tech,APAC,Paid Search,104,False,13,9,96.0,churned,28,0.483,7,3,64,25.0,2.0,67.0,0,1,9,1,-29.665176936039273,0,0
CUST-10564,Starter,195.07,1,E-commerce,North America,Outbound Sales,137,True,21,21,195.36,churned,34,0.612,11,3,54,24.61904761904762,1.619047619047619,61.523809523809526,1,1,21,1,0.14866458194495333,0,0
CUST-10565,Growth,355.36,11,Education,APAC,Inbound/Organic,38,False,22,12,408.32,churned,24,0.608,10,0,54,28.166666666666668,1.3333333333333333,68.58333333333333,1,0,12,1,14.903196758217014,1,0
CUST-10566,Starter,87.91,7,Education,North America,Partner/Referral,2,False,8,2,87.91,churned,46,0.64,10,0,85,34.5,0.5,79.0,0,0,2,1,0.0,0,0
CUST-10567,Starter,80.67,9,Professional Services,North America,Partner/Referral,12,False,11,3,80.67,churned,0,0.362,1,1,25,19.333333333333332,0.6666666666666666,39.666666666666664,0,0,3,1,0.0,0,0
CUST-10568,Growth,587.03,14,Manufacturing,Europe,Product-Led Trial,105,False,14,1,587.03,churned,24,0.584,3,0,5,24.0,0.0,5.0,0,0,1,1,0.0,0,0
CUST-10569,Starter,71.39,5,Professional Services,North America,Paid Search,34,True,23,19,87.05,active,29,0.729,6,2,52,27.526315789473685,1.894736842105263,58.94736842105263,1,1,19,0,21.9358453564925,0,1
CUST-10570,Starter,107.79,22,E-commerce,North America,Product-Led Trial,5,False,23,2,107.79,active,12,0.299,2,2,47,6.0,2.0,38.5,0,0,2,0,0.0,0,1
CUST-10571,Starter,65.67,5,Manufacturing,LATAM,Inbound/Organic,6,True,16,12,65.67,churned,29,0.362,6,2,58,23.25,1.0833333333333333,63.833333333333336,0,0,12,1,0.0,0,0
CUST-10572,Growth,284.37,4,FinTech,Europe,Outbound Sales,114,False,23,20,284.37,active,22,0.346,3,5,27,21.2,2.7,53.2,0,0,20,0,0.0,0,1
CUST-10573,Starter,197.89,9,Professional Services,MEA,Outbound Sales,6,False,23,15,105.45,active,33,0.54,9,3,56,23.4,2.0,59.333333333333336,0,2,15,0,-46.71282025367628,0,1
CUST-10574,Starter,163.25,20,Education,Europe,Product-Led Trial,16,False,23,4,163.25,active,21,0.523,6,0,91,23.25,1.25,76.75,0,0,4,0,0.0,0,1
CUST-10575,Growth,731.63,15,Media,North America,Product-Led Trial,127,False,23,9,901.44,active,10,0.34,1,2,10,15.333333333333334,1.8888888888888888,38.888888888888886,1,0,9,0,23.2098191708924,1,2
CUST-10576,Starter,68.38,20,FinTech,Europe,Paid Search,19,False,23,4,68.38,active,10,0.421,7,3,49,16.25,2.5,49.5,0,0,4,0,0.0,0,1
CUST-10577,Starter,146.81,20,E-commerce,APAC,Paid Search,3,False,23,4,146.81,active,37,0.894,9,1,53,29.5,2.0,65.25,0,0,4,0,0.0,0,1
CUST-10578,Starter,67.89,7,E-commerce,Europe,Product-Led Trial,52,False,23,17,67.89,active,43,0.953,11,0,100,31.176470588235293,0.9411764705882353,72.6470588235294,0,0,17,0,0.0,0,1
CUST-10579,Growth,721.14,14,Education,Europe,Product-Led Trial,23,False,23,10,721.14,active,25,0.4,3,0,48,12.7,1.9,39.4,0,0,10,0,0.0,0,1
CUST-10580,Enterprise,1314.98,8,Media,North America,Paid Search,4,True,23,16,942.14,active,24,0.713,8,3,55,17.8125,2.9375,42.8125,0,1,16,0,-28.35328293966448,0,1
CUST-10581,Starter,53.18,9,Media,APAC,Partner/Referral,158,False,16,8,53.18,churned,16,0.469,7,1,74,18.5,2.25,59.25,0,0,8,1,0.0,0,0
CUST-10582,Growth,737.6,3,Media,Europe,Paid Search,31,True,16,14,737.6,churned,17,0.343,4,6,25,20.571428571428573,6.214285714285714,50.42857142857143,0,0,14,1,0.0,0,0
CUST-10583,Enterprise,5038.17,6,Media,North America,Product-Led Trial,26,True,23,18,5138.75,active,28,0.762,11,2,39,33.44444444444444,1.8333333333333333,78.77777777777777,2,1,18,0,1.9963597893679634,1,2
CUST-10584,Growth,472.43,11,Manufacturing,North America,Partner/Referral,4,False,23,13,333.46,active,32,0.834,9,1,87,30.23076923076923,2.076923076923077,72.92307692307692,1,2,13,0,-29.415998137290185,0,1
CUST-10585,Growth,664.38,22,Media,APAC,Outbound Sales,64,False,22,1,664.38,churned,17,0.484,6,1,47,17.0,1.0,47.0,0,0,1,1,0.0,0,0
CUST-10586,Starter,68.17,6,Professional Services,North America,Partner/Referral,88,False,23,18,57.4,active,28,1.0,10,0,95,26.77777777777778,0.3333333333333333,62.666666666666664,0,1,18,0,-15.798738447997657,0,1
CUST-10587,Starter,69.19,11,SaaS/Tech,APAC,Partner/Referral,6,False,23,13,69.19,active,30,0.864,8,1,65,29.53846153846154,1.5384615384615385,67.0,0,0,13,0,0.0,0,1
CUST-10588,Starter,109.3,7,Media,APAC,Outbound Sales,5,True,23,17,104.79,active,26,0.824,10,1,92,31.58823529411765,0.8235294117647058,65.11764705882354,1,1,17,0,-4.12625800548947,0,1
CUST-10589,Growth,880.07,19,Healthcare,LATAM,Product-Led Trial,10,True,23,5,880.07,active,5,0.205,5,2,38,13.0,1.6,29.4,0,0,5,0,0.0,0,1
CUST-10590,Growth,503.6,12,Education,North America,Inbound/Organic,15,True,23,12,409.53,active,30,0.966,7,4,80,26.333333333333332,3.0833333333333335,70.0,0,1,12,0,-18.679507545671175,0,1
CUST-10591,Starter,173.46,21,Media,Europe,Paid Search,2,True,23,3,173.46,active,33,0.996,8,0,60,34.0,1.0,59.333333333333336,0,0,3,0,0.0,0,1
CUST-10592,Enterprise,4246.7,20,Professional Services,North America,Paid Search,92,True,23,4,4246.7,active,17,0.794,9,1,73,27.0,2.25,71.0,0,0,4,0,0.0,0,1
CUST-10593,Starter,68.98,2,FinTech,North America,Outbound Sales,86,True,23,22,82.24,active,20,0.696,6,1,65,28.40909090909091,0.2727272727272727,66.13636363636364,2,1,22,0,19.222963177732662,1,2
CUST-10594,Growth,405.14,6,FinTech,Europe,Outbound Sales,55,False,23,18,405.14,active,24,0.607,9,2,44,15.555555555555555,0.8333333333333334,34.55555555555556,0,0,18,0,0.0,0,1
CUST-10595,Starter,91.68,19,Professional Services,Europe,Outbound Sales,119,False,23,5,91.68,active,42,1.0,11,1,100,34.8,0.8,85.6,0,0,5,0,0.0,0,1
CUST-10596,Starter,193.52,15,Healthcare,Europe,Outbound Sales,67,False,23,9,193.52,active,41,0.508,5,0,72,28.88888888888889,0.6666666666666666,68.22222222222223,0,0,9,0,0.0,0,1
CUST-10597,Enterprise,7828.31,14,Professional Services,North America,Outbound Sales,10,True,23,10,9958.33,active,14,0.428,5,0,24,18.6,0.1,50.5,1,0,10,0,27.209193299703248,1,2
CUST-10598,Growth,855.23,5,E-commerce,Europe,Partner/Referral,67,False,23,19,1059.16,active,26,0.567,8,6,55,28.63157894736842,1.2105263157894737,67.57894736842105,1,0,19,0,23.84504753107352,1,2
CUST-10599,Enterprise,5081.91,21,Professional Services,North America,Outbound Sales,4,True,23,3,5081.91,active,33,1.0,12,4,96,34.333333333333336,3.0,74.66666666666667,0,0,3,0,0.0,0,1
CUST-10600,Enterprise,7975.96,11,E-commerce,APAC,Partner/Referral,53,True,23,13,10939.91,active,31,0.624,7,2,89,31.692307692307693,0.7692307692307693,68.3076923076923,2,1,13,0,37.161043937030776,1,2
CUST-10601,Starter,96.37,12,SaaS/Tech,APAC,Inbound/Organic,18,False,15,4,96.37,churned,12,0.147,3,4,15,9.75,2.5,30.75,0,0,4,1,0.0,0,0
CUST-10602,Growth,943.58,6,Manufacturing,North America,Partner/Referral,31,False,23,18,1886.34,active,7,0.289,6,1,22,17.22222222222222,2.5,46.22222222222222,4,0,18,0,99.91309692871828,1,2
CUST-10603,Starter,58.31,18,SaaS/Tech,Europe,Outbound Sales,8,False,20,3,58.31,churned,22,0.665,3,4,58,24.666666666666668,3.0,60.333333333333336,0,0,3,1,0.0,0,0
CUST-10604,Enterprise,4162.18,19,Education,LATAM,Inbound/Organic,3,True,23,5,4768.33,active,19,0.436,2,6,44,19.8,2.6,52.0,1,0,5,0,14.563281741779537,1,2
CUST-10605,Growth,553.18,19,E-commerce,North America,Inbound/Organic,5,False,23,5,553.18,churned,15,0.395,4,0,59,18.8,0.4,56.2,0,0,5,1,0.0,0,0
CUST-10606,Growth,962.7,8,E-commerce,Europe,Product-Led Trial,9,False,23,16,690.37,active,16,0.423,1,2,0,14.625,1.9375,23.9375,0,1,16,0,-28.288147917315886,0,1
CUST-10607,Starter,142.0,21,E-commerce,North America,Paid Search,14,False,23,3,142.0,active,28,0.503,6,2,39,26.666666666666668,1.6666666666666667,43.0,0,0,3,0,0.0,0,1
CUST-10608,Growth,476.04,18,FinTech,Europe,Outbound Sales,64,True,23,6,476.04,active,45,1.0,8,0,98,31.5,0.16666666666666666,79.0,0,0,6,0,0.0,0,1
CUST-10609,Starter,180.82,2,Professional Services,LATAM,Partner/Referral,158,False,23,22,154.4,active,39,0.686,8,1,54,29.045454545454547,0.45454545454545453,70.72727272727273,0,1,22,0,-14.611215573498502,0,1
CUST-10610,Growth,454.98,15,Professional Services,Europe,Outbound Sales,5,False,23,9,454.98,active,25,0.676,2,2,53,30.444444444444443,1.3333333333333333,65.44444444444444,0,0,9,0,0.0,0,1
CUST-10611,Growth,458.16,22,E-commerce,North America,Partner/Referral,8,True,23,2,458.16,active,24,0.545,11,0,50,33.0,0.0,57.0,0,0,2,0,0.0,0,1
CUST-10612,Starter,126.44,4,Manufacturing,Europe,Inbound/Organic,38,False,23,20,126.44,active,38,0.966,17,2,89,40.45,2.5,86.7,0,0,20,0,0.0,0,1
CUST-10613,Starter,180.08,11,Professional Services,North America,Outbound Sales,14,True,23,13,180.08,active,16,0.342,3,0,29,11.153846153846153,0.15384615384615385,30.076923076923077,0,0,13,0,0.0,0,1
CUST-10614,Starter,145.59,20,FinTech,North America,Outbound Sales,20,False,23,4,159.31,active,33,0.752,8,1,74,34.25,0.75,73.0,1,0,4,0,9.423724156878906,1,2
CUST-10615,Enterprise,6847.61,10,FinTech,North America,Partner/Referral,5,True,23,14,6847.61,active,11,0.66,5,0,59,19.428571428571427,0.35714285714285715,53.92857142857143,0,0,14,0,0.0,0,1
CUST-10616,Starter,168.97,21,E-commerce,APAC,Paid Search,40,False,23,3,168.97,active,25,0.639,9,2,38,21.333333333333332,3.3333333333333335,45.333333333333336,0,0,3,0,0.0,0,1
CUST-10617,Enterprise,4787.8,18,Professional Services,Europe,Paid Search,107,True,23,6,4787.8,active,14,0.261,5,2,8,21.333333333333332,3.0,37.666666666666664,0,0,6,0,0.0,0,1
CUST-10618,Starter,57.94,22,Education,APAC,Outbound Sales,52,True,23,2,57.94,active,23,0.574,9,0,70,23.0,0.0,59.0,0,0,2,0,0.0,0,1
CUST-10619,Starter,73.51,18,E-commerce,North America,Outbound Sales,6,True,23,6,85.77,active,30,0.452,8,4,26,17.833333333333332,3.8333333333333335,45.5,1,0,6,0,16.678002992790084,1,2
CUST-10620,Starter,125.76,18,Healthcare,North America,Paid Search,25,True,23,6,125.76,active,26,0.723,7,0,71,25.5,0.16666666666666666,64.0,0,0,6,0,0.0,0,1
CUST-10621,Starter,135.08,12,Healthcare,LATAM,Partner/Referral,6,False,12,1,135.08,churned,35,0.812,13,0,69,35.0,0.0,69.0,0,0,1,1,0.0,0,0
CUST-10622,Starter,186.63,6,Manufacturing,APAC,Inbound/Organic,15,False,9,4,186.63,churned,33,0.459,7,2,63,16.0,1.0,64.5,0,0,4,1,0.0,0,0
CUST-10623,Enterprise,3076.29,17,FinTech,MEA,Partner/Referral,28,True,23,7,3076.29,active,11,0.377,3,1,35,14.0,0.8571428571428571,41.714285714285715,0,0,7,0,0.0,0,1
CUST-10624,Starter,126.78,8,FinTech,North America,Outbound Sales,82,True,23,16,105.76,active,17,0.59,7,0,69,20.125,0.5625,52.125,0,1,16,0,-16.57990219277488,0,1
CUST-10625,Enterprise,1637.98,17,Healthcare,North America,Inbound/Organic,67,True,23,7,1637.98,active,29,0.642,8,1,60,23.857142857142858,0.5714285714285714,64.0,0,0,7,0,0.0,0,1
CUST-10626,Starter,98.67,14,SaaS/Tech,Europe,Partner/Referral,16,False,23,10,98.67,active,35,1.0,12,1,61,36.4,0.6,81.5,0,0,10,0,0.0,0,1
CUST-10627,Starter,194.17,5,Media,MEA,Product-Led Trial,26,False,11,7,194.17,churned,39,0.927,10,0,100,41.142857142857146,1.5714285714285714,90.42857142857143,0,0,7,1,0.0,0,0
CUST-10628,Starter,75.85,14,E-commerce,Europe,Product-Led Trial,60,True,23,10,75.85,active,8,0.171,5,0,7,11.7,0.9,29.3,0,0,10,0,0.0,0,1
CUST-10629,Starter,101.49,10,Healthcare,MEA,Product-Led Trial,23,False,23,14,101.49,active,35,0.616,5,1,76,18.642857142857142,0.5714285714285714,48.5,0,0,14,0,0.0,0,1
CUST-10630,Enterprise,6111.7,8,SaaS/Tech,Europe,Outbound Sales,93,True,18,11,6111.7,churned,21,0.514,4,0,61,20.272727272727273,1.5454545454545454,56.09090909090909,0,0,11,1,0.0,0,0
CUST-10631,Starter,135.75,18,FinTech,APAC,Product-Led Trial,9,False,23,6,135.75,active,18,0.392,7,1,80,17.166666666666668,3.8333333333333335,53.833333333333336,0,0,6,0,0.0,0,1
CUST-10632,Enterprise,7230.97,2,Media,Europe,Product-Led Trial,85,True,23,22,12143.77,active,8,0.828,8,1,70,27.0,1.3636363636363635,64.22727272727273,3,0,22,0,67.94109227392728,1,2
CUST-10633,Starter,143.92,2,FinTech,MEA,Partner/Referral,214,False,14,13,129.53,churned,12,0.594,6,0,44,17.153846153846153,0.6923076923076923,51.15384615384615,0,1,13,1,-9.998610339077256,0,0
CUST-10634,Growth,546.81,20,SaaS/Tech,Europe,Outbound Sales,19,False,23,4,546.81,active,24,0.782,9,1,54,30.25,1.0,66.0,0,0,4,0,0.0,0,1
CUST-10635,Starter,138.07,22,Professional Services,North America,Inbound/Organic,238,False,23,2,138.07,active,6,0.315,5,4,27,12.0,4.0,29.5,0,0,2,0,0.0,0,1
CUST-10636,Starter,82.69,18,Professional Services,North America,Paid Search,12,False,23,6,82.69,active,31,0.95,8,0,68,32.166666666666664,0.6666666666666666,68.16666666666667,0,0,6,0,0.0,0,1
CUST-10637,Starter,160.71,20,E-commerce,Europe,Product-Led Trial,23,False,23,4,160.71,active,20,0.503,8,0,51,19.25,0.75,49.0,0,0,4,0,0.0,0,1
CUST-10638,Starter,88.2,20,FinTech,Europe,Inbound/Organic,13,False,23,4,88.2,active,27,0.614,6,0,47,24.5,1.5,67.5,0,0,4,0,0.0,0,1
CUST-10639,Enterprise,2698.05,5,Education,North America,Paid Search,8,True,23,19,3473.78,active,16,0.603,6,2,61,18.63157894736842,1.105263157894737,45.68421052631579,2,1,19,0,28.751505717091973,1,2
CUST-10640,Enterprise,2220.86,2,SaaS/Tech,North America,Paid Search,9,True,7,6,2220.86,churned,29,0.51,5,0,68,29.5,0.3333333333333333,71.83333333333333,0,0,6,1,0.0,0,0
CUST-10641,Starter,87.04,0,FinTech,North America,Inbound/Organic,111,False,14,15,72.1,churned,36,1.0,9,0,72,37.06666666666667,0.8666666666666667,75.13333333333334,0,1,15,1,-17.164522058823543,0,0
CUST-10642,Growth,911.64,1,Education,APAC,Outbound Sales,4,False,3,3,911.64,churned,23,0.839,6,1,54,24.333333333333332,3.6666666666666665,54.333333333333336,0,0,3,1,0.0,0,0
CUST-10643,Starter,73.69,15,FinTech,APAC,Paid Search,61,False,23,9,73.69,active,23,1.0,12,0,100,39.0,0.4444444444444444,84.88888888888889,0,0,9,0,0.0,0,1
CUST-10644,Growth,669.81,5,Media,APAC,Outbound Sales,4,False,23,19,342.81,active,18,0.619,7,5,66,22.105263157894736,1.0526315789473684,52.68421052631579,1,3,19,0,-48.819814574282255,0,1
CUST-10645,Starter,170.78,14,FinTech,Europe,Inbound/Organic,27,False,23,10,170.78,active,16,0.55,5,0,62,22.7,1.7,50.6,0,0,10,0,0.0,0,1
CUST-10646,Starter,88.9,14,Healthcare,Europe,Product-Led Trial,309,False,16,3,88.9,churned,17,0.485,7,1,67,16.333333333333332,0.3333333333333333,53.666666666666664,0,0,3,1,0.0,0,0
CUST-10647,Growth,944.46,9,Education,APAC,Inbound/Organic,4,False,16,8,1030.94,churned,28,0.685,7,1,77,24.875,0.625,64.875,1,0,8,1,9.156555068504755,1,0
CUST-10648,Starter,83.66,8,Manufacturing,North America,Outbound Sales,15,False,20,13,108.85,churned,8,0.128,4,2,25,11.384615384615385,1.0769230769230769,33.61538461538461,1,0,13,1,30.10996892182644,1,0
CUST-10649,Enterprise,1282.02,6,E-commerce,APAC,Partner/Referral,5,True,23,18,1355.4,active,47,0.988,11,0,92,34.388888888888886,0.05555555555555555,83.27777777777777,1,0,18,0,5.723779660223718,1,2
CUST-10650,Starter,195.48,6,Education,LATAM,Paid Search,52,False,23,18,261.34,active,20,0.341,4,1,57,20.055555555555557,1.3333333333333333,46.888888888888886,1,0,18,0,33.69142623286269,1,2
CUST-10651,Enterprise,3754.89,16,Education,Europe,Product-Led Trial,55,True,23,8,3754.89,active,15,0.657,7,5,42,19.5,3.375,58.625,0,0,8,0,0.0,0,1
CUST-10652,Starter,143.8,22,Manufacturing,North America,Outbound Sales,197,False,23,2,143.8,active,26,0.997,10,0,76,29.5,2.0,82.5,0,0,2,0,0.0,0,1
CUST-10653,Starter,109.8,18,Manufacturing,North America,Inbound/Organic,8,False,23,6,109.8,active,26,0.849,8,2,79,24.0,2.5,66.5,0,0,6,0,0.0,0,1
CUST-10654,Growth,916.7,22,Manufacturing,North America,Partner/Referral,4,True,23,2,916.7,active,27,0.494,7,3,46,20.5,3.0,48.5,0,0,2,0,0.0,0,1
CUST-10655,Growth,287.1,7,E-commerce,North America,Partner/Referral,6,False,23,17,362.93,active,47,0.798,6,1,100,36.94117647058823,1.0588235294117647,83.47058823529412,1,0,17,0,26.412399860675716,1,2
CUST-10656,Growth,940.04,6,Healthcare,APAC,Partner/Referral,40,False,7,2,940.04,churned,17,0.737,5,0,68,24.0,1.0,77.0,0,0,2,1,0.0,0,0
CUST-10657,Growth,464.96,16,Manufacturing,Europe,Paid Search,9,False,23,8,699.33,active,21,0.825,9,3,68,27.875,0.5,75.625,2,1,8,0,50.406486579490725,1,2
CUST-10658,Starter,58.55,10,Manufacturing,North America,Outbound Sales,21,False,17,8,58.55,churned,15,0.366,6,2,59,20.25,2.625,52.375,0,0,8,1,0.0,0,0
CUST-10659,Growth,848.75,19,Media,North America,Outbound Sales,35,False,23,5,848.75,active,40,1.0,14,0,82,43.4,0.4,87.6,0,0,5,0,0.0,0,1
CUST-10660,Enterprise,5184.88,7,Media,Europe,Outbound Sales,22,True,23,17,6647.09,active,29,0.541,4,3,39,25.823529411764707,1.8823529411764706,56.64705882352941,1,0,17,0,28.201424140963727,1,2
CUST-10661,Starter,156.62,15,Manufacturing,North America,Inbound/Organic,26,False,18,4,156.62,churned,42,0.963,13,3,99,39.75,2.0,83.0,0,0,4,1,0.0,0,0
CUST-10662,Growth,708.2,3,Education,Europe,Inbound/Organic,99,False,23,21,688.08,active,34,1.0,11,1,80,32.76190476190476,1.0952380952380953,72.14285714285714,1,1,21,0,-2.8410053657159,0,1
CUST-10663,Growth,284.22,19,Manufacturing,Europe,Product-Led Trial,20,False,23,5,284.22,active,13,0.532,4,1,48,16.4,1.6,52.0,0,0,5,0,0.0,0,1
CUST-10664,Starter,94.64,19,Professional Services,Europe,Paid Search,79,False,23,5,94.64,active,20,0.546,11,2,71,22.6,1.2,58.0,0,0,5,0,0.0,0,1
CUST-10665,Starter,190.31,8,E-commerce,APAC,Product-Led Trial,121,True,23,16,248.07,active,33,0.6,5,1,52,24.875,1.875,59.25,1,0,16,0,30.35048079449319,1,2
CUST-10666,Starter,130.64,0,E-commerce,North America,Partner/Referral,5,False,0,1,130.64,churned,27,0.774,2,2,49,27.0,2.0,49.0,0,0,1,1,0.0,0,0
CUST-10667,Growth,226.58,5,Manufacturing,MEA,Paid Search,27,True,23,19,217.36,active,26,0.719,12,1,65,27.789473684210527,0.47368421052631576,59.94736842105263,1,1,19,0,-4.069202930532262,0,1
CUST-10668,Growth,675.7,19,Education,Europe,Outbound Sales,9,False,23,5,675.7,churned,0,0.168,2,1,40,6.2,3.8,23.2,0,0,5,1,0.0,0,0
CUST-10669,Starter,188.62,6,E-commerce,APAC,Inbound/Organic,38,False,23,18,188.62,active,39,0.844,11,2,64,38.833333333333336,0.6666666666666666,77.11111111111111,0,0,18,0,0.0,0,1
CUST-10670,Starter,187.1,15,Healthcare,North America,Inbound/Organic,5,True,23,9,187.1,active,25,0.729,7,0,21,26.88888888888889,1.0,56.44444444444444,0,0,9,0,0.0,0,1
CUST-10671,Enterprise,6907.16,21,E-commerce,North America,Outbound Sales,15,True,23,3,6907.16,active,40,0.851,8,1,83,25.666666666666668,1.0,70.33333333333333,0,0,3,0,0.0,0,1
CUST-10672,Starter,157.6,0,Professional Services,Europe,Partner/Referral,2,False,23,24,72.65,active,31,0.313,1,0,50,22.083333333333332,0.5416666666666666,50.5,0,3,24,0,-53.90228426395939,0,1
CUST-10673,Growth,774.26,8,Professional Services,North America,Paid Search,29,True,23,16,893.62,active,19,0.268,4,0,11,12.125,1.5625,39.4375,2,1,16,0,15.416010125797538,1,2
CUST-10674,Starter,54.84,12,Media,APAC,Product-Led Trial,63,False,23,12,54.84,active,16,0.605,9,0,56,23.666666666666668,0.16666666666666666,56.583333333333336,0,0,12,0,0.0,0,1
CUST-10675,Enterprise,6412.28,21,Healthcare,North America,Paid Search,83,True,23,3,6412.28,active,20,0.611,6,1,51,25.0,1.3333333333333333,66.0,0,0,3,0,0.0,0,1
CUST-10676,Growth,990.08,17,E-commerce,Europe,Paid Search,31,False,23,7,990.08,active,9,0.389,3,1,45,14.142857142857142,0.8571428571428571,42.42857142857143,0,0,7,0,0.0,0,1
CUST-10677,Starter,154.96,13,SaaS/Tech,North America,Partner/Referral,25,False,16,4,154.96,churned,20,0.466,2,0,41,18.25,0.75,59.0,0,0,4,1,0.0,0,0
CUST-10678,Starter,51.74,19,Media,North America,Inbound/Organic,5,False,21,3,51.74,churned,21,0.476,1,3,68,16.333333333333332,1.0,48.0,0,0,3,1,0.0,0,0
CUST-10679,Starter,82.59,21,Healthcare,LATAM,Product-Led Trial,29,False,22,2,82.59,churned,30,1.0,9,0,93,32.0,1.0,96.5,0,0,2,1,0.0,0,0
CUST-10680,Growth,871.16,15,E-commerce,North America,Inbound/Organic,84,False,23,9,871.16,active,25,0.878,6,0,100,29.333333333333332,1.4444444444444444,71.88888888888889,0,0,9,0,0.0,0,1
CUST-10681,Enterprise,6025.53,22,Healthcare,North America,Paid Search,6,True,23,2,7107.4,active,26,0.766,6,0,74,31.5,0.0,53.5,1,0,2,0,17.95476912404386,1,2
CUST-10682,Enterprise,2330.9,19,Education,Europe,Product-Led Trial,22,True,23,5,2330.9,active,20,0.581,5,1,80,19.0,1.6,68.2,0,0,5,0,0.0,0,1
CUST-10683,Growth,311.06,21,Media,North America,Partner/Referral,5,False,21,1,311.06,churned,42,0.56,6,1,64,42.0,1.0,64.0,0,0,1,1,0.0,0,0
CUST-10684,Enterprise,7364.41,22,Professional Services,North America,Partner/Referral,9,True,23,2,7364.41,active,30,0.94,13,3,69,33.0,2.5,63.0,0,0,2,0,0.0,0,1
CUST-10685,Starter,130.68,6,Media,APAC,Paid Search,4,False,7,2,130.68,churned,25,0.729,7,3,71,20.5,3.0,70.5,0,0,2,1,0.0,0,0
CUST-10686,Starter,173.47,21,Media,Europe,Inbound/Organic,29,True,23,3,173.47,active,22,0.608,5,1,63,19.666666666666668,4.0,72.33333333333333,0,0,3,0,0.0,0,1
CUST-10687,Starter,111.03,22,Professional Services,North America,Partner/Referral,6,False,23,2,111.03,active,0,0.554,8,1,62,12.0,1.5,50.5,0,0,2,0,0.0,0,1
CUST-10688,Growth,758.98,22,Media,North America,Product-Led Trial,38,True,23,2,758.98,active,38,0.685,8,1,41,37.0,1.0,51.5,0,0,2,0,0.0,0,1
CUST-10689,Enterprise,3671.32,13,Education,North America,Outbound Sales,13,True,23,11,4585.38,active,23,0.572,7,0,67,26.636363636363637,1.0,52.54545454545455,1,0,11,0,24.89731213841343,1,2
CUST-10690,Starter,70.9,8,SaaS/Tech,LATAM,Outbound Sales,44,False,15,8,70.9,churned,52,0.778,8,0,40,32.75,0.625,75.125,0,0,8,1,0.0,0,0
CUST-10691,Enterprise,4933.05,19,Media,LATAM,Paid Search,65,True,23,5,4933.05,active,33,0.533,3,2,54,23.0,1.2,48.6,0,0,5,0,0.0,0,1
CUST-10692,Starter,138.47,3,Education,North America,Inbound/Organic,40,False,23,21,152.91,active,11,0.796,7,0,46,28.476190476190474,0.047619047619047616,63.476190476190474,1,0,21,0,10.428251606846246,1,2
CUST-10693,Growth,945.43,15,SaaS/Tech,Europe,Outbound Sales,22,False,23,9,945.43,active,21,0.591,7,0,48,20.22222222222222,1.2222222222222223,48.333333333333336,0,0,9,0,0.0,0,1
CUST-10694,Starter,119.7,1,Professional Services,North America,Product-Led Trial,102,True,23,23,107.6,active,15,0.446,2,2,35,20.82608695652174,3.217391304347826,49.130434782608695,0,1,23,0,-10.108604845446957,0,1
CUST-10695,Growth,452.56,9,SaaS/Tech,Europe,Outbound Sales,7,True,23,15,548.25,active,11,0.554,8,1,61,23.066666666666666,0.4666666666666667,64.2,1,0,15,0,21.144157680749515,1,2
CUST-10696,Starter,130.82,13,Media,Europe,Product-Led Trial,17,False,15,3,130.82,churned,31,0.93,7,0,84,32.0,0.0,90.33333333333333,0,0,3,1,0.0,0,0
CUST-10697,Enterprise,3399.87,16,Education,Europe,Paid Search,80,True,23,8,3625.25,active,31,0.848,12,0,100,34.375,1.375,88.125,1,0,8,0,6.629076994120367,1,2
CUST-10698,Growth,636.8,22,Education,Europe,Product-Led Trial,36,False,23,2,671.77,active,18,0.607,4,0,49,25.5,0.0,57.5,1,0,2,0,5.491520100502517,1,2
CUST-10699,Growth,360.81,13,SaaS/Tech,North America,Partner/Referral,47,False,23,11,457.23,active,26,0.902,12,2,71,34.90909090909091,0.6363636363636364,78.63636363636364,3,1,11,0,26.72320611956432,1,2
CUST-10700,Growth,677.35,10,FinTech,North America,Outbound Sales,4,False,12,3,677.35,churned,14,0.378,2,0,63,15.0,0.6666666666666666,56.666666666666664,0,0,3,1,0.0,0,0
CUST-10701,Enterprise,3966.39,13,FinTech,Europe,Product-Led Trial,19,True,23,11,3966.39,active,14,0.485,5,3,27,19.636363636363637,2.272727272727273,50.27272727272727,0,0,11,0,0.0,0,1
CUST-10702,Starter,186.58,18,SaaS/Tech,North America,Partner/Referral,13,False,20,3,186.58,churned,11,0.639,9,0,57,15.666666666666666,0.6666666666666666,46.0,0,0,3,1,0.0,0,0
CUST-10703,Enterprise,3542.79,19,FinTech,LATAM,Partner/Referral,79,True,23,5,5161.58,active,16,0.755,6,2,69,24.0,1.6,67.6,2,0,5,0,45.69251917274239,1,2
CUST-10704,Enterprise,6915.28,0,SaaS/Tech,North America,Paid Search,7,True,23,24,14819.97,active,18,0.648,9,1,49,25.625,1.4166666666666667,59.583333333333336,6,1,24,0,114.30759130505199,1,2
CUST-10705,Growth,583.76,6,SaaS/Tech,North America,Paid Search,344,False,23,18,864.41,active,21,1.0,6,0,67,39.27777777777778,0.1111111111111111,82.72222222222223,3,0,18,0,48.07626421817185,1,2
CUST-10706,Starter,161.29,12,FinTech,North America,Partner/Referral,2,False,15,4,161.29,churned,28,0.691,6,1,71,23.0,0.5,60.25,0,0,4,1,0.0,0,0
CUST-10707,Enterprise,3097.68,11,SaaS/Tech,APAC,Paid Search,53,True,23,13,4953.76,active,31,0.68,11,0,89,35.0,0.5384615384615384,70.6923076923077,3,0,13,0,59.91839053743448,1,2
CUST-10708,Growth,608.27,15,FinTech,North America,Paid Search,70,False,23,9,608.27,active,22,0.347,2,2,27,19.333333333333332,1.4444444444444444,47.111111111111114,0,0,9,0,0.0,0,1
CUST-10709,Starter,158.22,2,Professional Services,APAC,Paid Search,40,False,4,3,158.22,churned,28,0.615,4,1,41,21.333333333333332,1.0,64.0,0,0,3,1,0.0,0,0
CUST-10710,Starter,95.41,11,Education,Europe,Product-Led Trial,74,False,14,4,95.41,churned,25,0.453,11,2,54,26.5,1.0,51.25,0,0,4,1,0.0,0,0
CUST-10711,Starter,120.02,15,Healthcare,North America,Outbound Sales,13,False,19,5,120.02,churned,21,0.477,6,6,35,12.4,3.4,48.6,0,0,5,1,0.0,0,0
CUST-10712,Starter,102.41,4,Healthcare,North America,Outbound Sales,43,False,23,20,102.41,active,28,0.509,6,0,36,14.15,1.45,42.7,0,0,20,0,0.0,0,1
CUST-10713,Growth,356.99,16,E-commerce,North America,Product-Led Trial,9,False,23,8,396.18,active,41,0.706,7,2,34,31.375,0.875,68.125,1,0,8,0,10.977898540575366,1,2
CUST-10714,Growth,941.95,2,Professional Services,MEA,Paid Search,25,False,2,1,941.95,churned,17,0.609,6,2,39,17.0,2.0,39.0,0,0,1,1,0.0,0,0
CUST-10715,Starter,157.91,16,Healthcare,North America,Outbound Sales,57,False,23,8,157.91,active,16,0.944,7,0,86,24.875,0.5,66.0,0,0,8,0,0.0,0,1
CUST-10716,Starter,75.19,1,E-commerce,APAC,Inbound/Organic,26,False,23,23,79.03,active,16,0.812,9,1,87,38.34782608695652,0.4782608695652174,83.78260869565217,1,0,23,0,5.107062109323053,1,2
CUST-10717,Starter,149.0,11,SaaS/Tech,Europe,Paid Search,28,False,19,9,149.0,churned,22,0.673,2,5,44,19.666666666666668,3.7777777777777777,58.888888888888886,0,0,9,1,0.0,0,0
CUST-10718,Growth,357.85,19,Media,North America,Product-Led Trial,28,False,23,5,357.85,active,3,0.474,4,0,39,17.0,1.0,36.8,0,0,5,0,0.0,0,1
CUST-10719,Growth,843.29,11,E-commerce,North America,Partner/Referral,2,False,19,9,648.81,churned,0,0.197,2,2,38,12.11111111111111,1.6666666666666667,34.111111111111114,0,1,9,1,-23.06205457197406,0,0
CUST-10720,Growth,461.98,5,Manufacturing,North America,Partner/Referral,62,True,23,19,1187.76,active,33,0.661,3,2,57,37.473684210526315,1.2105263157894737,80.05263157894737,5,0,19,0,157.1020390493095,1,2
CUST-10721,Starter,142.53,5,Media,North America,Product-Led Trial,15,False,23,19,142.53,active,4,0.385,3,1,34,12.157894736842104,1.3157894736842106,37.31578947368421,0,0,19,0,0.0,0,1
CUST-10722,Growth,389.05,0,Healthcare,APAC,Partner/Referral,11,False,2,3,389.05,churned,25,0.471,1,0,37,19.0,0.6666666666666666,48.333333333333336,0,0,3,1,0.0,0,0
CUST-10723,Growth,249.5,10,Professional Services,North America,Partner/Referral,12,False,10,1,249.5,churned,14,0.596,7,0,65,14.0,0.0,65.0,0,0,1,1,0.0,0,0
CUST-10724,Starter,156.86,6,Media,LATAM,Paid Search,13,True,8,3,156.86,churned,24,0.824,14,0,71,29.333333333333332,0.3333333333333333,73.33333333333333,0,0,3,1,0.0,0,0
CUST-10725,Starter,135.64,21,E-commerce,North America,Product-Led Trial,4,False,21,1,135.64,churned,13,0.47,6,3,71,13.0,3.0,71.0,0,0,1,1,0.0,0,0
CUST-10726,Starter,109.64,16,Healthcare,LATAM,Paid Search,33,False,23,8,109.64,active,30,1.0,9,1,92,28.375,1.875,75.5,0,0,8,0,0.0,0,1
CUST-10727,Starter,143.62,4,Manufacturing,Europe,Outbound Sales,75,False,5,2,143.62,churned,19,0.649,5,4,38,20.0,2.5,50.0,0,0,2,1,0.0,0,0
CUST-10728,Starter,187.7,20,SaaS/Tech,Europe,Inbound/Organic,6,True,23,4,187.7,active,33,0.734,11,0,89,35.5,0.0,88.75,0,0,4,0,0.0,0,1
CUST-10729,Starter,82.05,7,Healthcare,North America,Partner/Referral,29,False,8,2,82.05,churned,33,0.906,9,0,83,32.0,0.0,84.0,0,0,2,1,0.0,0,0
CUST-10730,Growth,625.73,4,Manufacturing,APAC,Product-Led Trial,79,False,23,20,760.57,active,44,1.0,8,0,65,38.85,0.15,75.0,1,0,20,0,21.549230498777433,1,2
CUST-10731,Starter,160.93,8,Media,North America,Product-Led Trial,17,False,12,5,160.93,churned,18,0.492,2,0,68,21.2,1.4,45.0,0,0,5,1,0.0,0,0
CUST-10732,Enterprise,5364.54,20,Manufacturing,North America,Paid Search,233,True,23,4,5364.54,active,42,0.641,8,1,47,23.25,1.5,58.5,0,0,4,0,0.0,0,1
CUST-10733,Starter,93.7,14,Media,North America,Inbound/Organic,17,False,16,3,93.7,churned,28,0.609,6,4,20,23.333333333333332,3.0,47.0,0,0,3,1,0.0,0,0
CUST-10734,Growth,954.42,22,Education,Europe,Product-Led Trial,16,False,22,1,954.42,churned,31,0.653,5,0,29,31.0,0.0,29.0,0,0,1,1,0.0,0,0
CUST-10735,Growth,539.98,15,Professional Services,North America,Inbound/Organic,17,True,16,2,539.98,churned,16,0.636,6,3,46,15.5,2.5,48.5,0,0,2,1,0.0,0,0
CUST-10736,Starter,94.27,0,FinTech,Europe,Product-Led Trial,19,False,3,4,94.27,churned,29,0.747,7,0,62,27.5,0.75,71.0,0,0,4,1,0.0,0,0
CUST-10737,Starter,189.31,12,Professional Services,LATAM,Paid Search,56,False,23,12,134.15,active,17,0.334,5,3,71,18.166666666666668,1.3333333333333333,54.833333333333336,0,1,12,0,-29.137393692884682,0,1
CUST-10738,Enterprise,2928.97,0,Professional Services,APAC,Product-Led Trial,50,True,23,24,6786.57,active,17,0.944,8,0,71,31.916666666666668,0.16666666666666666,73.25,4,0,24,0,131.70500209971422,1,2
CUST-10739,Starter,107.08,18,E-commerce,North America,Partner/Referral,59,False,23,6,107.08,active,13,0.417,2,0,51,20.333333333333332,1.1666666666666667,57.5,0,0,6,0,0.0,0,1
CUST-10740,Starter,99.82,22,FinTech,North America,Product-Led Trial,78,False,23,2,99.82,churned,39,0.827,8,1,55,33.0,0.5,58.0,0,0,2,1,0.0,0,0
CUST-10741,Enterprise,2531.4,22,E-commerce,APAC,Partner/Referral,19,True,23,2,2531.4,active,14,0.446,10,1,55,7.0,1.5,66.0,0,0,2,0,0.0,0,1
CUST-10742,Growth,306.54,17,Professional Services,North America,Partner/Referral,10,False,23,7,306.54,active,25,0.441,2,1,54,13.714285714285714,3.142857142857143,35.142857142857146,0,0,7,0,0.0,0,1
CUST-10743,Growth,294.47,2,Manufacturing,LATAM,Paid Search,8,False,23,22,467.55,active,32,0.784,4,0,66,30.272727272727273,0.22727272727272727,69.81818181818181,2,0,22,0,58.77678541107751,1,2
CUST-10744,Growth,535.05,16,Healthcare,Europe,Paid Search,25,False,23,8,535.05,active,31,0.769,9,1,100,27.0,1.875,69.625,0,0,8,0,0.0,0,1
CUST-10745,Starter,126.17,22,Media,Europe,Paid Search,119,False,23,2,126.17,active,19,0.745,7,0,76,29.0,1.5,77.0,0,0,2,0,0.0,0,1
CUST-10746,Growth,890.63,3,Media,Europe,Partner/Referral,145,False,23,21,947.77,active,48,0.906,11,0,100,36.666666666666664,0.047619047619047616,77.9047619047619,1,1,21,0,6.415683280374565,0,1
CUST-10747,Enterprise,7977.66,16,FinTech,Europe,Partner/Referral,20,True,23,8,10580.62,active,33,0.697,6,0,74,24.625,0.125,69.875,1,0,8,0,32.62811400836838,1,2
CUST-10748,Enterprise,2427.96,22,Manufacturing,Europe,Partner/Referral,9,True,23,2,2427.96,active,11,0.491,9,4,24,17.0,3.5,50.0,0,0,2,0,0.0,0,1
CUST-10749,Growth,870.72,18,Manufacturing,Europe,Partner/Referral,4,False,23,6,870.72,active,9,0.553,7,2,64,26.833333333333332,1.0,63.333333333333336,0,0,6,0,0.0,0,1
CUST-10750,Growth,576.83,6,SaaS/Tech,North America,Partner/Referral,86,True,23,18,760.77,active,35,0.905,10,0,78,33.55555555555556,0.6666666666666666,71.05555555555556,1,0,18,0,31.8880779432415,1,2
CUST-10751,Growth,463.06,6,Education,Europe,Paid Search,15,False,14,9,463.06,churned,6,0.156,2,3,40,8.666666666666666,1.0,29.555555555555557,0,0,9,1,0.0,0,0
CUST-10752,Enterprise,1351.23,7,SaaS/Tech,APAC,Product-Led Trial,21,True,7,1,1351.23,churned,24,0.749,9,1,62,24.0,1.0,62.0,0,0,1,1,0.0,0,0
CUST-10753,Starter,51.92,19,Education,LATAM,Outbound Sales,26,True,23,5,51.92,active,22,0.595,9,6,93,29.4,2.8,71.8,0,0,5,0,0.0,0,1
CUST-10754,Growth,208.4,13,Media,LATAM,Product-Led Trial,26,False,23,11,208.4,active,31,0.797,12,1,71,34.81818181818182,1.3636363636363635,74.72727272727273,0,0,11,0,0.0,0,1
CUST-10755,Growth,589.44,15,Media,LATAM,Partner/Referral,3,False,23,9,589.44,active,33,0.441,4,3,38,24.0,1.8888888888888888,55.666666666666664,0,0,9,0,0.0,0,1
CUST-10756,Starter,192.83,20,E-commerce,North America,Inbound/Organic,11,False,23,4,192.83,active,8,0.471,2,0,49,13.75,0.0,50.0,0,0,4,0,0.0,0,1
CUST-10757,Starter,135.78,8,Media,North America,Product-Led Trial,4,False,9,2,135.78,churned,44,0.845,8,0,95,36.5,0.0,85.0,0,0,2,1,0.0,0,0
CUST-10758,Starter,96.47,12,E-commerce,North America,Outbound Sales,10,False,23,12,127.05,active,27,0.733,12,0,70,30.0,0.08333333333333333,72.5,1,0,12,0,31.69897377423033,1,2
CUST-10759,Growth,949.17,6,Manufacturing,North America,Paid Search,6,False,23,18,1076.17,active,37,0.815,10,0,71,29.61111111111111,1.0555555555555556,74.83333333333333,1,1,18,0,13.380111044386162,0,1
CUST-10760,Growth,219.21,1,Professional Services,APAC,Outbound Sales,35,False,23,23,327.7,active,33,0.922,13,0,76,33.91304347826087,0.30434782608695654,77.30434782608695,2,1,23,0,49.49135532138131,1,2
CUST-10761,Starter,74.37,5,SaaS/Tech,APAC,Partner/Referral,3,False,8,4,74.37,churned,35,0.478,9,0,58,19.25,0.0,53.25,0,0,4,1,0.0,0,0
CUST-10762,Starter,89.75,13,Education,Europe,Inbound/Organic,9,False,21,9,96.68,churned,27,0.669,6,3,61,26.11111111111111,2.111111111111111,65.0,1,0,9,1,7.721448467966581,1,0
CUST-10763,Enterprise,1095.63,0,Professional Services,North America,Inbound/Organic,37,True,23,24,1095.63,active,26,0.259,6,1,33,19.083333333333332,2.5416666666666665,40.75,0,0,24,0,0.0,0,1
CUST-10764,Growth,586.85,2,Manufacturing,APAC,Product-Led Trial,12,False,23,22,276.94,active,10,0.505,4,3,83,25.545454545454547,2.8636363636363638,59.13636363636363,0,4,22,0,-52.80906534889665,0,1
CUST-10765,Growth,408.42,6,FinTech,Europe,Outbound Sales,52,False,23,18,408.42,active,32,0.964,10,1,83,34.166666666666664,1.8333333333333333,78.33333333333333,0,0,18,0,0.0,0,1
CUST-10766,Growth,897.14,17,FinTech,Europe,Paid Search,10,False,23,7,1055.55,active,33,0.818,8,0,69,31.571428571428573,0.2857142857142857,78.0,1,0,7,0,17.657221838286105,1,2
CUST-10767,Starter,179.06,13,Media,MEA,Outbound Sales,18,False,16,4,179.06,churned,28,0.489,4,0,37,21.25,1.0,42.25,0,0,4,1,0.0,0,0
CUST-10768,Growth,751.41,6,FinTech,North America,Partner/Referral,33,False,12,7,751.41,churned,40,1.0,14,1,73,27.142857142857142,1.1428571428571428,83.42857142857143,0,0,7,1,0.0,0,0
CUST-10769,Starter,159.47,5,Professional Services,North America,Inbound/Organic,2,False,7,3,159.47,churned,26,0.873,10,2,62,23.666666666666668,1.6666666666666667,68.0,0,0,3,1,0.0,0,0
CUST-10770,Starter,122.65,4,FinTech,North America,Partner/Referral,22,False,15,12,89.18,churned,26,0.595,3,2,38,12.75,0.5,37.416666666666664,0,1,12,1,-27.289033836119035,0,0
CUST-10771,Growth,985.69,3,Professional Services,APAC,Outbound Sales,36,False,23,21,985.69,active,5,0.482,7,0,39,23.19047619047619,0.23809523809523808,55.38095238095238,0,0,21,0,0.0,0,1
CUST-10772,Starter,150.53,5,E-commerce,Europe,Paid Search,11,False,20,16,150.53,churned,30,0.528,3,1,57,22.75,0.4375,47.25,0,0,16,1,0.0,0,0
CUST-10773,Enterprise,3921.74,2,Healthcare,North America,Paid Search,4,True,23,22,7319.86,active,15,0.731,8,1,55,20.181818181818183,0.3181818181818182,54.40909090909091,3,0,22,0,86.64827347044934,1,2
CUST-10774,Starter,59.34,15,SaaS/Tech,Europe,Paid Search,16,False,23,9,59.34,active,2,0.369,1,4,0,9.777777777777779,5.222222222222222,26.22222222222222,0,0,9,0,0.0,0,1
CUST-10775,Starter,110.67,9,SaaS/Tech,North America,Outbound Sales,11,True,9,1,110.67,churned,36,0.76,6,0,80,36.0,0.0,80.0,0,0,1,1,0.0,0,0
CUST-10776,Enterprise,7101.1,2,Healthcare,Europe,Product-Led Trial,19,True,23,22,15844.91,active,36,0.838,7,1,100,35.36363636363637,0.3181818181818182,78.18181818181819,6,0,22,0,123.13317655011193,1,2
CUST-10777,Starter,124.89,7,Education,APAC,Product-Led Trial,14,False,23,17,57.13,active,16,0.343,6,0,18,16.41176470588235,1.5294117647058822,44.05882352941177,0,3,17,0,-54.255745055648966,0,1
CUST-10778,Growth,449.95,2,SaaS/Tech,APAC,Inbound/Organic,11,False,7,6,449.95,churned,18,0.571,5,1,46,11.5,2.0,44.5,0,0,6,1,0.0,0,0
CUST-10779,Enterprise,4109.29,10,Professional Services,LATAM,Partner/Referral,53,True,23,14,5262.04,active,0,0.586,5,2,34,13.0,1.8571428571428572,33.785714285714285,1,0,14,0,28.05229127172821,1,2
CUST-10780,Starter,158.05,19,Professional Services,MEA,Inbound/Organic,29,False,23,5,158.05,active,16,0.486,4,0,11,18.8,0.2,43.0,0,0,5,0,0.0,0,1
CUST-10781,Growth,517.03,21,Media,Europe,Outbound Sales,8,False,23,3,517.03,active,21,0.626,6,1,71,31.0,0.3333333333333333,69.33333333333333,0,0,3,0,0.0,0,1
CUST-10782,Starter,135.9,6,Education,Europe,Paid Search,14,True,23,18,135.9,active,25,0.508,8,3,57,26.72222222222222,1.8333333333333333,65.22222222222223,0,0,18,0,0.0,0,1
CUST-10783,Starter,93.47,5,SaaS/Tech,North America,Partner/Referral,167,False,23,19,93.47,active,37,0.874,12,0,77,28.736842105263158,0.6842105263157895,76.3157894736842,0,0,19,0,0.0,0,1
CUST-10784,Starter,118.6,6,Professional Services,LATAM,Outbound Sales,14,False,15,10,126.09,churned,29,0.674,9,4,53,32.2,2.1,76.6,1,0,10,1,6.315345699831373,1,0
CUST-10785,Starter,183.96,19,SaaS/Tech,Europe,Inbound/Organic,9,False,23,5,183.96,active,9,0.298,3,3,42,21.2,3.6,45.4,0,0,5,0,0.0,0,1
CUST-10786,Growth,716.48,21,E-commerce,Europe,Paid Search,11,False,23,3,716.48,active,34,0.556,4,0,68,31.333333333333332,0.0,58.666666666666664,0,0,3,0,0.0,0,1
CUST-10787,Starter,130.81,9,Healthcare,APAC,Paid Search,31,False,23,15,118.73,active,18,0.621,4,1,48,18.466666666666665,1.4,46.86666666666667,1,1,15,0,-9.234767984099074,0,1
CUST-10788,Starter,136.76,1,FinTech,Europe,Product-Led Trial,8,False,11,11,136.76,churned,25,0.575,8,1,37,14.909090909090908,0.9090909090909091,43.72727272727273,0,0,11,1,0.0,0,0
CUST-10789,Enterprise,6797.3,12,Healthcare,North America,Paid Search,22,True,23,12,8331.45,active,31,0.523,8,0,70,25.583333333333332,0.5,67.83333333333333,1,0,12,0,22.569991025848505,1,2
CUST-10790,Enterprise,1934.74,4,Professional Services,APAC,Product-Led Trial,43,True,23,20,2628.67,active,37,0.911,8,1,78,36.45,0.3,80.85,2,0,20,0,35.86683482018256,1,2
CUST-10791,Starter,159.39,21,Education,North America,Partner/Referral,60,False,23,3,159.39,active,49,0.899,10,0,85,39.333333333333336,0.3333333333333333,69.0,0,0,3,0,0.0,0,1
CUST-10792,Growth,681.71,10,SaaS/Tech,MEA,Outbound Sales,56,False,10,1,681.71,churned,13,0.442,5,0,45,13.0,0.0,45.0,0,0,1,1,0.0,0,0
CUST-10793,Enterprise,1456.94,10,Professional Services,Europe,Inbound/Organic,43,True,20,11,1456.94,churned,38,0.822,8,1,97,35.0,1.3636363636363635,82.81818181818181,0,0,11,1,0.0,0,0
CUST-10794,Growth,630.81,6,SaaS/Tech,LATAM,Partner/Referral,21,False,23,18,925.73,active,58,0.894,12,1,89,37.44444444444444,0.6111111111111112,77.83333333333333,2,0,18,0,46.75258794248666,1,2
CUST-10795,Growth,567.02,4,SaaS/Tech,Europe,Partner/Referral,16,False,23,20,704.39,active,14,0.389,4,0,36,18.65,0.55,50.85,1,0,20,0,24.226658671651798,1,2
CUST-10796,Enterprise,2926.19,3,Manufacturing,LATAM,Inbound/Organic,46,True,23,21,2544.63,active,24,0.947,3,4,62,25.571428571428573,1.7142857142857142,60.666666666666664,0,1,21,0,-13.039481373389968,0,1
CUST-10797,Growth,445.24,7,Education,North America,Outbound Sales,54,True,23,17,445.24,active,44,0.508,5,1,68,27.647058823529413,0.35294117647058826,62.88235294117647,0,0,17,0,0.0,0,1
CUST-10798,Starter,69.95,14,Professional Services,MEA,Outbound Sales,31,False,23,10,69.95,active,15,0.44,8,1,38,22.8,0.1,60.3,0,0,10,0,0.0,0,1
CUST-10799,Starter,112.2,13,SaaS/Tech,LATAM,Inbound/Organic,13,False,19,7,112.2,churned,34,0.95,9,0,98,30.714285714285715,1.0,84.0,0,0,7,1,0.0,0,0
CUST-10800,Starter,64.28,18,Manufacturing,APAC,Partner/Referral,368,False,23,6,52.54,active,16,0.617,8,2,63,20.0,1.0,55.833333333333336,0,1,6,0,-18.26384567517113,0,1
CUST-10801,Growth,665.44,9,Education,APAC,Partner/Referral,35,False,14,6,665.44,churned,52,0.949,9,0,96,38.0,0.8333333333333334,78.33333333333333,0,0,6,1,0.0,0,0
CUST-10802,Starter,57.55,22,SaaS/Tech,APAC,Partner/Referral,20,False,23,2,57.55,active,31,0.679,5,1,66,29.5,2.5,58.5,0,0,2,0,0.0,0,1
CUST-10803,Growth,426.96,12,E-commerce,Europe,Inbound/Organic,19,False,23,12,526.24,active,37,0.578,10,0,85,23.75,0.5833333333333334,53.583333333333336,1,0,12,0,23.25276372493911,1,2
CUST-10804,Growth,792.61,4,E-commerce,North America,Partner/Referral,72,False,23,20,792.61,active,18,0.624,8,2,60,23.05,0.5,52.9,0,0,20,0,0.0,0,1
CUST-10805,Growth,695.18,22,E-commerce,Europe,Inbound/Organic,7,True,23,2,873.11,active,21,0.405,5,1,52,22.5,0.5,60.0,1,0,2,0,25.59480997727209,1,2
CUST-10806,Enterprise,5051.3,5,Education,APAC,Paid Search,79,True,23,19,7245.96,active,28,0.994,12,0,67,36.421052631578945,0.15789473684210525,83.57894736842105,2,0,19,0,43.44742937461643,1,2
CUST-10807,Growth,597.29,15,FinTech,Europe,Inbound/Organic,45,False,17,3,597.29,churned,15,0.66,5,1,54,20.666666666666668,1.6666666666666667,47.666666666666664,0,0,3,1,0.0,0,0
CUST-10808,Starter,192.09,8,Professional Services,APAC,Outbound Sales,44,True,13,6,254.69,churned,43,0.883,11,0,67,33.0,0.8333333333333334,76.16666666666667,1,0,6,1,32.588890624186575,1,0
CUST-10809,Growth,211.7,9,Healthcare,MEA,Partner/Referral,5,False,23,15,211.7,active,37,0.76,10,0,56,30.866666666666667,0.7333333333333333,65.93333333333334,0,0,15,0,0.0,0,1
CUST-10810,Starter,145.89,21,Professional Services,North America,Inbound/Organic,75,False,23,3,145.89,active,50,0.939,12,2,80,38.333333333333336,1.6666666666666667,74.33333333333333,0,0,3,0,0.0,0,1
CUST-10811,Enterprise,7496.1,12,E-commerce,North America,Paid Search,14,True,23,12,9598.01,active,34,0.84,8,1,81,33.083333333333336,0.8333333333333334,73.33333333333333,1,0,12,0,28.040047491362174,1,2
CUST-10812,Starter,102.18,22,Professional Services,North America,Outbound Sales,45,False,23,2,102.18,active,21,0.405,5,0,54,16.0,0.0,43.5,0,0,2,0,0.0,0,1
CUST-10813,Enterprise,2439.35,6,Media,MEA,Paid Search,16,True,23,18,2656.15,active,4,0.311,7,0,35,21.666666666666668,1.8888888888888888,53.55555555555556,1,0,18,0,8.887613503597278,1,2
CUST-10814,Growth,351.99,12,SaaS/Tech,Europe,Outbound Sales,13,True,23,12,351.99,active,11,0.527,3,1,77,23.583333333333332,1.1666666666666667,48.75,0,0,12,0,0.0,0,1
CUST-10815,Starter,112.44,0,Education,North America,Outbound Sales,18,False,9,10,112.44,churned,8,0.493,4,4,47,25.7,3.3,67.3,0,0,10,1,0.0,0,0
CUST-10816,Enterprise,4814.88,3,FinTech,North America,Paid Search,107,True,23,21,6623.63,active,31,0.54,8,0,82,22.666666666666668,0.09523809523809523,58.57142857142857,3,0,21,0,37.56583757019905,1,2
CUST-10817,Growth,741.02,11,Professional Services,North America,Product-Led Trial,6,True,23,13,741.02,active,19,0.322,4,1,17,16.53846153846154,1.1538461538461537,42.38461538461539,0,0,13,0,0.0,0,1
CUST-10818,Growth,911.89,18,SaaS/Tech,Europe,Inbound/Organic,42,False,23,6,911.89,active,24,0.763,7,2,64,28.333333333333332,1.8333333333333333,72.33333333333333,0,0,6,0,0.0,0,1
CUST-10819,Enterprise,7899.21,6,E-commerce,North America,Partner/Referral,9,True,23,18,7899.21,active,21,0.367,6,6,54,24.77777777777778,4.388888888888889,57.22222222222222,0,0,18,0,0.0,0,1
CUST-10820,Starter,82.54,4,E-commerce,North America,Partner/Referral,4,True,23,20,98.63,active,48,1.0,13,1,69,35.8,0.75,79.95,1,0,20,0,19.49357887085048,1,2
CUST-10821,Growth,278.58,9,Healthcare,North America,Product-Led Trial,23,False,19,11,314.4,churned,15,0.384,1,1,21,21.636363636363637,1.4545454545454546,44.0,1,0,11,1,12.85806590566444,1,0
CUST-10822,Growth,578.79,17,SaaS/Tech,North America,Product-Led Trial,113,False,23,7,578.79,active,14,0.524,7,5,72,22.714285714285715,3.5714285714285716,50.285714285714285,0,0,7,0,0.0,0,1
CUST-10823,Growth,222.47,3,E-commerce,Europe,Inbound/Organic,61,False,15,13,222.47,churned,45,1.0,11,0,100,35.84615384615385,0.6153846153846154,81.6923076923077,0,0,13,1,0.0,0,0
CUST-10824,Starter,146.84,18,E-commerce,Europe,Product-Led Trial,60,False,23,6,146.84,churned,14,0.4,6,1,55,15.833333333333334,0.8333333333333334,44.0,0,0,6,1,0.0,0,0
CUST-10825,Starter,169.82,12,FinTech,Europe,Inbound/Organic,29,False,23,12,178.71,active,14,0.668,9,0,87,28.25,0.8333333333333334,67.33333333333333,1,0,12,0,5.234954657873051,1,2
CUST-10826,Enterprise,4520.13,11,Education,North America,Product-Led Trial,12,True,23,13,4520.13,active,25,0.552,6,0,69,18.53846153846154,0.46153846153846156,52.61538461538461,0,0,13,0,0.0,0,1
CUST-10827,Starter,171.39,8,E-commerce,North America,Outbound Sales,17,False,15,8,171.39,churned,29,0.483,3,1,42,21.625,1.5,53.75,0,0,8,1,0.0,0,0
CUST-10828,Starter,73.98,11,Healthcare,APAC,Inbound/Organic,98,False,11,1,73.98,churned,12,0.478,8,3,70,12.0,3.0,70.0,0,0,1,1,0.0,0,0
CUST-10829,Starter,94.88,4,E-commerce,North America,Paid Search,64,False,9,6,94.88,churned,35,0.673,10,2,100,37.833333333333336,2.5,73.0,0,0,6,1,0.0,0,0
CUST-10830,Starter,103.18,4,Manufacturing,North America,Outbound Sales,24,False,19,16,97.24,churned,21,0.466,5,0,84,23.0,0.1875,55.0625,0,1,16,1,-5.756929637526664,0,0
CUST-10831,Starter,168.46,16,E-commerce,APAC,Partner/Referral,29,False,23,8,168.46,active,5,0.374,1,5,15,14.625,3.0,27.5,0,0,8,0,0.0,0,1
CUST-10832,Growth,533.49,20,FinTech,North America,Partner/Referral,16,False,20,1,533.49,churned,21,0.612,2,1,40,21.0,1.0,40.0,0,0,1,1,0.0,0,0
CUST-10833,Growth,455.69,7,E-commerce,North America,Inbound/Organic,42,False,15,9,455.69,churned,30,0.53,9,0,69,22.0,0.7777777777777778,74.11111111111111,0,0,9,1,0.0,0,0
CUST-10834,Growth,730.81,10,Professional Services,North America,Outbound Sales,6,False,23,14,1042.68,active,16,0.301,4,0,29,23.071428571428573,0.5714285714285714,58.285714285714285,2,0,14,0,42.67456657681205,1,2
CUST-10835,Starter,112.4,8,SaaS/Tech,Europe,Outbound Sales,299,False,23,16,112.4,active,23,0.563,9,1,67,26.5,1.625,60.75,0,0,16,0,0.0,0,1
CUST-10836,Enterprise,3680.32,11,Media,North America,Partner/Referral,28,True,23,13,4186.12,active,35,0.856,13,2,100,29.076923076923077,2.6153846153846154,75.15384615384616,1,0,13,0,13.7433701417268,1,2
CUST-10837,Growth,790.41,0,Healthcare,Europe,Outbound Sales,11,False,1,2,790.41,churned,17,0.607,7,6,63,20.5,7.0,74.5,0,0,2,1,0.0,0,0
CUST-10838,Starter,185.76,12,Professional Services,Europe,Inbound/Organic,15,False,23,12,185.76,active,39,0.936,9,0,92,34.75,0.5833333333333334,89.33333333333333,0,0,12,0,0.0,0,1
CUST-10839,Enterprise,1005.23,17,Healthcare,APAC,Partner/Referral,11,True,23,7,1582.55,active,26,1.0,9,0,56,36.57142857142857,2.0,78.85714285714286,2,0,7,0,57.431632561702294,1,2
CUST-10840,Starter,118.59,5,Manufacturing,North America,Paid Search,280,False,11,7,118.59,churned,16,0.266,4,2,35,17.714285714285715,0.7142857142857143,46.57142857142857,0,0,7,1,0.0,0,0
CUST-10841,Starter,105.37,17,SaaS/Tech,Europe,Inbound/Organic,45,False,23,7,105.37,active,14,0.155,2,2,42,3.857142857142857,1.5714285714285714,33.285714285714285,0,0,7,0,0.0,0,1
CUST-10842,Starter,56.62,19,E-commerce,APAC,Paid Search,12,False,23,5,56.62,active,40,0.869,10,2,81,37.8,1.2,79.0,0,0,5,0,0.0,0,1
CUST-10843,Starter,196.69,5,Professional Services,North America,Inbound/Organic,153,False,5,1,196.69,churned,42,0.916,10,0,69,42.0,0.0,69.0,0,0,1,1,0.0,0,0
CUST-10844,Starter,94.97,11,Education,MEA,Inbound/Organic,68,False,23,13,75.64,active,22,0.644,4,0,48,20.846153846153847,0.3076923076923077,56.0,1,1,13,0,-20.353795935558598,0,1
CUST-10845,Growth,913.08,12,SaaS/Tech,North America,Product-Led Trial,54,False,22,11,759.65,churned,0,0.147,3,2,16,13.363636363636363,3.272727272727273,42.54545454545455,0,1,11,1,-16.803565952599996,0,0
CUST-10846,Starter,129.0,10,Professional Services,APAC,Product-Led Trial,10,False,21,12,94.55,churned,25,0.546,8,1,71,29.75,0.4166666666666667,69.08333333333333,0,1,12,1,-26.70542635658915,0,0
CUST-10847,Starter,51.95,9,SaaS/Tech,MEA,Outbound Sales,8,False,23,15,51.95,active,0,0.118,1,6,31,13.933333333333334,4.133333333333334,24.733333333333334,0,0,15,0,0.0,0,1
CUST-10848,Starter,151.04,18,Media,North America,Outbound Sales,99,True,19,2,151.04,churned,28,0.857,11,3,74,30.5,2.5,71.0,0,0,2,1,0.0,0,0
CUST-10849,Starter,143.96,17,SaaS/Tech,Europe,Product-Led Trial,58,False,22,6,143.96,churned,32,0.416,7,2,39,24.666666666666668,1.0,41.5,0,0,6,1,0.0,0,0
CUST-10850,Starter,191.07,5,Professional Services,APAC,Partner/Referral,31,False,7,3,191.07,churned,17,0.571,3,0,23,15.666666666666666,0.0,39.666666666666664,0,0,3,1,0.0,0,0
CUST-10851,Starter,81.34,6,FinTech,North America,Product-Led Trial,12,False,7,2,81.34,churned,32,0.828,9,2,76,23.5,1.0,54.0,0,0,2,1,0.0,0,0
CUST-10852,Enterprise,1349.02,16,E-commerce,Europe,Inbound/Organic,11,True,23,8,1349.02,active,33,0.651,6,0,100,29.25,0.875,69.625,0,0,8,0,0.0,0,1
CUST-10853,Enterprise,4755.29,10,Professional Services,North America,Inbound/Organic,4,True,11,2,4755.29,churned,37,0.516,6,1,81,29.5,0.5,61.5,0,0,2,1,0.0,0,0
CUST-10854,Starter,56.43,4,Education,North America,Partner/Referral,2,False,5,2,56.43,churned,36,0.695,6,1,46,27.0,2.0,60.5,0,0,2,1,0.0,0,0
CUST-10855,Starter,151.67,1,SaaS/Tech,APAC,Inbound/Organic,250,True,23,23,176.51,active,29,0.691,12,0,79,29.130434782608695,0.08695652173913043,70.8695652173913,1,1,23,0,16.37766202940595,0,1
CUST-10856,Growth,337.74,12,Healthcare,Europe,Inbound/Organic,31,False,23,12,447.96,active,49,0.907,11,1,81,35.25,0.8333333333333334,84.16666666666667,1,0,12,0,32.63457097175341,1,2
CUST-10857,Growth,412.72,14,Manufacturing,APAC,Product-Led Trial,11,False,23,10,412.72,active,34,0.888,10,1,61,33.1,0.2,71.8,0,0,10,0,0.0,0,1
CUST-10858,Starter,159.25,0,Media,Europe,Partner/Referral,9,False,13,14,179.25,churned,29,0.943,12,0,100,29.714285714285715,2.2142857142857144,69.14285714285714,1,0,14,1,12.558869701726843,1,0
CUST-10859,Enterprise,6993.08,13,Media,North America,Partner/Referral,27,True,23,11,7057.28,active,28,0.902,12,0,77,31.09090909090909,0.0,83.36363636363636,1,1,11,0,0.918050415553659,0,1
CUST-10860,Starter,157.0,17,Education,MEA,Paid Search,12,False,17,1,157.0,churned,11,0.483,6,8,33,11.0,8.0,33.0,0,0,1,1,0.0,0,0
CUST-10861,Starter,163.47,17,SaaS/Tech,North America,Partner/Referral,33,False,17,1,163.47,churned,30,0.501,8,0,69,30.0,0.0,69.0,0,0,1,1,0.0,0,0
CUST-10862,Starter,113.13,17,Education,APAC,Inbound/Organic,2,False,23,7,113.13,active,26,0.453,4,0,41,25.0,0.2857142857142857,67.71428571428571,0,0,7,0,0.0,0,1
CUST-10863,Growth,666.93,20,Professional Services,North America,Paid Search,15,False,23,4,610.3,active,41,0.658,10,0,84,30.75,1.5,78.0,1,1,4,0,-8.491145997331055,0,1
CUST-10864,Enterprise,6823.59,17,SaaS/Tech,North America,Product-Led Trial,38,True,23,7,6109.66,active,38,0.77,10,0,54,29.285714285714285,1.1428571428571428,70.0,0,1,7,0,-10.462674340046812,0,1
CUST-10865,Enterprise,5232.02,1,FinTech,Europe,Paid Search,31,True,23,23,7977.48,active,14,0.339,4,1,45,20.52173913043478,0.8260869565217391,45.869565217391305,2,0,23,0,52.47418778980201,1,2
CUST-10866,Starter,191.39,15,E-commerce,North America,Inbound/Organic,23,False,17,3,149.65,churned,23,0.9,13,1,85,25.0,0.3333333333333333,86.0,0,1,3,1,-21.808871936882795,0,0
CUST-10867,Growth,484.89,16,Education,MEA,Partner/Referral,21,False,23,8,545.77,active,31,0.57,10,1,78,28.75,2.375,71.75,1,0,8,0,12.555424941739362,1,2
CUST-10868,Starter,123.63,19,SaaS/Tech,North America,Partner/Referral,6,False,23,5,123.63,active,32,0.781,5,3,38,24.4,1.4,56.6,0,0,5,0,0.0,0,1
CUST-10869,Starter,157.42,4,Manufacturing,LATAM,Product-Led Trial,55,False,17,14,211.23,churned,25,0.482,8,3,44,24.285714285714285,2.5714285714285716,59.57142857142857,1,0,14,1,34.182441875238226,1,0
CUST-10870,Starter,180.16,13,Professional Services,APAC,Outbound Sales,23,True,23,11,180.16,active,23,0.603,11,1,53,34.81818181818182,0.09090909090909091,71.27272727272727,0,0,11,0,0.0,0,1
CUST-10871,Starter,190.56,21,Healthcare,North America,Partner/Referral,5,False,23,3,190.56,active,20,0.35,3,0,45,16.666666666666668,0.0,30.666666666666668,0,0,3,0,0.0,0,1
CUST-10872,Starter,154.36,2,Media,North America,Paid Search,5,True,23,22,131.73,active,21,0.708,9,1,66,21.818181818181817,1.0,64.86363636363636,1,1,22,0,-14.660533817051064,0,1
CUST-10873,Starter,174.57,16,Media,Europe,Outbound Sales,28,False,17,2,174.57,churned,9,0.402,7,2,61,4.5,1.5,51.0,0,0,2,1,0.0,0,0
CUST-10874,Starter,105.4,14,Education,Europe,Paid Search,71,False,23,10,105.4,active,38,1.0,10,0,93,31.9,0.1,79.1,0,0,10,0,0.0,0,1
CUST-10875,Growth,289.5,18,Healthcare,Europe,Paid Search,4,True,23,6,289.5,active,6,0.268,6,5,53,18.5,4.833333333333333,44.833333333333336,0,0,6,0,0.0,0,1
CUST-10876,Enterprise,6482.12,22,Manufacturing,Europe,Paid Search,43,True,23,2,6482.12,active,15,0.393,8,0,73,17.0,0.0,68.5,0,0,2,0,0.0,0,1
CUST-10877,Growth,631.63,20,Professional Services,North America,Partner/Referral,28,False,23,4,631.63,active,33,0.616,6,0,68,27.25,0.5,67.0,0,0,4,0,0.0,0,1
CUST-10878,Starter,160.84,14,Healthcare,Europe,Product-Led Trial,14,False,21,8,160.84,churned,19,0.35,7,3,55,17.75,1.875,45.5,0,0,8,1,0.0,0,0
CUST-10879,Starter,87.2,13,Media,Europe,Outbound Sales,9,False,18,6,87.2,churned,33,0.767,6,1,73,27.0,0.8333333333333334,76.83333333333333,0,0,6,1,0.0,0,0
CUST-10880,Growth,441.8,7,Healthcare,North America,Inbound/Organic,25,False,11,5,441.8,churned,29,0.787,10,5,78,33.0,3.4,80.4,0,0,5,1,0.0,0,0
CUST-10881,Growth,336.48,12,E-commerce,North America,Product-Led Trial,97,False,23,12,336.48,active,10,0.551,3,0,14,16.083333333333332,1.25,32.583333333333336,0,0,12,0,0.0,0,1
CUST-10882,Starter,194.52,11,Manufacturing,APAC,Outbound Sales,19,True,23,13,194.52,active,30,0.889,10,0,60,37.23076923076923,0.38461538461538464,82.23076923076923,0,0,13,0,0.0,0,1
CUST-10883,Starter,78.85,7,Professional Services,North America,Inbound/Organic,16,False,23,17,78.85,active,22,0.409,1,3,59,19.176470588235293,2.1176470588235294,56.05882352941177,0,0,17,0,0.0,0,1
CUST-10884,Starter,192.26,7,FinTech,North America,Product-Led Trial,31,True,23,17,286.76,active,43,0.54,8,0,72,23.470588235294116,0.6470588235294118,51.0,2,0,17,0,49.152189743056276,1,2
CUST-10885,Enterprise,2809.9,17,Manufacturing,Europe,Paid Search,49,True,23,7,2809.9,active,31,0.652,6,1,83,29.714285714285715,0.42857142857142855,70.0,0,0,7,0,0.0,0,1
CUST-10886,Enterprise,5847.6,3,Healthcare,LATAM,Inbound/Organic,15,True,23,21,5259.05,active,16,0.509,6,3,36,21.571428571428573,1.2380952380952381,43.57142857142857,0,1,21,0,-10.064812914700049,0,1
CUST-10887,Starter,105.0,4,E-commerce,North America,Partner/Referral,37,False,23,20,57.02,active,8,0.267,2,5,37,17.45,4.4,48.8,1,3,20,0,-45.695238095238096,0,1
CUST-10888,Starter,56.08,20,E-commerce,MEA,Paid Search,13,False,23,4,56.08,active,22,0.793,8,2,68,24.75,1.0,69.25,0,0,4,0,0.0,0,1
CUST-10889,Enterprise,4878.69,14,E-commerce,MEA,Outbound Sales,105,True,23,10,4878.69,active,9,0.289,2,5,25,13.4,3.4,38.7,0,0,10,0,0.0,0,1
CUST-10890,Growth,719.93,2,Professional Services,LATAM,Product-Led Trial,11,False,23,22,928.92,active,46,1.0,9,0,100,37.31818181818182,0.5909090909090909,78.13636363636364,1,0,22,0,29.029211173308518,1,2
CUST-10891,Growth,531.71,8,Media,North America,Inbound/Organic,11,False,23,16,531.71,active,29,0.892,9,0,62,37.9375,1.125,87.125,0,0,16,0,0.0,0,1
CUST-10892,Starter,118.57,22,Professional Services,North America,Paid Search,81,False,23,2,118.57,active,31,0.717,11,1,76,28.5,1.0,73.0,0,0,2,0,0.0,0,1
CUST-10893,Growth,868.2,0,Media,North America,Outbound Sales,2,False,23,24,868.2,active,30,0.533,5,4,57,25.25,3.4166666666666665,60.708333333333336,0,0,24,0,0.0,0,1
CUST-10894,Growth,921.52,11,Manufacturing,LATAM,Outbound Sales,72,False,23,13,921.52,active,37,0.727,7,0,92,28.307692307692307,0.38461538461538464,71.92307692307692,0,0,13,0,0.0,0,1
CUST-10895,Enterprise,1459.38,0,E-commerce,Europe,Product-Led Trial,5,True,14,15,1459.38,churned,24,0.675,6,2,44,18.066666666666666,1.3333333333333333,44.93333333333333,0,0,15,1,0.0,0,0
CUST-10896,Growth,684.83,5,FinTech,Europe,Product-Led Trial,131,False,23,19,684.83,active,7,0.229,1,1,11,12.894736842105264,0.9473684210526315,31.894736842105264,0,0,19,0,0.0,0,1
CUST-10897,Starter,134.32,4,SaaS/Tech,Europe,Inbound/Organic,36,True,10,7,151.36,churned,36,0.712,8,0,87,30.142857142857142,0.7142857142857143,75.42857142857143,1,0,7,1,12.686122692078634,1,0
CUST-10898,Starter,160.69,17,Professional Services,APAC,Partner/Referral,7,False,21,5,160.69,churned,11,0.284,8,0,58,17.6,0.6,52.8,0,0,5,1,0.0,0,0
CUST-10899,Growth,497.01,21,Healthcare,APAC,Outbound Sales,76,False,23,3,497.01,active,30,0.704,7,1,46,28.666666666666668,2.3333333333333335,65.33333333333333,0,0,3,0,0.0,0,1
CUST-10900,Starter,133.84,4,Healthcare,North America,Paid Search,111,False,12,9,121.42,churned,20,0.883,8,1,71,26.0,0.3333333333333333,71.77777777777777,0,1,9,1,-9.279736999402273,0,0
CUST-10901,Growth,735.91,15,Education,North America,Partner/Referral,27,False,23,9,735.91,active,4,0.432,4,4,56,13.777777777777779,1.2222222222222223,49.333333333333336,0,0,9,0,0.0,0,1
CUST-10902,Growth,451.34,4,E-commerce,APAC,Outbound Sales,675,False,23,20,586.02,active,26,1.0,11,0,59,27.25,0.75,65.8,1,0,20,0,29.840031904994017,1,2
CUST-10903,Starter,78.0,16,SaaS/Tech,Europe,Partner/Referral,48,False,23,8,78.0,active,20,0.346,5,1,20,14.125,2.0,34.75,0,0,8,0,0.0,0,1
CUST-10904,Starter,195.84,21,FinTech,Europe,Paid Search,122,False,23,3,195.84,active,26,0.516,8,4,63,18.666666666666668,3.3333333333333335,55.0,0,0,3,0,0.0,0,1
CUST-10905,Growth,284.07,19,Professional Services,Europe,Partner/Referral,14,False,23,5,219.23,active,32,0.818,10,0,80,31.8,0.4,80.8,0,1,5,0,-22.825359946492064,0,1
CUST-10906,Enterprise,3898.92,0,E-commerce,APAC,Outbound Sales,38,True,23,24,6145.41,active,15,0.552,8,4,61,16.125,2.2916666666666665,47.5,4,2,24,0,57.61826351912836,1,2
CUST-10907,Starter,116.13,8,SaaS/Tech,LATAM,Product-Led Trial,13,False,16,9,116.13,churned,14,0.875,7,3,86,25.444444444444443,0.6666666666666666,69.66666666666667,0,0,9,1,0.0,0,0
CUST-10908,Starter,118.86,16,E-commerce,Europe,Product-Led Trial,58,False,16,1,118.86,churned,23,0.569,8,1,52,23.0,1.0,52.0,0,0,1,1,0.0,0,0
CUST-10909,Growth,248.03,9,FinTech,Europe,Outbound Sales,12,False,12,4,201.66,churned,25,0.438,8,0,56,21.5,0.0,62.5,0,1,4,1,-18.69531911462323,0,0
CUST-10910,Growth,664.58,4,Media,North America,Product-Led Trial,44,False,9,6,664.58,churned,18,0.859,8,0,78,28.5,0.5,71.5,0,0,6,1,0.0,0,0
CUST-10911,Enterprise,6130.14,2,Manufacturing,APAC,Product-Led Trial,8,True,2,1,6130.14,churned,27,0.602,5,0,41,27.0,0.0,41.0,0,0,1,1,0.0,0,0
CUST-10912,Enterprise,3987.53,7,SaaS/Tech,APAC,Inbound/Organic,24,True,21,15,3987.53,churned,37,0.656,11,3,73,24.866666666666667,3.466666666666667,61.8,0,0,15,1,0.0,0,0
CUST-10913,Starter,115.09,9,Education,APAC,Outbound Sales,3,False,13,5,115.09,churned,12,0.282,3,2,67,10.6,1.4,45.6,0,0,5,1,0.0,0,0
CUST-10914,Growth,967.21,15,Healthcare,Europe,Product-Led Trial,77,False,23,9,718.03,active,31,1.0,9,2,71,29.666666666666668,0.6666666666666666,75.55555555555556,0,1,9,0,-25.762760930925037,0,1
CUST-10915,Starter,77.43,14,SaaS/Tech,North America,Partner/Referral,9,False,23,10,102.95,active,15,0.93,12,4,44,28.6,3.8,73.8,1,0,10,0,32.95880149812733,1,2
CUST-10916,Growth,837.07,5,E-commerce,LATAM,Partner/Referral,6,False,18,14,764.03,churned,23,0.851,10,0,93,30.357142857142858,0.5714285714285714,77.85714285714286,0,1,14,1,-8.725674077436782,0,0
CUST-10917,Growth,414.36,19,Manufacturing,APAC,Paid Search,19,False,23,5,414.36,active,21,0.409,3,0,24,15.2,0.4,29.4,0,0,5,0,0.0,0,1
CUST-10918,Growth,818.95,19,Education,North America,Paid Search,26,False,23,5,818.95,active,35,0.799,10,0,59,30.4,0.4,79.8,0,0,5,0,0.0,0,1
CUST-10919,Starter,157.43,18,Manufacturing,Europe,Paid Search,7,False,21,4,157.43,churned,1,0.267,5,2,26,7.75,1.25,39.0,0,0,4,1,0.0,0,0
CUST-10920,Growth,544.36,21,FinTech,APAC,Paid Search,3,False,23,3,544.36,active,39,0.912,10,0,83,44.333333333333336,0.6666666666666666,89.33333333333333,0,0,3,0,0.0,0,1
CUST-10921,Starter,141.31,2,Healthcare,North America,Paid Search,11,False,14,13,141.31,churned,27,0.88,5,0,88,26.923076923076923,0.0,62.61538461538461,0,0,13,1,0.0,0,0
CUST-10922,Growth,905.67,9,Healthcare,APAC,Paid Search,15,False,23,15,1195.09,active,49,1.0,10,1,100,33.46666666666667,0.8,81.26666666666667,1,0,15,0,31.956452129362788,1,2
CUST-10923,Enterprise,6084.12,9,Healthcare,Europe,Outbound Sales,71,True,23,15,7667.52,active,37,0.807,8,0,89,24.133333333333333,0.4666666666666667,70.66666666666667,1,0,15,0,26.025127709512642,1,2
CUST-10924,Growth,719.31,3,Education,Europe,Partner/Referral,32,False,23,21,719.31,active,23,0.514,7,3,45,26.095238095238095,1.2380952380952381,55.38095238095238,0,0,21,0,0.0,0,1
CUST-10925,Growth,208.03,5,Media,Europe,Paid Search,8,False,12,8,208.03,churned,23,0.781,7,1,50,28.375,0.625,67.125,0,0,8,1,0.0,0,0
CUST-10926,Enterprise,2145.73,16,FinTech,North America,Inbound/Organic,7,True,23,8,2145.73,active,34,0.611,6,2,39,30.625,2.625,55.375,0,0,8,0,0.0,0,1
CUST-10927,Enterprise,3879.31,6,Professional Services,Europe,Product-Led Trial,2,True,23,18,5570.6,active,20,0.629,7,1,44,30.11111111111111,0.6666666666666666,69.05555555555556,2,0,18,0,43.59770165312904,1,2
CUST-10928,Starter,61.01,10,SaaS/Tech,North America,Partner/Referral,28,False,23,14,79.97,active,19,0.641,4,0,44,22.642857142857142,0.7857142857142857,61.714285714285715,1,0,14,0,31.076872643828885,1,2
CUST-10929,Growth,241.81,15,SaaS/Tech,APAC,Outbound Sales,27,False,23,9,241.81,active,16,0.493,4,0,56,19.666666666666668,1.7777777777777777,54.666666666666664,0,0,9,0,0.0,0,1
CUST-10930,Starter,175.8,1,Professional Services,MEA,Outbound Sales,55,False,1,1,175.8,churned,5,0.383,3,0,64,5.0,0.0,64.0,0,0,1,1,0.0,0,0
CUST-10931,Enterprise,5733.1,4,SaaS/Tech,APAC,Partner/Referral,112,True,23,20,5733.1,active,12,0.131,1,0,14,6.65,0.85,16.7,0,0,20,0,0.0,0,1
CUST-10932,Enterprise,3557.57,12,Education,Europe,Outbound Sales,21,True,23,12,3557.57,active,37,0.713,9,1,55,29.083333333333332,1.4166666666666667,76.66666666666667,0,0,12,0,0.0,0,1
CUST-10933,Growth,909.73,6,E-commerce,Europe,Paid Search,19,False,23,18,1227.42,active,14,0.401,4,0,49,26.0,0.16666666666666666,57.0,1,0,18,0,34.921350290745615,1,2
CUST-10934,Growth,468.78,6,SaaS/Tech,North America,Inbound/Organic,6,False,10,5,468.78,churned,8,0.082,3,2,16,8.6,1.8,21.8,0,0,5,1,0.0,0,0
CUST-10935,Starter,127.27,19,SaaS/Tech,North America,Paid Search,24,True,19,1,127.27,churned,26,0.71,8,1,58,26.0,1.0,58.0,0,0,1,1,0.0,0,0
CUST-10936,Starter,132.1,13,Education,North America,Paid Search,10,False,23,11,132.1,active,3,0.657,5,1,71,20.181818181818183,1.0,59.18181818181818,0,0,11,0,0.0,0,1
CUST-10937,Growth,323.72,3,Manufacturing,APAC,Product-Led Trial,7,False,3,1,323.72,churned,7,0.641,6,0,70,7.0,0.0,70.0,0,0,1,1,0.0,0,0
CUST-10938,Starter,161.13,6,FinTech,Europe,Partner/Referral,30,False,23,18,161.13,active,26,0.747,9,2,72,22.38888888888889,0.4444444444444444,50.55555555555556,0,0,18,0,0.0,0,1
CUST-10939,Starter,105.43,7,Media,Europe,Outbound Sales,26,False,23,17,105.43,active,20,0.731,5,0,95,33.705882352941174,0.5882352941176471,79.41176470588235,0,0,17,0,0.0,0,1
CUST-10940,Growth,269.21,17,Manufacturing,Europe,Outbound Sales,8,False,22,6,269.21,churned,16,0.528,7,2,56,21.0,1.3333333333333333,60.833333333333336,0,0,6,1,0.0,0,0
CUST-10941,Starter,75.58,2,Professional Services,Europe,Inbound/Organic,74,False,23,22,69.67,active,22,0.86,9,4,72,32.81818181818182,2.9545454545454546,70.22727272727273,1,1,22,0,-7.819528975919551,0,1
CUST-10942,Starter,66.63,11,Education,LATAM,Inbound/Organic,50,False,11,1,66.63,churned,39,0.754,10,0,63,39.0,0.0,63.0,0,0,1,1,0.0,0,0
CUST-10943,Growth,579.3,9,Healthcare,APAC,Partner/Referral,26,False,19,11,371.75,churned,4,0.126,3,4,22,6.909090909090909,3.909090909090909,22.09090909090909,0,2,11,1,-35.82772311410322,0,0
CUST-10944,Starter,179.43,12,Education,North America,Paid Search,9,False,20,9,179.43,churned,18,0.548,5,3,58,23.333333333333332,3.3333333333333335,59.44444444444444,0,0,9,1,0.0,0,0
CUST-10945,Growth,779.65,15,Manufacturing,Europe,Outbound Sales,49,False,17,3,779.65,churned,37,0.873,10,1,69,33.666666666666664,0.6666666666666666,80.0,0,0,3,1,0.0,0,0
CUST-10946,Enterprise,2201.75,11,Manufacturing,APAC,Paid Search,15,True,23,13,2852.76,active,12,0.345,4,2,35,10.923076923076923,2.769230769230769,28.076923076923077,2,0,13,0,29.56784376064495,1,2
CUST-10947,Enterprise,4845.28,12,E-commerce,LATAM,Inbound/Organic,143,True,23,12,4845.28,active,29,0.599,8,0,80,30.833333333333332,0.08333333333333333,78.91666666666667,0,0,12,0,0.0,0,1
CUST-10948,Enterprise,5111.59,8,E-commerce,Europe,Outbound Sales,142,True,23,16,8377.42,active,35,0.897,9,0,60,27.0,0.25,59.3125,3,0,16,0,63.890687633397825,1,2
CUST-10949,Starter,123.63,12,FinTech,APAC,Inbound/Organic,60,False,13,2,123.63,churned,37,0.535,5,3,50,26.5,2.0,34.0,0,0,2,1,0.0,0,0
CUST-10950,Starter,178.75,19,SaaS/Tech,North America,Partner/Referral,4,False,19,1,178.75,churned,19,0.167,3,1,33,19.0,1.0,33.0,0,0,1,1,0.0,0,0
CUST-10951,Starter,93.43,1,Media,Europe,Paid Search,14,False,23,23,52.69,active,26,0.829,6,3,43,25.82608695652174,2.4782608695652173,59.65217391304348,0,3,23,0,-43.60483784651611,0,1
CUST-10952,Growth,444.3,3,Professional Services,LATAM,Partner/Referral,81,False,9,7,403.0,churned,37,0.769,10,0,50,28.0,0.14285714285714285,65.71428571428571,0,1,7,1,-9.295521044339413,0,0
CUST-10953,Starter,68.76,12,Media,Europe,Paid Search,13,True,23,12,68.76,active,17,0.409,7,0,55,13.333333333333334,2.25,43.416666666666664,0,0,12,0,0.0,0,1
CUST-10954,Starter,180.36,10,Healthcare,North America,Product-Led Trial,4,False,23,14,180.36,active,46,1.0,11,1,87,33.857142857142854,0.5,78.92857142857143,0,0,14,0,0.0,0,1
CUST-10955,Starter,167.52,13,FinTech,Europe,Paid Search,6,False,22,10,136.44,churned,4,0.324,4,1,54,22.0,0.6,48.3,0,1,10,1,-18.553008595988548,0,0
CUST-10956,Growth,484.07,9,E-commerce,North America,Partner/Referral,14,False,23,15,417.95,active,25,0.382,5,2,40,10.466666666666667,2.0,40.06666666666667,0,1,15,0,-13.659181523333402,0,1
CUST-10957,Growth,413.47,18,FinTech,North America,Product-Led Trial,5,True,23,6,413.47,active,17,0.443,4,3,52,11.333333333333334,4.666666666666667,30.333333333333332,0,0,6,0,0.0,0,1
CUST-10958,Starter,155.34,11,E-commerce,APAC,Inbound/Organic,41,False,21,11,155.34,churned,14,0.532,7,4,37,24.09090909090909,0.8181818181818182,52.09090909090909,0,0,11,1,0.0,0,0
CUST-10959,Growth,672.45,18,Education,LATAM,Product-Led Trial,10,True,19,2,672.45,churned,23,0.559,4,4,52,20.0,4.0,49.5,0,0,2,1,0.0,0,0
CUST-10960,Growth,828.48,7,Education,Europe,Paid Search,20,False,23,17,828.48,active,15,0.733,8,3,48,23.941176470588236,3.4705882352941178,55.470588235294116,0,0,17,0,0.0,0,1
CUST-10961,Enterprise,3412.18,3,Education,Europe,Inbound/Organic,110,True,5,3,3412.18,churned,22,0.572,10,0,56,26.333333333333332,0.3333333333333333,48.333333333333336,0,0,3,1,0.0,0,0
CUST-10962,Starter,182.28,1,Media,North America,Outbound Sales,46,False,6,6,182.28,churned,16,0.381,5,2,56,17.5,1.0,51.833333333333336,0,0,6,1,0.0,0,0
CUST-10963,Growth,904.88,8,FinTech,APAC,Outbound Sales,91,False,8,1,904.88,churned,40,0.683,11,3,85,40.0,3.0,85.0,0,0,1,1,0.0,0,0
CUST-10964,Starter,132.68,8,Professional Services,North America,Partner/Referral,94,False,23,16,132.68,active,7,0.25,5,0,21,18.5,1.3125,38.5625,0,0,16,0,0.0,0,1
CUST-10965,Enterprise,3007.93,16,SaaS/Tech,North America,Product-Led Trial,20,True,21,6,3007.93,churned,14,0.319,5,0,47,19.333333333333332,1.0,42.833333333333336,0,0,6,1,0.0,0,0
CUST-10966,Starter,167.93,13,FinTech,North America,Paid Search,27,False,23,11,187.18,active,6,0.597,8,2,75,21.90909090909091,0.6363636363636364,72.72727272727273,1,0,11,0,11.463109629012088,1,2
CUST-10967,Starter,139.51,18,Media,North America,Product-Led Trial,3,False,18,1,139.51,churned,24,0.42,5,0,54,24.0,0.0,54.0,0,0,1,1,0.0,0,0
CUST-10968,Enterprise,1383.21,17,SaaS/Tech,Europe,Inbound/Organic,4,True,23,7,1383.21,active,39,0.692,9,2,80,33.285714285714285,2.857142857142857,80.57142857142857,0,0,7,0,0.0,0,1
CUST-10969,Starter,165.75,1,FinTech,LATAM,Inbound/Organic,51,False,2,2,165.75,churned,26,0.988,8,0,82,27.5,0.0,84.0,0,0,2,1,0.0,0,0
CUST-10970,Enterprise,3124.53,0,Education,North America,Inbound/Organic,16,True,23,24,3340.69,active,14,0.313,3,4,36,10.416666666666666,2.8333333333333335,36.75,1,0,24,0,6.9181604913378925,1,2
CUST-10971,Starter,135.97,9,Media,Europe,Outbound Sales,17,False,23,15,118.64,churned,23,0.44,7,5,70,19.866666666666667,2.2666666666666666,53.0,1,2,15,1,-12.745458557034638,0,0
CUST-10972,Enterprise,7705.38,7,Education,Europe,Paid Search,7,True,23,17,12996.13,active,53,1.0,10,0,100,32.88235294117647,1.5294117647058822,80.94117647058823,2,0,17,0,68.66306398905698,1,2
CUST-10973,Starter,188.88,2,SaaS/Tech,APAC,Partner/Referral,22,False,5,4,149.41,churned,21,0.538,6,3,8,23.25,4.25,57.75,0,1,4,1,-20.89686573485811,0,0
CUST-10974,Enterprise,7760.39,5,E-commerce,APAC,Paid Search,7,True,23,19,6705.23,active,0,0.05,2,7,0,5.052631578947368,5.526315789473684,12.578947368421053,0,1,19,0,-13.596739339131162,0,1
CUST-10975,Enterprise,3029.47,17,Education,North America,Partner/Referral,25,True,23,7,3029.47,active,30,0.511,8,3,62,25.714285714285715,2.857142857142857,75.28571428571429,0,0,7,0,0.0,0,1
CUST-10976,Enterprise,7328.8,17,Healthcare,North America,Outbound Sales,6,True,23,7,7328.8,active,37,0.703,8,0,87,32.57142857142857,0.8571428571428571,77.28571428571429,0,0,7,0,0.0,0,1
CUST-10977,Growth,672.49,17,E-commerce,APAC,Inbound/Organic,72,False,23,7,710.66,active,24,0.523,7,1,68,19.571428571428573,2.142857142857143,48.57142857142857,1,1,7,0,5.675920831536523,0,1
CUST-10978,Enterprise,3169.06,5,Manufacturing,APAC,Inbound/Organic,63,True,23,19,6284.42,active,32,0.913,8,0,57,36.31578947368421,0.47368421052631576,83.05263157894737,3,0,19,0,98.30549121821613,1,2
CUST-10979,Starter,125.23,15,Manufacturing,MEA,Outbound Sales,144,False,15,1,125.23,churned,38,0.812,6,0,58,38.0,0.0,58.0,0,0,1,1,0.0,0,0
CUST-10980,Starter,185.35,18,Professional Services,North America,Inbound/Organic,49,False,23,6,185.35,active,31,0.707,7,0,86,22.5,0.0,71.33333333333333,0,0,6,0,0.0,0,1
CUST-10981,Starter,71.84,12,Healthcare,Europe,Product-Led Trial,9,False,12,1,71.84,churned,17,0.618,6,1,80,17.0,1.0,80.0,0,0,1,1,0.0,0,0
CUST-10982,Starter,91.74,15,E-commerce,North America,Paid Search,64,False,23,9,111.21,active,28,0.608,7,3,69,24.666666666666668,1.0,64.44444444444444,1,0,9,0,21.223021582733814,1,2
CUST-10983,Starter,118.82,9,Professional Services,LATAM,Partner/Referral,10,False,23,15,139.13,active,18,0.323,4,1,40,16.8,0.6666666666666666,45.53333333333333,1,0,15,0,17.093081972731866,1,2
CUST-10984,Starter,125.5,8,Healthcare,Europe,Partner/Referral,20,False,23,16,125.5,active,11,0.598,5,0,52,32.25,0.8125,71.25,0,0,16,0,0.0,0,1
CUST-10985,Enterprise,1025.59,17,Manufacturing,Europe,Product-Led Trial,2,True,23,7,1025.59,active,25,0.731,4,5,72,18.285714285714285,3.142857142857143,56.142857142857146,0,0,7,0,0.0,0,1
CUST-10986,Starter,54.67,2,Healthcare,APAC,Inbound/Organic,62,False,4,3,54.67,churned,18,0.942,8,4,53,17.333333333333332,2.6666666666666665,40.666666666666664,0,0,3,1,0.0,0,0
CUST-10987,Enterprise,1487.83,10,FinTech,North America,Outbound Sales,12,True,23,14,1661.12,active,30,0.642,10,0,62,23.428571428571427,0.35714285714285715,56.642857142857146,2,0,14,0,11.647163990509666,1,2
CUST-10988,Growth,737.19,11,Media,North America,Partner/Referral,20,False,23,13,583.02,active,24,0.851,12,0,68,33.0,0.9230769230769231,75.07692307692308,0,2,13,0,-20.91319741179344,0,1
CUST-10989,Enterprise,4846.0,8,FinTech,Europe,Product-Led Trial,30,True,23,16,5241.47,active,7,0.606,7,0,47,28.25,0.4375,62.75,1,0,16,0,8.160751134956671,1,2
CUST-10990,Growth,888.64,9,Education,Europe,Paid Search,2,False,12,4,888.64,churned,33,0.657,5,2,97,28.0,1.5,75.0,0,0,4,1,0.0,0,0
CUST-10991,Growth,447.72,8,SaaS/Tech,Europe,Partner/Referral,18,True,23,16,447.72,active,25,0.706,7,1,72,27.75,1.8125,63.3125,0,0,16,0,0.0,0,1
CUST-10992,Starter,181.34,12,Manufacturing,LATAM,Paid Search,34,True,23,12,181.34,active,29,0.626,8,0,88,30.0,0.25,70.83333333333333,0,0,12,0,0.0,0,1
CUST-10993,Growth,909.15,13,Media,Europe,Inbound/Organic,19,False,13,1,909.15,churned,43,0.915,11,1,78,43.0,1.0,78.0,0,0,1,1,0.0,0,0
CUST-10994,Enterprise,4719.38,0,Manufacturing,MEA,Paid Search,11,True,23,24,6087.29,active,17,0.685,7,0,51,19.416666666666668,0.20833333333333334,52.75,1,0,24,0,28.984951413109343,1,2
CUST-10995,Enterprise,3535.27,14,Professional Services,North America,Paid Search,16,True,23,10,3535.27,active,40,0.686,7,5,30,29.7,1.2,59.1,0,0,10,0,0.0,0,1
CUST-10996,Growth,248.49,21,FinTech,Europe,Inbound/Organic,9,False,23,3,248.49,active,34,0.925,9,0,77,40.333333333333336,0.0,83.33333333333333,0,0,3,0,0.0,0,1
CUST-10997,Growth,776.18,13,SaaS/Tech,APAC,Product-Led Trial,16,False,20,8,1230.52,churned,33,0.743,14,2,60,26.875,0.625,64.375,3,0,8,1,58.53539127521967,1,0
CUST-10998,Growth,325.74,15,Education,LATAM,Inbound/Organic,19,False,23,9,325.74,active,24,0.828,9,0,87,33.333333333333336,0.8888888888888888,82.33333333333333,0,0,9,0,0.0,0,1
CUST-10999,Growth,732.96,2,E-commerce,North America,Inbound/Organic,20,True,10,9,732.96,churned,21,0.823,6,5,53,26.444444444444443,4.222222222222222,61.111111111111114,0,0,9,1,0.0,0,0
CUST-11000,Starter,173.69,6,Healthcare,North America,Product-Led Trial,73,True,23,18,173.69,active,22,0.517,6,1,48,15.5,1.0,47.44444444444444,0,0,18,0,0.0,0,1
CUST-11001,Growth,398.73,8,E-commerce,North America,Paid Search,14,False,18,11,398.73,churned,11,0.421,6,1,14,18.09090909090909,0.6363636363636364,47.54545454545455,0,0,11,1,0.0,0,0
CUST-11002,Growth,891.65,8,Education,North America,Outbound Sales,18,False,23,16,891.65,active,16,0.867,12,2,68,32.1875,1.4375,78.625,0,0,16,0,0.0,0,1
CUST-11003,Starter,177.81,12,Media,Europe,Outbound Sales,35,False,23,12,177.81,active,14,0.628,9,1,48,22.5,0.16666666666666666,52.25,0,0,12,0,0.0,0,1
CUST-11004,Growth,202.33,18,Media,APAC,Partner/Referral,157,False,23,6,202.33,active,25,0.738,7,4,29,18.333333333333332,2.6666666666666665,60.833333333333336,0,0,6,0,0.0,0,1
CUST-11005,Enterprise,2854.77,11,Media,Europe,Partner/Referral,153,True,18,8,2854.77,churned,9,0.659,7,1,36,26.5,0.75,59.375,0,0,8,1,0.0,0,0
CUST-11006,Starter,137.62,10,Media,North America,Paid Search,20,False,21,12,137.62,churned,9,0.506,2,3,34,13.583333333333334,1.1666666666666667,38.0,0,0,12,1,0.0,0,0
CUST-11007,Starter,79.78,7,Education,Europe,Outbound Sales,49,False,9,3,79.78,churned,38,0.494,6,3,67,31.333333333333332,2.0,63.333333333333336,0,0,3,1,0.0,0,0
CUST-11008,Starter,118.53,15,SaaS/Tech,Europe,Inbound/Organic,8,True,23,9,118.53,active,23,0.962,9,0,67,36.111111111111114,0.4444444444444444,80.77777777777777,0,0,9,0,0.0,0,1
CUST-11009,Starter,114.49,14,Professional Services,North America,Paid Search,2,False,14,1,114.49,churned,20,0.751,13,2,96,20.0,2.0,96.0,0,0,1,1,0.0,0,0
CUST-11010,Enterprise,4652.2,7,FinTech,North America,Product-Led Trial,5,True,23,17,8845.94,active,32,0.573,8,0,37,21.764705882352942,0.058823529411764705,69.05882352941177,4,0,17,0,90.14530759640603,1,2
CUST-11011,Growth,709.29,16,E-commerce,APAC,Partner/Referral,24,False,18,3,709.29,churned,26,0.707,10,0,81,27.333333333333332,0.0,71.0,0,0,3,1,0.0,0,0
CUST-11012,Growth,717.83,12,Media,Europe,Paid Search,31,True,23,12,833.81,active,38,0.551,6,0,37,29.583333333333332,1.25,53.583333333333336,1,0,12,0,16.157028822980358,1,2
CUST-11013,Starter,137.87,17,Professional Services,North America,Inbound/Organic,42,False,20,4,98.3,churned,47,0.763,6,1,30,31.0,0.25,41.25,0,1,4,1,-28.70095017045043,0,0
CUST-11014,Starter,198.74,22,E-commerce,North America,Paid Search,36,False,23,2,198.74,active,38,0.884,9,0,48,32.5,0.0,60.0,0,0,2,0,0.0,0,1
CUST-11015,Growth,369.42,2,E-commerce,APAC,Product-Led Trial,238,False,23,22,423.23,active,28,1.0,13,1,75,31.545454545454547,0.4090909090909091,75.31818181818181,1,1,22,0,14.566076552433543,0,1
CUST-11016,Enterprise,6630.62,8,Professional Services,APAC,Partner/Referral,33,True,23,16,9644.31,active,29,0.708,8,0,69,29.9375,0.625,70.1875,2,0,16,0,45.45110411997671,1,2
CUST-11017,Growth,826.64,18,E-commerce,North America,Inbound/Organic,16,True,23,6,663.46,active,28,0.71,7,0,73,27.833333333333332,0.3333333333333333,69.83333333333333,0,1,6,0,-19.740152908158322,0,1
CUST-11018,Starter,97.68,10,E-commerce,North America,Paid Search,102,False,10,1,97.68,churned,10,0.332,5,5,48,10.0,5.0,48.0,0,0,1,1,0.0,0,0
CUST-11019,Starter,186.66,12,SaaS/Tech,MEA,Inbound/Organic,427,True,23,12,186.66,active,36,0.83,8,4,61,30.833333333333332,0.9166666666666666,69.16666666666667,0,0,12,0,0.0,0,1
CUST-11020,Enterprise,1928.02,19,E-commerce,LATAM,Outbound Sales,61,True,23,5,1928.02,active,20,0.773,12,0,83,24.2,0.0,80.8,0,0,5,0,0.0,0,1
CUST-11021,Growth,261.64,19,Healthcare,North America,Product-Led Trial,33,False,20,2,261.64,churned,9,0.584,4,0,54,15.0,0.5,61.5,0,0,2,1,0.0,0,0
CUST-11022,Starter,172.41,10,Manufacturing,Europe,Partner/Referral,73,True,23,14,172.41,active,33,0.809,10,2,61,39.285714285714285,0.7142857142857143,72.0,0,0,14,0,0.0,0,1
CUST-11023,Enterprise,4496.97,18,SaaS/Tech,Europe,Product-Led Trial,9,True,23,6,4496.97,active,20,0.532,9,2,62,19.5,2.8333333333333335,68.0,0,0,6,0,0.0,0,1
CUST-11024,Enterprise,4207.77,12,Healthcare,LATAM,Outbound Sales,13,True,23,12,5996.6,active,50,1.0,13,1,100,39.083333333333336,1.0833333333333333,86.16666666666667,3,0,12,0,42.51254227298545,1,2
CUST-11025,Starter,193.28,13,Media,Europe,Partner/Referral,84,False,23,11,193.28,active,32,0.345,4,1,11,18.0,2.0,37.45454545454545,0,0,11,0,0.0,0,1
CUST-11026,Starter,110.43,3,E-commerce,Europe,Outbound Sales,3,False,23,21,110.43,active,28,0.861,11,0,100,37.61904761904762,0.2857142857142857,82.38095238095238,0,0,21,0,0.0,0,1
CUST-11027,Growth,647.35,17,Manufacturing,APAC,Outbound Sales,106,False,23,7,647.35,active,27,0.665,2,1,63,24.285714285714285,3.2857142857142856,49.857142857142854,0,0,7,0,0.0,0,1
CUST-11028,Starter,163.92,7,Manufacturing,LATAM,Paid Search,18,False,15,9,210.84,churned,33,0.574,4,2,32,22.11111111111111,2.5555555555555554,55.44444444444444,1,0,9,1,28.62371888726209,1,0
CUST-11029,Starter,163.05,19,E-commerce,LATAM,Paid Search,42,False,22,4,148.52,churned,23,0.652,1,2,61,24.5,1.5,64.0,0,1,4,1,-8.911376878258203,0,0
CUST-11030,Starter,125.37,5,SaaS/Tech,Europe,Outbound Sales,25,False,10,6,125.37,churned,17,0.273,4,2,32,19.5,2.3333333333333335,42.833333333333336,0,0,6,1,0.0,0,0
CUST-11031,Starter,130.11,21,FinTech,MEA,Inbound/Organic,18,False,23,3,130.11,active,23,0.599,6,2,37,22.333333333333332,1.6666666666666667,54.333333333333336,0,0,3,0,0.0,0,1
CUST-11032,Growth,474.2,10,Media,North America,Partner/Referral,47,False,23,14,503.46,active,24,0.441,9,1,73,22.0,0.35714285714285715,63.142857142857146,1,1,14,0,6.170392239561365,0,1
CUST-11033,Starter,153.38,13,E-commerce,APAC,Paid Search,16,False,19,7,153.38,churned,0,0.465,3,2,36,11.714285714285714,1.8571428571428572,34.57142857142857,0,0,7,1,0.0,0,0
CUST-11034,Enterprise,1838.32,17,Media,North America,Outbound Sales,512,True,23,7,1838.32,active,53,0.813,11,0,48,31.142857142857142,0.0,66.57142857142857,0,0,7,0,0.0,0,1
CUST-11035,Starter,97.37,0,Healthcare,North America,Outbound Sales,4,False,3,4,97.37,churned,18,0.843,8,0,72,30.75,0.75,67.0,0,0,4,1,0.0,0,0
CUST-11036,Growth,240.36,14,E-commerce,APAC,Product-Led Trial,11,False,23,10,240.36,active,15,0.714,5,0,74,23.8,0.7,61.1,0,0,10,0,0.0,0,1
CUST-11037,Starter,98.02,21,Education,North America,Paid Search,80,False,23,3,98.02,active,47,0.492,5,0,67,31.333333333333332,0.0,65.0,0,0,3,0,0.0,0,1
CUST-11038,Starter,183.35,3,Media,Europe,Paid Search,75,False,23,21,227.3,active,0,0.153,2,1,55,12.19047619047619,1.3333333333333333,43.142857142857146,2,0,21,0,23.97054813198801,1,2
CUST-11039,Starter,162.76,14,SaaS/Tech,Europe,Paid Search,19,True,23,10,217.43,active,18,0.784,7,0,86,32.3,1.2,90.7,1,0,10,0,33.589333988695024,1,2
CUST-11040,Enterprise,4692.47,8,Manufacturing,APAC,Inbound/Organic,16,True,23,16,8043.82,active,37,0.607,4,4,71,21.375,2.375,58.8125,3,0,16,0,71.41974269414614,1,2
CUST-11041,Starter,122.92,9,E-commerce,LATAM,Outbound Sales,30,False,12,4,159.42,churned,37,0.528,5,0,28,32.75,1.25,56.25,1,0,4,1,29.69410999023754,1,0
CUST-11042,Starter,144.91,16,FinTech,North America,Product-Led Trial,71,True,23,8,144.91,active,0,0.05,1,4,20,4.875,1.75,23.75,0,0,8,0,0.0,0,1
CUST-11043,Enterprise,4686.16,15,Healthcare,North America,Product-Led Trial,11,True,23,9,4686.16,active,19,0.178,7,2,47,16.444444444444443,3.3333333333333335,30.77777777777778,0,0,9,0,0.0,0,1
CUST-11044,Enterprise,5247.79,1,SaaS/Tech,North America,Inbound/Organic,30,True,23,23,4329.99,active,20,0.683,7,2,74,23.695652173913043,2.5652173913043477,57.608695652173914,1,1,23,0,-17.489266910451832,0,1
CUST-11045,Growth,761.59,18,Healthcare,APAC,Product-Led Trial,4,False,23,6,761.59,active,39,0.768,10,1,50,35.166666666666664,1.3333333333333333,73.16666666666667,0,0,6,0,0.0,0,1
CUST-11046,Starter,135.02,8,Healthcare,LATAM,Product-Led Trial,25,False,8,1,135.02,churned,28,0.739,8,0,55,28.0,0.0,55.0,0,0,1,1,0.0,0,0
CUST-11047,Starter,112.72,10,Manufacturing,North America,Product-Led Trial,6,False,23,14,112.72,active,46,0.859,8,1,81,31.071428571428573,0.8571428571428571,76.0,0,0,14,0,0.0,0,1
CUST-11048,Enterprise,3305.25,16,Healthcare,Europe,Product-Led Trial,42,True,23,8,3959.67,active,26,0.635,5,0,31,22.0,2.875,56.125,1,1,8,0,19.799410029498528,0,1
CUST-11049,Enterprise,7620.42,21,Professional Services,LATAM,Partner/Referral,12,True,23,3,7620.42,active,25,0.65,6,2,60,29.333333333333332,1.3333333333333333,59.0,0,0,3,0,0.0,0,1
CUST-11050,Growth,631.95,4,E-commerce,Europe,Product-Led Trial,479,False,15,12,631.95,churned,4,0.436,6,0,68,14.916666666666666,0.9166666666666666,44.0,0,0,12,1,0.0,0,0
CUST-11051,Enterprise,5719.31,11,Media,North America,Paid Search,19,True,23,13,8422.35,active,37,0.914,10,0,73,31.53846153846154,0.15384615384615385,75.61538461538461,2,0,13,0,47.26164519845925,1,2
CUST-11052,Starter,88.45,2,Manufacturing,Europe,Outbound Sales,86,False,23,22,107.6,active,22,0.652,4,1,45,27.363636363636363,0.36363636363636365,67.0909090909091,1,0,22,0,21.650650084793657,1,2
CUST-11053,Growth,872.23,1,E-commerce,Europe,Inbound/Organic,86,False,23,23,735.79,active,48,1.0,8,1,86,35.78260869565217,1.2173913043478262,83.1304347826087,0,1,23,0,-15.642663059055531,0,1
CUST-11054,Starter,101.29,6,Media,North America,Partner/Referral,57,True,19,14,72.78,churned,19,0.705,12,0,71,30.642857142857142,1.0714285714285714,66.57142857142857,0,1,14,1,-28.146904926448812,0,0
CUST-11055,Starter,152.45,8,E-commerce,Europe,Partner/Referral,47,False,8,1,152.45,churned,26,0.657,11,2,82,26.0,2.0,82.0,0,0,1,1,0.0,0,0
CUST-11056,Starter,103.54,3,Healthcare,Europe,Paid Search,13,True,5,3,110.53,churned,37,0.636,6,2,75,30.0,0.6666666666666666,56.333333333333336,1,0,3,1,6.751014100830592,1,0
CUST-11057,Starter,102.37,0,Education,North America,Partner/Referral,19,False,23,24,96.7,active,15,0.413,6,0,28,18.5,0.9583333333333334,43.916666666666664,0,1,24,0,-5.538732050405393,0,1
CUST-11058,Starter,76.27,11,Media,APAC,Product-Led Trial,44,True,23,13,66.65,active,7,0.172,1,4,34,7.153846153846154,2.6153846153846154,23.076923076923077,0,1,13,0,-12.613085092434758,0,1
CUST-11059,Growth,621.19,11,Healthcare,North America,Paid Search,7,False,23,13,1014.07,active,52,1.0,9,0,66,35.46153846153846,1.5384615384615385,79.15384615384616,2,0,13,0,63.24634974806419,1,2
CUST-11060,Starter,118.02,20,E-commerce,North America,Partner/Referral,26,False,23,4,118.02,active,23,0.307,3,2,31,13.5,2.25,32.0,0,0,4,0,0.0,0,1
CUST-11061,Starter,54.28,3,SaaS/Tech,North America,Outbound Sales,94,False,4,2,54.28,churned,56,0.833,10,0,85,49.0,0.0,69.5,0,0,2,1,0.0,0,0
CUST-11062,Growth,873.05,8,Professional Services,North America,Product-Led Trial,27,False,23,16,873.05,active,27,0.401,7,1,33,16.0625,1.1875,36.75,0,0,16,0,0.0,0,1
CUST-11063,Starter,139.6,8,Education,MEA,Partner/Referral,8,False,14,7,175.85,churned,37,0.889,8,2,67,35.142857142857146,1.4285714285714286,72.71428571428571,1,0,7,1,25.96704871060172,1,0
CUST-11064,Enterprise,3243.41,13,SaaS/Tech,APAC,Inbound/Organic,19,True,23,11,3243.41,active,35,0.821,5,1,85,32.63636363636363,1.8181818181818181,63.36363636363637,0,0,11,0,0.0,0,1
CUST-11065,Starter,106.53,16,FinTech,Europe,Inbound/Organic,53,False,23,8,106.53,active,18,0.832,7,0,84,22.5,0.875,61.375,0,0,8,0,0.0,0,1
CUST-11066,Starter,95.27,15,Manufacturing,APAC,Partner/Referral,20,False,23,9,95.27,active,55,0.792,8,2,67,33.0,2.4444444444444446,76.0,0,0,9,0,0.0,0,1
CUST-11067,Starter,114.92,22,Education,Europe,Inbound/Organic,78,False,23,2,114.92,active,0,0.333,3,1,63,7.5,4.0,46.5,0,0,2,0,0.0,0,1
CUST-11068,Enterprise,7704.81,6,Media,APAC,Product-Led Trial,59,True,9,4,7704.81,churned,33,0.976,9,2,66,30.75,1.5,68.0,0,0,4,1,0.0,0,0
CUST-11069,Enterprise,1548.37,6,SaaS/Tech,APAC,Partner/Referral,3,True,23,18,1388.83,active,46,0.853,13,0,52,33.666666666666664,0.9444444444444444,67.72222222222223,1,1,18,0,-10.303738770448923,0,1
CUST-11070,Enterprise,3834.02,3,E-commerce,MEA,Inbound/Organic,29,True,23,21,6294.88,active,33,0.833,7,0,80,29.61904761904762,0.5238095238095238,69.9047619047619,3,0,21,0,64.18485036593445,1,2
CUST-11071,Enterprise,3904.98,21,Media,Europe,Inbound/Organic,7,True,23,3,3904.98,active,19,0.493,4,2,63,19.333333333333332,0.6666666666666666,37.333333333333336,0,0,3,0,0.0,0,1
CUST-11072,Starter,82.66,12,Professional Services,MEA,Paid Search,89,False,23,12,75.42,active,35,1.0,8,0,74,34.583333333333336,1.25,75.83333333333333,0,1,12,0,-8.758770868618432,0,1
CUST-11073,Starter,167.05,2,FinTech,North America,Inbound/Organic,38,False,4,3,167.05,churned,9,0.385,1,1,40,14.666666666666666,2.0,38.333333333333336,0,0,3,1,0.0,0,0
CUST-11074,Enterprise,7517.63,2,E-commerce,Europe,Inbound/Organic,5,True,23,22,12432.8,active,32,0.979,9,0,89,35.45454545454545,0.18181818181818182,87.81818181818181,2,0,22,0,65.3819089260844,1,2
CUST-11075,Starter,66.89,14,Manufacturing,Europe,Product-Led Trial,57,False,23,10,66.89,active,34,1.0,9,2,64,28.6,1.6,62.2,0,0,10,0,0.0,0,1
CUST-11076,Starter,109.7,8,SaaS/Tech,North America,Paid Search,15,False,13,6,81.0,churned,9,0.163,5,2,28,13.333333333333334,2.3333333333333335,43.666666666666664,0,1,6,1,-26.162260711030083,0,0
CUST-11077,Enterprise,4212.79,5,FinTech,APAC,Outbound Sales,119,True,23,19,3517.28,active,2,0.05,1,4,17,3.8421052631578947,2.736842105263158,12.421052631578947,0,1,19,0,-16.50948658727351,0,1
CUST-11078,Starter,134.9,3,Media,Europe,Product-Led Trial,5,False,10,8,134.9,churned,20,0.688,8,1,48,29.375,1.625,63.875,0,0,8,1,0.0,0,0
CUST-11079,Growth,847.67,13,Healthcare,Europe,Inbound/Organic,19,False,13,1,847.67,churned,31,0.792,5,1,63,31.0,1.0,63.0,0,0,1,1,0.0,0,0
CUST-11080,Starter,100.3,7,Media,North America,Partner/Referral,21,False,10,4,100.3,churned,50,0.743,11,3,71,36.25,2.25,83.0,0,0,4,1,0.0,0,0
CUST-11081,Starter,160.95,3,Healthcare,LATAM,Outbound Sales,16,False,23,21,160.95,active,35,0.726,9,0,80,21.142857142857142,0.8095238095238095,58.523809523809526,0,0,21,0,0.0,0,1
CUST-11082,Growth,736.75,20,Manufacturing,North America,Inbound/Organic,22,False,23,4,918.78,active,26,0.601,5,2,16,22.5,1.0,52.75,1,0,4,0,24.707159823549368,1,2
CUST-11083,Starter,172.69,0,SaaS/Tech,Europe,Inbound/Organic,194,False,23,24,119.32,active,6,0.146,1,1,42,21.541666666666668,1.5416666666666667,50.416666666666664,0,2,24,0,-30.905090045746718,0,1
CUST-11084,Growth,914.91,17,SaaS/Tech,MEA,Product-Led Trial,5,False,19,3,914.91,churned,15,0.346,7,1,38,16.333333333333332,1.3333333333333333,44.0,0,0,3,1,0.0,0,0
CUST-11085,Starter,75.41,17,Education,North America,Paid Search,12,False,23,7,75.41,active,29,0.768,5,1,86,33.285714285714285,2.0,73.57142857142857,0,0,7,0,0.0,0,1
CUST-11086,Enterprise,6400.99,14,Manufacturing,APAC,Outbound Sales,49,True,20,7,6400.99,churned,0,0.3,1,2,58,9.0,0.8571428571428571,35.714285714285715,0,0,7,1,0.0,0,0
CUST-11087,Enterprise,4310.16,15,FinTech,Europe,Partner/Referral,16,True,23,9,4310.16,active,20,0.671,6,0,33,20.77777777777778,0.3333333333333333,62.333333333333336,0,0,9,0,0.0,0,1
CUST-11088,Growth,976.0,12,Media,Europe,Partner/Referral,41,False,15,4,976.0,churned,23,0.622,5,2,43,23.25,1.75,63.5,0,0,4,1,0.0,0,0
CUST-11089,Growth,910.86,8,E-commerce,LATAM,Outbound Sales,9,False,23,16,910.86,active,20,0.678,9,0,54,25.1875,0.375,67.0625,0,0,16,0,0.0,0,1
CUST-11090,Growth,460.14,2,Education,Europe,Paid Search,13,True,11,10,460.14,churned,31,0.582,9,1,66,30.1,0.5,63.6,0,0,10,1,0.0,0,0
CUST-11091,Growth,465.82,1,Professional Services,North America,Product-Led Trial,29,False,6,6,465.82,churned,23,0.765,12,0,31,23.0,0.0,50.0,0,0,6,1,0.0,0,0
CUST-11092,Growth,295.79,16,SaaS/Tech,APAC,Paid Search,46,False,23,8,239.11,active,20,0.623,4,0,34,23.0,1.875,49.875,0,1,8,0,-19.162243483552523,0,1
CUST-11093,Growth,734.84,8,Healthcare,APAC,Product-Led Trial,54,False,23,16,561.04,active,8,0.364,3,0,29,14.4375,0.9375,40.125,0,2,16,0,-23.651407109030544,0,1
CUST-11094,Starter,149.68,18,Media,APAC,Paid Search,16,False,23,6,149.68,active,21,0.869,8,0,71,24.333333333333332,0.6666666666666666,66.66666666666667,0,0,6,0,0.0,0,1
CUST-11095,Growth,905.39,10,E-commerce,Europe,Paid Search,62,False,16,7,905.39,churned,29,0.717,6,0,42,27.142857142857142,0.5714285714285714,67.71428571428571,0,0,7,1,0.0,0,0
CUST-11096,Growth,432.98,0,Professional Services,LATAM,Outbound Sales,315,False,12,13,432.98,churned,11,0.51,6,0,28,14.307692307692308,1.3076923076923077,45.0,0,0,13,1,0.0,0,0
CUST-11097,Starter,164.21,10,Healthcare,North America,Inbound/Organic,47,False,18,9,137.54,churned,26,0.794,5,1,84,29.11111111111111,1.6666666666666667,74.11111111111111,0,1,9,1,-16.241398209609656,0,0
CUST-11098,Growth,313.08,2,FinTech,Europe,Inbound/Organic,9,False,9,8,386.0,churned,40,1.0,10,2,100,39.875,1.875,90.125,1,0,8,1,23.29117158553725,1,0
CUST-11099,Starter,90.59,0,Education,APAC,Outbound Sales,165,False,23,24,108.65,active,39,1.0,11,0,100,37.625,0.875,77.54166666666667,1,0,24,0,19.935975273208964,1,2
CUST-11100,Growth,835.83,18,Professional Services,North America,Outbound Sales,11,False,23,6,835.83,active,27,0.525,12,1,75,27.333333333333332,0.3333333333333333,72.5,0,0,6,0,0.0,0,1
CUST-11101,Growth,244.22,22,Healthcare,APAC,Paid Search,3,False,23,2,244.22,active,25,0.778,9,1,68,18.5,0.5,79.5,0,0,2,0,0.0,0,1
CUST-11102,Enterprise,4878.41,18,SaaS/Tech,North America,Product-Led Trial,156,True,23,6,4878.41,active,18,0.61,3,0,51,24.0,0.16666666666666666,51.666666666666664,0,0,6,0,0.0,0,1
CUST-11103,Growth,844.39,21,FinTech,MEA,Inbound/Organic,12,False,23,3,844.39,active,28,0.693,6,0,71,30.333333333333332,0.6666666666666666,62.0,0,0,3,0,0.0,0,1
CUST-11104,Starter,144.08,20,E-commerce,North America,Partner/Referral,6,False,23,4,152.5,active,41,0.941,8,0,90,47.0,0.25,95.0,1,0,4,0,5.8439755691282524,1,2
CUST-11105,Starter,169.88,18,Media,North America,Paid Search,33,False,19,2,169.88,churned,14,0.66,4,2,50,13.0,1.5,49.5,0,0,2,1,0.0,0,0
CUST-11106,Growth,441.81,0,FinTech,North America,Inbound/Organic,482,False,11,12,379.85,churned,8,0.393,5,0,50,9.916666666666666,2.6666666666666665,40.666666666666664,0,1,12,1,-14.02412801883162,0,0
CUST-11107,Enterprise,5218.69,17,FinTech,North America,Product-Led Trial,59,True,23,7,5218.69,active,34,0.784,12,2,89,30.0,0.8571428571428571,80.71428571428571,0,0,7,0,0.0,0,1
CUST-11108,Starter,156.0,6,SaaS/Tech,Europe,Outbound Sales,34,False,8,3,156.0,churned,34,0.719,9,2,79,23.666666666666668,0.6666666666666666,69.33333333333333,0,0,3,1,0.0,0,0
CUST-11109,Growth,398.91,15,Education,North America,Paid Search,13,False,23,9,511.49,active,21,0.634,7,0,49,25.77777777777778,0.6666666666666666,63.44444444444444,1,0,9,0,28.221904690281008,1,2
CUST-11110,Enterprise,7281.09,12,E-commerce,Europe,Partner/Referral,24,True,23,12,7281.09,active,36,0.765,7,1,56,29.333333333333332,1.3333333333333333,71.75,0,0,12,0,0.0,0,1
CUST-11111,Starter,187.63,20,SaaS/Tech,North America,Product-Led Trial,52,False,23,4,187.63,active,20,0.851,12,0,48,25.0,0.0,55.75,0,0,4,0,0.0,0,1
CUST-11112,Starter,146.84,19,SaaS/Tech,North America,Inbound/Organic,10,True,23,5,146.84,active,20,0.4,6,3,41,22.2,3.0,46.8,0,0,5,0,0.0,0,1
CUST-11113,Starter,196.95,12,Professional Services,North America,Product-Led Trial,9,False,23,12,196.95,active,22,0.628,10,1,46,31.833333333333332,0.6666666666666666,68.25,0,0,12,0,0.0,0,1
CUST-11114,Starter,124.97,2,E-commerce,North America,Inbound/Organic,15,False,6,5,124.97,churned,17,0.572,5,1,51,17.4,1.6,47.4,0,0,5,1,0.0,0,0
CUST-11115,Starter,137.0,1,SaaS/Tech,Europe,Outbound Sales,336,False,5,5,137.0,churned,9,0.403,4,0,70,14.4,1.8,69.8,0,0,5,1,0.0,0,0
CUST-11116,Starter,106.17,6,Professional Services,APAC,Product-Led Trial,18,False,16,11,106.17,churned,17,0.391,8,1,75,20.818181818181817,0.36363636363636365,55.90909090909091,0,0,11,1,0.0,0,0
CUST-11117,Starter,67.83,3,Manufacturing,LATAM,Inbound/Organic,5,False,14,12,67.83,churned,0,0.05,1,0,-2,4.583333333333333,1.0,20.75,0,0,12,1,0.0,0,0
CUST-11118,Enterprise,6869.84,13,SaaS/Tech,Europe,Paid Search,12,True,23,11,6869.84,active,32,0.641,6,1,68,23.363636363636363,2.3636363636363638,54.27272727272727,0,0,11,0,0.0,0,1
CUST-11119,Growth,873.12,18,Manufacturing,Europe,Product-Led Trial,38,True,23,6,993.31,active,17,0.493,6,1,34,24.166666666666668,0.6666666666666666,56.5,1,0,6,0,13.765576323987533,1,2
CUST-11120,Starter,153.7,14,FinTech,North America,Outbound Sales,30,False,23,10,153.7,active,27,0.819,8,2,76,29.6,1.9,75.8,0,0,10,0,0.0,0,1
CUST-11121,Growth,904.64,22,E-commerce,North America,Paid Search,7,True,23,2,904.64,active,28,0.521,9,2,94,31.5,1.0,70.0,0,0,2,0,0.0,0,1
CUST-11122,Growth,452.78,11,E-commerce,Europe,Partner/Referral,305,False,23,13,418.51,active,27,0.835,11,0,89,35.38461538461539,0.23076923076923078,80.84615384615384,0,1,13,0,-7.568797208357256,0,1
CUST-11123,Starter,146.08,19,Manufacturing,North America,Outbound Sales,191,True,23,5,185.4,active,31,0.695,10,2,60,26.0,0.4,61.6,1,0,5,0,26.916757940854318,1,2
CUST-11124,Growth,650.79,12,Manufacturing,APAC,Outbound Sales,23,False,23,12,650.79,active,42,0.84,8,0,86,34.083333333333336,0.3333333333333333,87.0,0,0,12,0,0.0,0,1
CUST-11125,Enterprise,2926.65,2,FinTech,APAC,Outbound Sales,51,True,23,22,2302.24,active,43,0.893,13,0,51,25.954545454545453,0.8181818181818182,63.68181818181818,1,2,22,0,-21.33531512138453,0,1
CUST-11126,Enterprise,5942.41,8,FinTech,North America,Partner/Referral,3,True,23,16,7827.39,active,4,0.331,4,4,21,16.375,2.875,50.6875,1,0,16,0,31.72080014674182,1,2
CUST-11127,Growth,806.44,11,SaaS/Tech,MEA,Inbound/Organic,9,False,23,13,806.44,active,40,1.0,9,1,86,30.0,0.38461538461538464,79.84615384615384,0,0,13,0,0.0,0,1
CUST-11128,Starter,169.85,5,Healthcare,Europe,Inbound/Organic,70,False,7,3,204.31,churned,28,0.782,11,0,87,28.333333333333332,0.0,74.33333333333333,1,0,3,1,20.28848984397999,1,0
CUST-11129,Starter,119.92,19,Manufacturing,Europe,Partner/Referral,141,False,23,5,119.92,active,15,0.367,3,1,52,24.6,1.6,48.4,0,0,5,0,0.0,0,1
CUST-11130,Starter,96.4,16,FinTech,Europe,Paid Search,36,False,23,8,96.4,active,11,0.58,6,1,46,13.625,1.375,45.125,0,0,8,0,0.0,0,1
CUST-11131,Enterprise,6384.75,12,FinTech,North America,Inbound/Organic,42,True,23,12,6715.26,active,35,0.881,11,1,78,33.916666666666664,0.8333333333333334,80.41666666666667,1,0,12,0,5.176553506401977,1,2
CUST-11132,Starter,125.46,5,Professional Services,Europe,Paid Search,6,True,23,19,125.46,active,15,0.32,3,1,22,16.94736842105263,1.5263157894736843,41.8421052631579,0,0,19,0,0.0,0,1
CUST-11133,Enterprise,7781.72,11,Manufacturing,APAC,Outbound Sales,47,True,23,13,8373.32,active,18,0.605,6,0,67,22.46153846153846,0.23076923076923078,59.30769230769231,1,0,13,0,7.602432367137335,1,2
CUST-11134,Starter,191.53,6,E-commerce,Europe,Outbound Sales,58,False,18,13,191.53,churned,26,0.798,13,0,72,28.76923076923077,0.46153846153846156,84.84615384615384,0,0,13,1,0.0,0,0
CUST-11135,Starter,196.29,11,Education,North America,Product-Led Trial,10,False,13,3,196.29,churned,5,0.156,1,1,0,7.0,1.0,19.333333333333332,0,0,3,1,0.0,0,0
CUST-11136,Enterprise,7878.57,18,Education,North America,Outbound Sales,7,True,23,6,7878.57,active,0,0.323,7,0,-2,10.0,1.5,20.5,0,0,6,0,0.0,0,1
CUST-11137,Starter,89.58,21,Professional Services,Europe,Outbound Sales,3,False,23,3,89.58,churned,22,0.497,6,1,50,19.0,0.6666666666666666,62.0,0,0,3,1,0.0,0,0
CUST-11138,Starter,114.8,9,Education,APAC,Outbound Sales,74,True,23,15,158.68,active,39,0.91,11,0,95,35.86666666666667,0.4666666666666667,79.2,2,0,15,0,38.222996515679455,1,2
CUST-11139,Growth,929.73,10,E-commerce,Europe,Paid Search,6,False,23,14,1585.22,active,44,1.0,12,0,100,36.92857142857143,0.5,90.35714285714286,2,0,14,0,70.50326438858593,1,2
CUST-11140,Starter,117.3,17,FinTech,APAC,Paid Search,12,False,23,7,117.3,active,33,0.915,13,1,71,32.0,0.2857142857142857,75.28571428571429,0,0,7,0,0.0,0,1
CUST-11141,Growth,490.62,15,FinTech,North America,Outbound Sales,33,True,23,9,490.62,active,24,0.534,4,0,45,19.555555555555557,0.5555555555555556,43.111111111111114,0,0,9,0,0.0,0,1
CUST-11142,Growth,873.59,3,Healthcare,Europe,Paid Search,12,False,23,21,798.91,active,33,0.347,3,3,43,13.571428571428571,1.5238095238095237,33.904761904761905,0,1,21,0,-8.54863265376207,0,1
CUST-11143,Starter,86.48,19,E-commerce,Europe,Partner/Referral,61,False,23,5,86.48,active,29,0.732,10,1,41,23.2,0.2,71.8,0,0,5,0,0.0,0,1
CUST-11144,Starter,50.6,7,Professional Services,APAC,Partner/Referral,5,True,10,4,50.6,churned,27,0.646,7,0,60,24.25,0.25,66.5,0,0,4,1,0.0,0,0
CUST-11145,Growth,279.08,17,Media,APAC,Paid Search,53,False,23,7,279.08,active,46,0.64,8,0,74,22.0,0.0,45.857142857142854,0,0,7,0,0.0,0,1
CUST-11146,Starter,117.54,17,E-commerce,APAC,Partner/Referral,57,False,23,7,117.54,active,40,0.793,9,0,59,37.714285714285715,0.42857142857142855,82.28571428571429,0,0,7,0,0.0,0,1
CUST-11147,Growth,768.08,21,SaaS/Tech,North America,Inbound/Organic,48,False,23,3,768.08,active,32,0.594,6,1,71,27.666666666666668,0.6666666666666666,56.666666666666664,0,0,3,0,0.0,0,1
CUST-11148,Growth,840.3,0,Healthcare,North America,Partner/Referral,5,False,23,24,1128.13,active,42,0.894,10,0,55,35.166666666666664,0.4583333333333333,78.45833333333333,1,0,24,0,34.253242889444266,1,2
CUST-11149,Starter,114.02,14,Healthcare,LATAM,Inbound/Organic,86,True,20,7,114.02,churned,9,0.492,5,1,27,20.428571428571427,3.142857142857143,34.714285714285715,0,0,7,1,0.0,0,0
CUST-11150,Starter,172.04,19,E-commerce,North America,Outbound Sales,138,False,20,2,172.04,churned,41,0.916,11,0,71,42.5,0.0,75.5,0,0,2,1,0.0,0,0
CUST-11151,Enterprise,2749.71,1,FinTech,Europe,Paid Search,13,True,23,23,2811.12,active,22,0.557,10,2,78,28.782608695652176,1.391304347826087,71.3913043478261,1,1,23,0,2.233326423513747,0,1
CUST-11152,Growth,450.71,16,FinTech,North America,Partner/Referral,21,False,16,1,450.71,churned,19,0.711,6,1,89,19.0,1.0,89.0,0,0,1,1,0.0,0,0
CUST-11153,Starter,176.56,15,FinTech,North America,Product-Led Trial,70,False,15,1,176.56,churned,14,0.668,9,0,35,14.0,0.0,35.0,0,0,1,1,0.0,0,0
CUST-11154,Growth,979.89,10,Media,LATAM,Partner/Referral,127,True,15,6,979.89,churned,20,0.64,4,3,57,26.0,4.5,65.66666666666667,0,0,6,1,0.0,0,0
CUST-11155,Starter,170.1,11,Manufacturing,North America,Outbound Sales,13,False,14,4,170.1,churned,37,0.717,9,7,59,33.25,4.75,68.25,0,0,4,1,0.0,0,0
CUST-11156,Growth,358.64,3,E-commerce,Europe,Paid Search,2,False,23,21,470.86,active,29,0.709,8,0,45,25.19047619047619,0.047619047619047616,65.28571428571429,1,0,21,0,31.290430515279954,1,2
CUST-11157,Growth,526.18,18,E-commerce,APAC,Partner/Referral,24,False,23,6,553.32,active,12,0.799,7,0,71,29.166666666666668,0.0,77.0,1,0,6,0,5.1579307461325214,1,2
CUST-11158,Growth,834.32,22,Education,Europe,Inbound/Organic,23,True,23,2,834.32,active,19,0.78,9,1,65,26.0,2.5,67.5,0,0,2,0,0.0,0,1
CUST-11159,Starter,174.83,3,Healthcare,Europe,Partner/Referral,21,False,22,20,99.9,churned,28,0.767,5,1,74,25.65,0.45,58.15,0,2,20,1,-42.8587770977521,0,0
CUST-11160,Enterprise,3615.24,21,Education,North America,Product-Led Trial,25,True,23,3,3615.24,active,28,0.858,12,2,76,32.333333333333336,0.6666666666666666,70.0,0,0,3,0,0.0,0,1
CUST-11161,Starter,67.04,9,Education,Europe,Inbound/Organic,44,False,23,15,74.57,active,19,0.337,6,1,65,23.533333333333335,1.6666666666666667,59.93333333333333,1,0,15,0,11.232100238663465,1,2
CUST-11162,Starter,94.81,14,SaaS/Tech,North America,Paid Search,46,False,23,10,124.75,active,39,1.0,9,2,59,37.7,0.7,74.6,1,0,10,0,31.57894736842105,1,2
CUST-11163,Starter,166.49,20,Healthcare,North America,Inbound/Organic,9,False,23,4,166.49,active,37,0.623,7,1,78,22.0,0.5,63.25,0,0,4,0,0.0,0,1
CUST-11164,Starter,103.48,22,Professional Services,APAC,Outbound Sales,7,False,23,2,103.48,active,12,0.611,8,0,41,14.5,0.0,45.5,0,0,2,0,0.0,0,1
CUST-11165,Growth,926.87,0,Media,North America,Outbound Sales,45,True,21,22,1406.05,churned,35,0.769,7,4,63,29.318181818181817,1.3636363636363635,68.27272727272727,3,0,22,1,51.69872797695469,1,0
CUST-11166,Starter,50.02,10,Healthcare,North America,Paid Search,10,False,13,4,44.9,churned,33,0.977,12,0,80,28.75,0.5,88.0,0,1,4,1,-10.23590563774491,0,0
CUST-11167,Enterprise,4641.12,9,Professional Services,LATAM,Inbound/Organic,14,True,23,15,6755.36,active,36,1.0,10,0,81,35.333333333333336,0.8666666666666667,76.93333333333334,2,0,15,0,45.554521322439406,1,2
CUST-11168,Growth,296.08,16,Manufacturing,North America,Product-Led Trial,48,True,23,8,386.03,active,19,0.521,6,0,50,18.25,0.5,58.625,1,0,8,0,30.380302620913263,1,2
CUST-11169,Starter,110.11,17,Education,North America,Product-Led Trial,3,False,23,7,110.11,active,24,0.511,6,1,40,20.571428571428573,1.5714285714285714,45.857142857142854,0,0,7,0,0.0,0,1
CUST-11170,Starter,191.03,1,Professional Services,North America,Partner/Referral,33,False,1,1,191.03,churned,27,0.646,6,0,49,27.0,0.0,49.0,0,0,1,1,0.0,0,0
CUST-11171,Starter,152.3,14,FinTech,APAC,Product-Led Trial,42,False,18,5,152.3,churned,37,0.597,6,2,63,25.0,2.6,61.2,0,0,5,1,0.0,0,0
CUST-11172,Starter,63.64,2,Professional Services,North America,Outbound Sales,36,False,23,22,63.64,active,10,0.217,1,4,9,17.59090909090909,2.409090909090909,43.31818181818182,0,0,22,0,0.0,0,1
CUST-11173,Starter,49.68,20,Professional Services,APAC,Product-Led Trial,26,True,23,4,49.68,active,24,0.895,5,2,85,34.5,1.75,71.75,0,0,4,0,0.0,0,1
CUST-11174,Starter,86.99,4,Manufacturing,Europe,Paid Search,96,False,9,6,86.99,churned,10,0.414,5,1,37,11.5,1.1666666666666667,47.166666666666664,0,0,6,1,0.0,0,0
CUST-11175,Growth,487.57,4,Education,North America,Outbound Sales,63,False,13,10,516.83,churned,18,0.44,7,4,62,16.3,2.6,46.2,1,0,10,1,6.001189572779303,1,0
CUST-11176,Enterprise,7849.54,17,E-commerce,Europe,Inbound/Organic,19,True,23,7,7849.54,active,11,0.454,6,1,63,26.571428571428573,1.1428571428571428,55.57142857142857,0,0,7,0,0.0,0,1
CUST-11177,Starter,80.53,11,Media,North America,Outbound Sales,19,True,23,13,80.53,active,8,0.218,3,4,44,17.615384615384617,4.0,43.07692307692308,0,0,13,0,0.0,0,1
CUST-11178,Growth,491.71,15,SaaS/Tech,APAC,Paid Search,46,False,23,9,491.71,active,12,0.435,5,3,66,19.88888888888889,3.111111111111111,46.22222222222222,0,0,9,0,0.0,0,1
CUST-11179,Growth,537.53,8,Education,North America,Product-Led Trial,401,False,9,2,537.53,churned,12,0.483,6,0,74,17.0,0.0,72.5,0,0,2,1,0.0,0,0
CUST-11180,Starter,157.44,5,E-commerce,APAC,Product-Led Trial,16,True,23,19,147.82,active,23,0.758,4,2,47,23.789473684210527,1.263157894736842,64.42105263157895,0,1,19,0,-6.110264227642279,0,1
CUST-11181,Growth,974.58,17,FinTech,North America,Product-Led Trial,23,False,23,7,974.58,active,39,0.657,8,0,57,28.285714285714285,0.7142857142857143,61.857142857142854,0,0,7,0,0.0,0,1
CUST-11182,Enterprise,6811.35,7,Manufacturing,North America,Inbound/Organic,24,True,23,17,7192.0,active,45,1.0,13,0,78,36.529411764705884,0.5294117647058824,78.17647058823529,1,1,17,0,5.58846630990919,0,1
CUST-11183,Growth,391.97,4,FinTech,Europe,Outbound Sales,15,False,11,8,363.15,churned,18,0.583,8,3,36,16.125,2.75,46.875,0,1,8,1,-7.352603515575183,0,0
CUST-11184,Starter,125.28,9,Healthcare,North America,Product-Led Trial,20,True,11,3,125.28,churned,19,0.631,8,2,29,16.666666666666668,1.0,45.666666666666664,0,0,3,1,0.0,0,0
CUST-11185,Starter,57.88,19,Professional Services,North America,Inbound/Organic,50,False,23,5,49.04,active,12,0.763,4,2,55,20.0,2.8,66.8,0,1,5,0,-15.272978576364899,0,1
CUST-11186,Starter,172.8,15,Media,LATAM,Partner/Referral,18,True,23,9,172.8,churned,30,0.877,7,0,43,27.77777777777778,0.4444444444444444,58.22222222222222,0,0,9,1,0.0,0,0
CUST-11187,Growth,518.32,3,Media,North America,Inbound/Organic,6,False,23,21,621.16,active,15,0.474,7,3,49,29.952380952380953,0.9523809523809523,62.42857142857143,1,0,21,0,19.841024849513797,1,2
CUST-11188,Growth,856.44,11,Education,North America,Paid Search,259,False,23,13,856.44,active,29,0.612,3,0,54,26.0,1.0,63.69230769230769,0,0,13,0,0.0,0,1
CUST-11189,Starter,176.87,16,FinTech,APAC,Outbound Sales,14,False,23,8,162.5,active,33,0.715,5,1,64,32.625,1.75,74.375,1,1,8,0,-8.12461129643241,0,1
CUST-11190,Growth,241.3,15,FinTech,North America,Product-Led Trial,141,False,23,9,221.7,active,27,0.569,4,1,64,16.22222222222222,0.6666666666666666,47.44444444444444,0,1,9,0,-8.122668876916709,0,1
CUST-11191,Growth,694.06,21,Healthcare,North America,Partner/Referral,27,False,23,3,694.06,active,25,0.613,6,1,53,23.333333333333332,1.6666666666666667,69.0,0,0,3,0,0.0,0,1
CUST-11192,Growth,629.97,17,Manufacturing,North America,Outbound Sales,38,False,23,7,553.07,active,26,0.892,11,0,60,27.142857142857142,0.42857142857142855,64.42857142857143,0,1,7,0,-12.206930488753429,0,1
CUST-11193,Growth,336.37,18,Professional Services,APAC,Partner/Referral,4,False,23,6,336.37,active,32,0.704,11,1,57,27.333333333333332,1.0,61.666666666666664,0,0,6,0,0.0,0,1
CUST-11194,Growth,432.9,11,Healthcare,MEA,Product-Led Trial,67,False,18,8,432.9,churned,15,0.557,10,3,39,17.625,1.375,49.25,0,0,8,1,0.0,0,0
CUST-11195,Growth,559.48,15,Professional Services,North America,Paid Search,52,False,23,9,559.48,active,20,0.725,9,0,90,27.11111111111111,0.7777777777777778,62.55555555555556,0,0,9,0,0.0,0,1
CUST-11196,Enterprise,3494.57,19,Manufacturing,North America,Product-Led Trial,2,True,23,5,3494.57,active,31,0.846,7,2,95,31.8,1.2,82.6,0,0,5,0,0.0,0,1
CUST-11197,Enterprise,6406.88,19,Professional Services,APAC,Outbound Sales,34,True,23,5,6406.88,active,24,0.596,6,2,67,27.2,0.6,60.6,0,0,5,0,0.0,0,1
CUST-11198,Growth,319.74,4,FinTech,North America,Paid Search,11,False,7,4,319.74,churned,47,0.788,10,0,56,39.0,0.5,56.25,0,0,4,1,0.0,0,0
CUST-11199,Starter,68.55,21,Healthcare,North America,Inbound/Organic,16,False,22,2,68.55,churned,40,0.827,9,0,66,36.0,0.0,66.0,0,0,2,1,0.0,0,0
CUST-11200,Enterprise,2727.23,2,FinTech,North America,Outbound Sales,13,True,23,22,2257.13,active,11,0.239,3,2,39,14.181818181818182,1.7272727272727273,37.36363636363637,3,3,22,0,-17.23727005056412,0,1
CUST-11201,Growth,242.38,9,Education,Europe,Inbound/Organic,30,False,23,15,264.06,active,12,0.615,11,0,89,33.733333333333334,0.6666666666666666,76.6,2,2,15,0,8.944632395412166,0,1
CUST-11202,Enterprise,1822.33,15,E-commerce,Europe,Inbound/Organic,13,True,23,9,1599.54,active,12,0.416,3,1,18,18.77777777777778,0.4444444444444444,40.77777777777778,1,1,9,0,-12.22555739081286,0,1
CUST-11203,Enterprise,1991.28,2,Media,MEA,Product-Led Trial,180,True,23,22,2965.77,active,21,0.819,9,1,93,34.04545454545455,0.6363636363636364,79.5909090909091,3,0,22,0,48.93786910931662,1,2
CUST-11204,Enterprise,7310.4,16,Manufacturing,APAC,Outbound Sales,66,True,23,8,7310.4,active,18,0.535,5,3,21,16.0,2.0,39.625,0,0,8,0,0.0,0,1
CUST-11205,Enterprise,1669.02,11,E-commerce,North America,Partner/Referral,4,True,20,10,1538.95,churned,17,0.462,4,2,27,21.2,1.1,48.7,0,1,10,1,-7.793196007237777,0,0
CUST-11206,Starter,179.99,21,SaaS/Tech,APAC,Product-Led Trial,68,True,23,3,179.99,active,33,0.794,11,1,76,36.0,0.6666666666666666,79.0,0,0,3,0,0.0,0,1
CUST-11207,Growth,385.03,11,FinTech,APAC,Inbound/Organic,57,False,13,3,435.29,churned,17,0.488,4,3,42,10.0,2.0,35.666666666666664,1,0,3,1,13.053528296496388,1,0
CUST-11208,Enterprise,2300.82,19,E-commerce,MEA,Product-Led Trial,29,True,23,5,2300.82,active,35,0.629,9,2,76,27.2,2.4,64.4,0,0,5,0,0.0,0,1
CUST-11209,Growth,940.66,21,Education,APAC,Product-Led Trial,79,True,23,3,940.66,active,35,1.0,8,1,76,29.666666666666668,0.3333333333333333,77.33333333333333,0,0,3,0,0.0,0,1
CUST-11210,Starter,194.23,16,Education,LATAM,Outbound Sales,73,False,17,2,194.23,churned,26,0.797,8,2,44,24.0,1.0,61.5,0,0,2,1,0.0,0,0
CUST-11211,Starter,192.39,17,Healthcare,Europe,Product-Led Trial,84,False,18,2,192.39,churned,11,0.834,10,1,54,14.5,0.5,71.0,0,0,2,1,0.0,0,0
CUST-11212,Growth,834.28,4,Manufacturing,North America,Paid Search,23,False,16,13,1078.07,churned,24,0.898,10,2,100,35.61538461538461,0.9230769230769231,81.38461538461539,1,0,13,1,29.221604257563406,1,0
CUST-11213,Growth,707.49,6,Professional Services,North America,Inbound/Organic,15,False,15,10,1064.11,churned,9,0.387,5,5,35,16.2,2.1,52.7,2,0,10,1,50.406366167719675,1,0
CUST-11214,Growth,321.59,13,FinTech,MEA,Paid Search,31,False,16,4,321.59,churned,20,0.893,11,1,66,26.75,0.75,63.25,0,0,4,1,0.0,0,0
CUST-11215,Enterprise,5614.09,6,FinTech,Europe,Partner/Referral,72,True,7,2,5614.09,churned,17,0.58,5,0,48,25.5,0.5,52.0,0,0,2,1,0.0,0,0
CUST-11216,Enterprise,6919.96,11,Media,LATAM,Product-Led Trial,13,True,23,13,12554.47,active,41,0.718,9,0,88,27.615384615384617,1.0769230769230769,68.3076923076923,2,0,13,0,81.42402557240214,1,2
CUST-11217,Starter,197.92,15,Professional Services,North America,Partner/Referral,19,False,23,9,197.92,active,30,0.931,10,0,80,35.333333333333336,0.8888888888888888,78.11111111111111,0,0,9,0,0.0,0,1
CUST-11218,Enterprise,2193.71,8,Education,APAC,Partner/Referral,619,True,23,16,2193.71,active,31,0.704,12,0,61,25.1875,0.6875,59.75,0,0,16,0,0.0,0,1
CUST-11219,Enterprise,7299.37,10,Professional Services,North America,Inbound/Organic,7,True,23,14,9506.98,active,27,0.763,3,7,49,26.214285714285715,3.4285714285714284,61.07142857142857,1,0,14,0,30.243842961789845,1,2
CUST-11220,Starter,92.03,1,Manufacturing,LATAM,Product-Led Trial,9,False,10,10,92.03,churned,19,0.305,5,4,59,16.7,1.8,51.2,0,0,10,1,0.0,0,0
CUST-11221,Starter,81.37,17,Healthcare,North America,Partner/Referral,6,False,23,7,81.37,active,28,0.576,6,0,45,24.285714285714285,0.42857142857142855,59.0,0,0,7,0,0.0,0,1
CUST-11222,Growth,575.79,22,E-commerce,APAC,Product-Led Trial,3,True,23,2,575.79,active,29,0.649,8,2,78,23.0,3.0,68.0,0,0,2,0,0.0,0,1
CUST-11223,Growth,680.51,12,Healthcare,North America,Outbound Sales,37,False,12,1,680.51,churned,6,0.538,4,2,26,6.0,2.0,26.0,0,0,1,1,0.0,0,0
CUST-11224,Starter,127.08,2,Professional Services,Europe,Paid Search,23,False,15,14,127.08,churned,36,0.684,10,1,75,35.785714285714285,1.7142857142857142,81.64285714285714,0,0,14,1,0.0,0,0
CUST-11225,Starter,152.12,8,Media,Europe,Partner/Referral,25,False,19,12,177.17,churned,19,0.482,6,5,52,31.833333333333332,2.75,64.08333333333333,1,0,12,1,16.46726268735208,1,0
CUST-11226,Starter,112.53,1,E-commerce,LATAM,Partner/Referral,26,False,1,1,112.53,churned,25,0.465,6,2,29,25.0,2.0,29.0,0,0,1,1,0.0,0,0
CUST-11227,Starter,175.68,2,Healthcare,Europe,Partner/Referral,145,False,23,22,175.68,active,15,0.814,11,2,59,26.40909090909091,2.3636363636363638,69.13636363636364,0,0,22,0,0.0,0,1
CUST-11228,Starter,178.35,6,Media,APAC,Paid Search,4,False,9,4,178.35,churned,30,0.741,7,0,51,27.25,0.25,71.75,0,0,4,1,0.0,0,0
CUST-11229,Enterprise,4199.17,14,Healthcare,Europe,Outbound Sales,11,True,23,10,4224.42,active,33,0.721,11,0,64,24.6,0.7,59.7,1,1,10,0,0.601309306362924,0,1
CUST-11230,Starter,111.72,3,Education,Europe,Inbound/Organic,2,True,23,21,95.38,active,4,0.25,6,4,54,10.428571428571429,6.714285714285714,30.38095238095238,0,1,21,0,-14.625850340136056,0,1
CUST-11231,Growth,370.78,10,FinTech,Europe,Partner/Referral,3,False,23,14,392.07,active,15,0.267,9,4,58,12.5,2.7857142857142856,29.142857142857142,1,0,14,0,5.741949403959227,1,2
CUST-11232,Starter,115.11,3,Media,LATAM,Paid Search,2,True,23,21,157.41,active,10,0.623,9,0,68,23.047619047619047,1.1428571428571428,55.0,2,1,21,0,36.74745895230649,1,2
CUST-11233,Growth,642.78,9,Healthcare,APAC,Paid Search,4,False,23,15,569.65,active,10,0.352,7,3,28,17.266666666666666,1.9333333333333333,42.733333333333334,0,1,15,0,-11.377143034941971,0,1
CUST-11234,Enterprise,1951.53,3,Professional Services,North America,Paid Search,7,True,23,21,1951.53,active,31,0.558,6,0,66,24.61904761904762,0.3333333333333333,57.476190476190474,0,0,21,0,0.0,0,1
CUST-11235,Starter,184.66,12,Education,MEA,Inbound/Organic,33,False,18,7,184.66,churned,38,0.671,6,1,61,21.571428571428573,0.7142857142857143,55.857142857142854,0,0,7,1,0.0,0,0
CUST-11236,Growth,452.21,21,Professional Services,North America,Paid Search,15,False,23,3,452.21,active,15,0.693,1,0,53,21.333333333333332,0.6666666666666666,53.0,0,0,3,0,0.0,0,1
CUST-11237,Starter,92.97,21,SaaS/Tech,North America,Partner/Referral,25,False,23,3,92.97,active,41,0.765,9,1,78,34.666666666666664,1.6666666666666667,64.0,0,0,3,0,0.0,0,1
CUST-11238,Starter,117.92,8,E-commerce,Europe,Inbound/Organic,99,False,23,16,117.92,churned,18,0.68,7,3,61,28.25,2.375,70.25,0,0,16,1,0.0,0,0
CUST-11239,Enterprise,5718.41,10,Media,Europe,Partner/Referral,56,True,23,14,5118.78,active,24,0.565,5,0,29,23.785714285714285,1.1428571428571428,55.857142857142854,0,1,14,0,-10.48595676070796,0,1
CUST-11240,Starter,148.62,20,Healthcare,LATAM,Inbound/Organic,87,False,23,4,148.62,active,25,0.637,10,1,58,32.75,1.0,71.0,0,0,4,0,0.0,0,1
CUST-11241,Enterprise,6825.34,18,SaaS/Tech,Europe,Paid Search,78,True,23,6,6825.34,active,20,0.467,4,4,45,21.666666666666668,1.6666666666666667,56.333333333333336,0,0,6,0,0.0,0,1
CUST-11242,Starter,75.41,7,E-commerce,North America,Partner/Referral,30,False,17,11,84.03,churned,23,0.882,11,1,84,34.09090909090909,0.2727272727272727,75.81818181818181,1,0,11,1,11.430844715554974,1,0
CUST-11243,Starter,62.47,20,Professional Services,Europe,Paid Search,23,False,22,3,62.47,churned,34,0.586,5,1,48,21.333333333333332,0.3333333333333333,42.333333333333336,0,0,3,1,0.0,0,0
CUST-11244,Starter,141.62,3,Healthcare,Europe,Inbound/Organic,31,False,23,21,141.62,active,18,0.516,7,4,55,23.047619047619047,2.857142857142857,62.0,0,0,21,0,0.0,0,1
CUST-11245,Starter,75.04,21,E-commerce,North America,Inbound/Organic,9,False,23,3,75.04,active,19,0.994,7,1,66,25.333333333333332,2.3333333333333335,76.66666666666667,0,0,3,0,0.0,0,1
CUST-11246,Growth,290.74,19,E-commerce,Europe,Product-Led Trial,16,False,23,5,290.74,active,0,0.314,5,5,19,6.2,5.4,29.6,0,0,5,0,0.0,0,1
CUST-11247,Starter,87.21,6,Healthcare,Europe,Partner/Referral,33,False,23,18,87.21,active,33,0.951,13,1,94,31.555555555555557,0.8333333333333334,83.05555555555556,0,0,18,0,0.0,0,1
CUST-11248,Growth,470.99,4,SaaS/Tech,North America,Partner/Referral,81,False,23,20,437.05,active,16,0.462,7,1,44,19.9,0.7,43.7,0,1,20,0,-7.206097794008365,0,1
CUST-11249,Starter,114.38,14,Media,North America,Paid Search,13,False,14,1,114.38,churned,19,0.569,7,1,59,19.0,1.0,59.0,0,0,1,1,0.0,0,0
CUST-11250,Starter,149.23,4,Media,North America,Paid Search,14,False,14,11,136.34,churned,0,0.573,3,0,30,16.454545454545453,0.09090909090909091,35.63636363636363,0,1,11,1,-8.637673390069013,0,0
CUST-11251,Starter,125.02,0,E-commerce,Europe,Outbound Sales,161,False,5,6,125.02,churned,18,0.409,4,1,43,17.166666666666668,1.3333333333333333,48.333333333333336,0,0,6,1,0.0,0,0
CUST-11252,Starter,71.04,21,Manufacturing,APAC,Partner/Referral,120,True,23,3,71.04,active,30,0.6,6,0,28,22.0,0.0,46.666666666666664,0,0,3,0,0.0,0,1
CUST-11253,Starter,79.46,15,Professional Services,APAC,Partner/Referral,14,False,23,9,79.46,active,7,0.133,4,3,74,15.88888888888889,1.2222222222222223,53.55555555555556,0,0,9,0,0.0,0,1
CUST-11254,Growth,668.36,3,Professional Services,Europe,Outbound Sales,49,False,23,21,821.54,active,20,0.422,1,3,66,23.523809523809526,1.0,60.476190476190474,1,0,21,0,22.918786282841573,1,2
CUST-11255,Enterprise,5920.63,5,E-commerce,Europe,Product-Led Trial,5,True,22,18,5920.63,churned,14,0.43,2,2,42,12.166666666666666,1.9444444444444444,35.388888888888886,0,0,18,1,0.0,0,0
CUST-11256,Growth,872.7,20,Media,North America,Outbound Sales,6,False,23,4,872.7,active,37,0.68,8,1,89,27.5,0.25,69.75,0,0,4,0,0.0,0,1
CUST-11257,Growth,825.89,8,FinTech,North America,Partner/Referral,80,False,23,16,1038.18,active,16,0.463,3,3,67,19.875,4.0,46.75,2,0,16,0,25.704391626003474,1,2
CUST-11258,Enterprise,1133.3,17,Education,LATAM,Paid Search,25,True,23,7,1522.53,active,27,0.833,8,2,70,30.142857142857142,2.7142857142857144,65.57142857142857,1,0,7,0,34.34483367157858,1,2
CUST-11259,Growth,315.19,11,Manufacturing,North America,Product-Led Trial,11,True,23,13,331.76,active,28,0.715,9,1,76,30.923076923076923,0.9230769230769231,69.0,1,0,13,0,5.257146483073699,1,2
CUST-11260,Growth,697.0,6,Healthcare,APAC,Partner/Referral,136,False,21,16,697.0,churned,37,0.662,5,0,48,34.625,0.125,76.625,0,0,16,1,0.0,0,0
CUST-11261,Starter,186.56,12,FinTech,Europe,Product-Led Trial,2,False,15,4,172.13,churned,26,0.72,5,0,73,22.0,0.25,65.0,0,1,4,1,-7.7347770154373965,0,0
CUST-11262,Growth,322.91,14,E-commerce,LATAM,Product-Led Trial,2,True,23,10,429.21,active,36,0.986,12,0,88,41.9,0.6,82.2,1,0,10,0,32.91938930352109,1,2
CUST-11263,Starter,113.33,3,Media,North America,Paid Search,51,False,4,2,113.33,churned,32,0.56,6,0,40,29.5,0.0,63.5,0,0,2,1,0.0,0,0
CUST-11264,Enterprise,3087.36,19,SaaS/Tech,Europe,Inbound/Organic,53,True,23,5,3087.36,active,28,1.0,8,1,100,35.8,1.4,89.0,0,0,5,0,0.0,0,1
CUST-11265,Growth,803.59,18,Media,Europe,Product-Led Trial,18,False,23,6,803.59,active,9,0.726,8,1,67,21.5,2.3333333333333335,61.5,0,0,6,0,0.0,0,1
CUST-11266,Growth,988.14,1,Professional Services,APAC,Paid Search,126,True,23,23,1016.72,active,0,0.468,5,1,59,17.91304347826087,0.5652173913043478,54.30434782608695,3,2,23,0,2.8923027101422916,1,2
CUST-11267,Enterprise,6874.35,15,SaaS/Tech,North America,Inbound/Organic,50,True,23,9,6874.35,active,31,0.636,6,0,42,23.666666666666668,0.5555555555555556,57.111111111111114,0,0,9,0,0.0,0,1
CUST-11268,Starter,137.87,22,Manufacturing,MEA,Partner/Referral,145,True,23,2,137.87,active,29,0.444,9,1,52,20.0,1.5,64.0,0,0,2,0,0.0,0,1
CUST-11269,Starter,71.13,19,Media,North America,Inbound/Organic,13,False,22,4,71.13,churned,34,0.844,11,0,63,28.5,0.75,69.25,0,0,4,1,0.0,0,0
CUST-11270,Growth,511.66,2,Manufacturing,LATAM,Product-Led Trial,36,False,23,22,511.66,active,24,0.312,5,0,29,19.318181818181817,0.4090909090909091,52.77272727272727,0,0,22,0,0.0,0,1
CUST-11271,Starter,135.54,15,Manufacturing,APAC,Paid Search,40,False,18,4,135.54,churned,8,0.077,2,5,13,13.25,3.25,22.0,0,0,4,1,0.0,0,0
CUST-11272,Starter,97.4,9,Manufacturing,APAC,Paid Search,86,False,23,15,97.4,active,40,0.795,9,0,44,41.13333333333333,0.26666666666666666,85.86666666666666,0,0,15,0,0.0,0,1
CUST-11273,Growth,723.0,20,SaaS/Tech,APAC,Inbound/Organic,12,False,21,2,723.0,churned,36,0.62,6,1,58,22.0,1.5,62.5,0,0,2,1,0.0,0,0
CUST-11274,Growth,656.5,10,Professional Services,North America,Product-Led Trial,4,False,15,6,651.37,churned,12,0.547,7,7,43,26.0,4.5,57.666666666666664,1,1,6,1,-0.7814166031987807,0,0
CUST-11275,Starter,153.08,21,Education,Europe,Partner/Referral,136,False,23,3,153.08,active,6,0.543,3,1,57,13.333333333333334,2.0,56.666666666666664,0,0,3,0,0.0,0,1
CUST-11276,Growth,818.14,9,Healthcare,Europe,Partner/Referral,8,False,23,15,818.14,active,45,0.796,7,0,85,31.4,0.2,77.53333333333333,0,0,15,0,0.0,0,1
CUST-11277,Enterprise,5113.86,0,Education,North America,Product-Led Trial,125,True,23,24,8143.15,active,8,0.354,6,0,75,19.5,0.5833333333333334,46.5,3,0,24,0,59.23685826362083,1,2
CUST-11278,Growth,699.33,11,Education,North America,Inbound/Organic,74,True,23,13,699.33,active,23,0.914,9,1,77,28.0,1.0769230769230769,70.84615384615384,0,0,13,0,0.0,0,1
CUST-11279,Starter,86.62,16,SaaS/Tech,APAC,Inbound/Organic,2,False,23,8,86.62,active,32,0.632,6,0,64,28.125,0.125,63.75,0,0,8,0,0.0,0,1
CUST-11280,Starter,73.24,4,Professional Services,APAC,Inbound/Organic,19,True,23,20,73.24,active,29,0.629,11,0,84,25.1,0.35,62.95,0,0,20,0,0.0,0,1
CUST-11281,Enterprise,1272.12,22,E-commerce,North America,Outbound Sales,21,True,23,2,1272.12,churned,12,0.409,2,2,31,7.5,4.0,41.0,0,0,2,1,0.0,0,0
CUST-11282,Starter,129.03,18,E-commerce,LATAM,Paid Search,8,False,23,6,129.03,active,20,1.0,11,3,100,35.333333333333336,2.0,80.16666666666667,0,0,6,0,0.0,0,1
CUST-11283,Starter,101.23,21,Healthcare,APAC,Partner/Referral,29,False,21,1,101.23,churned,29,0.707,10,3,73,29.0,3.0,73.0,0,0,1,1,0.0,0,0
CUST-11284,Starter,135.57,21,Education,Europe,Inbound/Organic,15,False,23,3,135.57,active,35,0.816,11,1,49,30.0,0.6666666666666666,59.333333333333336,0,0,3,0,0.0,0,1
CUST-11285,Starter,117.42,2,Manufacturing,North America,Partner/Referral,9,False,5,4,104.19,churned,11,0.224,1,6,54,10.75,6.0,35.75,0,1,4,1,-11.267245784363826,0,0
CUST-11286,Growth,854.47,22,Healthcare,North America,Inbound/Organic,43,False,23,2,854.47,active,27,0.727,5,0,59,29.0,0.0,58.0,0,0,2,0,0.0,0,1
CUST-11287,Starter,136.16,14,Education,APAC,Partner/Referral,20,False,23,10,149.31,churned,17,0.279,6,0,44,17.5,1.1,46.3,1,0,10,1,9.65775558166863,1,0
CUST-11288,Starter,172.7,21,Education,LATAM,Outbound Sales,14,False,22,2,172.7,churned,10,0.492,6,3,57,15.0,2.0,46.0,0,0,2,1,0.0,0,0
CUST-11289,Starter,160.12,15,FinTech,APAC,Inbound/Organic,132,False,18,4,160.12,churned,21,0.476,7,0,67,27.0,0.0,61.75,0,0,4,1,0.0,0,0
CUST-11290,Starter,119.48,17,Healthcare,APAC,Paid Search,56,False,23,7,119.48,active,30,0.613,13,1,84,23.428571428571427,2.142857142857143,55.285714285714285,0,0,7,0,0.0,0,1
CUST-11291,Enterprise,1289.62,17,Education,Europe,Product-Led Trial,115,True,23,7,1289.62,active,22,0.692,6,1,66,26.857142857142858,0.42857142857142855,56.0,0,0,7,0,0.0,0,1
CUST-11292,Enterprise,3022.56,22,Manufacturing,North America,Partner/Referral,13,True,23,2,3022.56,active,34,0.38,3,0,70,25.5,2.0,52.0,0,0,2,0,0.0,0,1
CUST-11293,Enterprise,6597.75,5,Education,Europe,Partner/Referral,7,True,23,19,10156.24,active,37,0.864,7,0,100,26.05263157894737,0.10526315789473684,62.78947368421053,3,1,19,0,53.93490204994127,1,2
CUST-11294,Enterprise,4694.41,6,Professional Services,Europe,Inbound/Organic,75,True,23,18,7040.59,active,42,0.664,9,1,49,22.61111111111111,2.611111111111111,57.166666666666664,3,0,18,0,49.97816552026773,1,2
CUST-11295,Starter,145.58,22,FinTech,North America,Product-Led Trial,226,False,23,2,145.58,active,25,0.262,9,3,39,24.0,3.0,40.0,0,0,2,0,0.0,0,1
CUST-11296,Growth,915.16,0,Manufacturing,MEA,Paid Search,161,False,0,1,915.16,churned,19,0.815,6,0,63,19.0,0.0,63.0,0,0,1,1,0.0,0,0
CUST-11297,Starter,129.27,22,Manufacturing,North America,Partner/Referral,57,False,23,2,129.27,churned,34,0.415,8,1,63,27.5,1.0,64.5,0,0,2,1,0.0,0,0
CUST-11298,Growth,458.0,17,Media,Europe,Paid Search,15,False,19,3,458.0,churned,31,0.542,6,1,82,17.666666666666668,3.6666666666666665,62.0,0,0,3,1,0.0,0,0
CUST-11299,Growth,535.48,8,Education,Europe,Paid Search,26,False,8,1,535.48,churned,26,0.543,9,2,39,26.0,2.0,39.0,0,0,1,1,0.0,0,0
CUST-11300,Starter,144.15,19,SaaS/Tech,Europe,Partner/Referral,148,False,21,3,144.15,churned,30,0.463,7,2,66,24.666666666666668,1.0,50.333333333333336,0,0,3,1,0.0,0,0
CUST-11301,Enterprise,5465.51,18,Manufacturing,North America,Partner/Referral,80,True,23,6,6570.59,active,31,1.0,12,0,100,41.0,0.0,83.83333333333333,1,0,6,0,20.219156126326727,1,2
CUST-11302,Growth,421.32,10,Media,North America,Product-Led Trial,15,True,23,14,338.11,active,31,0.842,7,3,87,28.428571428571427,1.0,69.21428571428571,0,1,14,0,-19.749833855501752,0,1
CUST-11303,Growth,696.84,19,Healthcare,Europe,Outbound Sales,4,False,23,5,584.6,active,35,0.783,7,3,61,33.0,1.8,77.6,0,1,5,0,-16.106997302106656,0,1
CUST-11304,Starter,56.17,8,Professional Services,North America,Paid Search,90,False,23,16,56.17,active,25,0.592,4,0,69,24.5,0.3125,51.5625,0,0,16,0,0.0,0,1
CUST-11305,Growth,200.04,12,SaaS/Tech,APAC,Partner/Referral,76,True,17,6,200.04,churned,43,0.933,11,0,75,36.166666666666664,0.8333333333333334,75.33333333333333,0,0,6,1,0.0,0,0
CUST-11306,Enterprise,6668.52,5,Healthcare,APAC,Partner/Referral,25,True,23,19,10957.43,active,39,0.917,12,0,99,34.68421052631579,0.10526315789473684,74.94736842105263,3,0,19,0,64.31577021587998,1,2
CUST-11307,Starter,180.53,3,Manufacturing,LATAM,Outbound Sales,6,False,4,2,180.53,churned,26,0.486,4,1,36,27.5,1.5,59.0,0,0,2,1,0.0,0,0
CUST-11308,Starter,154.12,21,Healthcare,North America,Product-Led Trial,114,True,23,3,154.12,churned,42,1.0,11,0,81,43.333333333333336,0.0,93.33333333333333,0,0,3,1,0.0,0,0
CUST-11309,Growth,676.62,5,Media,Europe,Product-Led Trial,32,False,23,19,676.62,active,9,0.068,6,0,25,11.263157894736842,1.105263157894737,32.421052631578945,0,0,19,0,0.0,0,1
CUST-11310,Growth,513.63,12,Media,APAC,Outbound Sales,20,False,15,4,513.63,churned,12,0.844,10,1,83,17.75,1.0,74.75,0,0,4,1,0.0,0,0
CUST-11311,Starter,159.52,9,Healthcare,North America,Partner/Referral,53,False,9,1,159.52,churned,39,0.977,5,5,78,39.0,5.0,78.0,0,0,1,1,0.0,0,0
CUST-11312,Starter,168.63,7,Manufacturing,Europe,Partner/Referral,19,True,23,17,95.3,active,15,0.417,1,1,65,18.764705882352942,2.176470588235294,49.94117647058823,0,2,17,0,-43.48573800628595,0,1
CUST-11313,Enterprise,4594.49,20,Manufacturing,LATAM,Partner/Referral,8,True,23,4,4594.49,active,38,0.804,10,0,52,30.75,0.0,66.0,0,0,4,0,0.0,0,1
CUST-11314,Starter,89.29,13,SaaS/Tech,APAC,Partner/Referral,5,False,23,11,89.29,active,20,0.501,6,0,45,24.545454545454547,0.2727272727272727,68.0909090909091,0,0,11,0,0.0,0,1
CUST-11315,Growth,461.45,19,Manufacturing,North America,Inbound/Organic,53,False,23,5,461.45,active,34,0.822,10,0,90,28.2,0.0,74.8,0,0,5,0,0.0,0,1
CUST-11316,Starter,164.84,2,E-commerce,Europe,Inbound/Organic,23,False,23,22,253.4,active,27,0.876,10,2,58,27.318181818181817,2.272727272727273,73.31818181818181,2,0,22,0,53.72482407182723,1,2
CUST-11317,Starter,92.38,7,Education,APAC,Product-Led Trial,22,False,11,5,92.38,churned,30,0.565,5,0,54,33.2,0.0,64.2,0,0,5,1,0.0,0,0
CUST-11318,Enterprise,5512.71,16,Professional Services,MEA,Product-Led Trial,103,True,23,8,5512.71,active,35,0.914,11,1,90,30.625,2.25,73.875,0,0,8,0,0.0,0,1
CUST-11319,Enterprise,7543.59,8,FinTech,Europe,Partner/Referral,26,True,23,16,7543.59,active,27,0.963,8,1,59,28.4375,1.6875,75.0,0,0,16,0,0.0,0,1
CUST-11320,Enterprise,3828.77,3,E-commerce,Europe,Paid Search,4,True,23,21,7517.85,active,28,0.769,11,1,76,32.61904761904762,1.1904761904761905,75.0,3,0,21,0,96.3515698252964,1,2
CUST-11321,Growth,703.31,5,Manufacturing,Europe,Partner/Referral,242,True,23,19,703.31,active,19,0.344,1,2,30,15.947368421052632,1.5789473684210527,35.94736842105263,0,0,19,0,0.0,0,1
CUST-11322,Starter,123.26,7,Media,APAC,Paid Search,77,False,9,3,123.26,churned,25,0.679,9,2,74,24.0,3.3333333333333335,54.333333333333336,0,0,3,1,0.0,0,0
CUST-11323,Starter,101.14,10,SaaS/Tech,North America,Partner/Referral,24,False,13,4,101.14,churned,25,0.926,8,0,53,36.5,0.0,80.5,0,0,4,1,0.0,0,0
CUST-11324,Growth,827.82,7,Healthcare,North America,Partner/Referral,34,False,15,9,827.82,churned,6,0.05,1,2,31,9.222222222222221,2.5555555555555554,32.333333333333336,0,0,9,1,0.0,0,0
CUST-11325,Starter,76.35,16,Media,APAC,Paid Search,19,False,23,8,96.87,active,30,0.451,3,1,68,21.625,1.375,49.125,1,0,8,0,26.876227897838916,1,2
CUST-11326,Enterprise,5869.74,15,SaaS/Tech,Europe,Product-Led Trial,16,True,18,4,5869.74,churned,43,0.844,5,0,74,28.5,0.5,63.0,0,0,4,1,0.0,0,0
CUST-11327,Growth,339.17,5,E-commerce,APAC,Outbound Sales,8,False,23,19,381.25,active,14,0.051,6,5,32,14.157894736842104,3.6842105263157894,44.421052631578945,1,0,19,0,12.406757673143257,1,2
CUST-11328,Growth,873.9,2,E-commerce,North America,Outbound Sales,46,False,23,22,1118.0,active,35,0.876,14,0,74,29.181818181818183,0.5909090909090909,72.27272727272727,1,0,22,0,27.93225769538849,1,2
CUST-11329,Enterprise,1786.68,7,Professional Services,APAC,Paid Search,37,True,23,17,4812.89,active,30,0.881,13,1,94,40.35294117647059,1.0588235294117647,85.58823529411765,5,0,17,0,169.37616137193007,1,2
CUST-11330,Starter,167.22,11,Manufacturing,APAC,Inbound/Organic,21,False,19,9,167.22,churned,20,0.575,6,0,68,22.22222222222222,0.4444444444444444,66.11111111111111,0,0,9,1,0.0,0,0
CUST-11331,Growth,239.98,18,E-commerce,Europe,Product-Led Trial,21,False,22,5,239.98,churned,29,0.602,6,0,50,26.8,0.8,53.6,0,0,5,1,0.0,0,0
CUST-11332,Growth,823.85,7,E-commerce,North America,Product-Led Trial,23,False,23,17,540.0,active,31,0.491,5,4,57,25.88235294117647,1.9411764705882353,65.6470588235294,0,2,17,0,-34.4540875159313,0,1
CUST-11333,Growth,937.18,12,FinTech,North America,Outbound Sales,132,False,23,12,937.18,active,26,0.545,7,3,60,28.416666666666668,1.75,79.0,0,0,12,0,0.0,0,1
CUST-11334,Growth,500.37,6,FinTech,LATAM,Outbound Sales,6,True,23,18,893.07,active,27,0.843,9,2,71,31.055555555555557,1.3333333333333333,72.83333333333333,2,0,18,0,78.48192337670125,1,2
CUST-11335,Growth,775.04,21,Professional Services,North America,Outbound Sales,98,False,23,3,775.04,active,28,0.767,14,1,90,35.0,0.6666666666666666,89.0,0,0,3,0,0.0,0,1
CUST-11336,Starter,127.98,18,E-commerce,North America,Outbound Sales,3,False,23,6,127.98,active,22,0.67,1,3,58,23.333333333333332,2.8333333333333335,51.333333333333336,0,0,6,0,0.0,0,1
CUST-11337,Starter,83.84,20,FinTech,North America,Partner/Referral,44,False,23,4,83.84,active,19,0.78,6,0,49,29.75,0.75,66.25,0,0,4,0,0.0,0,1
CUST-11338,Growth,802.4,9,Professional Services,Europe,Product-Led Trial,96,True,20,12,1026.14,churned,17,0.611,3,1,33,28.666666666666668,1.1666666666666667,62.333333333333336,2,1,12,1,27.883848454636105,1,0
CUST-11339,Enterprise,1057.02,6,E-commerce,Europe,Inbound/Organic,50,True,23,18,1422.55,active,18,0.857,9,1,95,28.72222222222222,0.7222222222222222,65.66666666666667,1,0,18,0,34.581181056176796,1,2
CUST-11340,Enterprise,1212.37,20,FinTech,Europe,Partner/Referral,38,True,23,4,1212.37,active,0,0.503,4,4,43,3.75,3.0,42.5,0,0,4,0,0.0,0,1
CUST-11341,Starter,154.17,10,Manufacturing,North America,Product-Led Trial,38,False,16,7,154.17,churned,44,0.858,10,2,69,37.42857142857143,2.4285714285714284,78.57142857142857,0,0,7,1,0.0,0,0
CUST-11342,Growth,331.54,21,Media,Europe,Paid Search,16,False,23,3,331.54,active,17,0.675,7,2,52,27.333333333333332,3.0,68.0,0,0,3,0,0.0,0,1
CUST-11343,Starter,139.2,17,Education,North America,Inbound/Organic,29,False,17,1,139.2,churned,19,0.412,5,3,33,19.0,3.0,33.0,0,0,1,1,0.0,0,0
CUST-11344,Growth,316.95,9,SaaS/Tech,APAC,Outbound Sales,6,False,23,15,254.07,active,36,0.742,11,0,71,28.8,0.5333333333333333,75.53333333333333,0,1,15,0,-19.839091339327968,0,1
CUST-11345,Starter,159.35,3,E-commerce,APAC,Inbound/Organic,99,False,23,21,159.35,active,17,0.559,7,0,93,23.61904761904762,0.2857142857142857,60.57142857142857,0,0,21,0,0.0,0,1
CUST-11346,Growth,425.64,12,Professional Services,North America,Product-Led Trial,53,False,23,12,467.59,active,24,0.654,5,1,67,29.083333333333332,1.5,64.41666666666667,1,0,12,0,9.855746640353349,1,2
CUST-11347,Enterprise,6706.26,15,Professional Services,LATAM,Inbound/Organic,35,True,23,9,7863.49,active,40,0.777,15,2,68,29.77777777777778,0.6666666666666666,78.0,1,0,9,0,17.25596681309701,1,2
CUST-11348,Starter,152.32,2,Media,North America,Inbound/Organic,25,True,9,8,152.32,churned,23,0.513,6,2,65,27.0,0.75,63.875,0,0,8,1,0.0,0,0
CUST-11349,Starter,75.88,4,SaaS/Tech,Europe,Paid Search,2,True,4,1,75.88,churned,28,0.594,9,0,58,28.0,0.0,58.0,0,0,1,1,0.0,0,0
CUST-11350,Growth,691.87,17,Manufacturing,Europe,Partner/Referral,49,False,23,7,811.33,active,42,0.827,10,3,85,27.0,1.4285714285714286,72.28571428571429,1,0,7,0,17.26624943992369,1,2
CUST-11351,Starter,54.91,2,Education,North America,Outbound Sales,26,False,23,22,54.91,active,41,0.667,9,1,85,28.636363636363637,0.9545454545454546,62.95454545454545,0,0,22,0,0.0,0,1
CUST-11352,Starter,153.73,16,Education,North America,Paid Search,5,False,23,8,153.73,active,22,0.635,7,0,63,29.0,0.875,60.375,0,0,8,0,0.0,0,1
CUST-11353,Starter,122.6,14,Professional Services,APAC,Product-Led Trial,62,False,23,10,122.6,active,1,0.38,3,2,39,14.4,1.5,49.2,0,0,10,0,0.0,0,1
CUST-11354,Growth,982.16,1,Education,North America,Paid Search,75,False,23,23,4513.14,active,25,0.908,8,0,60,26.782608695652176,1.2173913043478262,63.04347826086956,7,0,23,0,359.511688523255,1,2
CUST-11355,Starter,144.14,8,Professional Services,North America,Product-Led Trial,15,False,23,16,144.14,active,21,0.69,6,2,100,26.8125,1.0625,57.75,0,0,16,0,0.0,0,1
CUST-11356,Starter,101.2,11,Manufacturing,North America,Product-Led Trial,47,True,23,13,101.2,active,41,0.904,9,0,54,38.76923076923077,0.3076923076923077,80.76923076923077,0,0,13,0,0.0,0,1
CUST-11357,Enterprise,6133.53,1,Education,APAC,Paid Search,23,True,23,23,5139.02,active,25,0.715,7,0,58,22.695652173913043,0.6521739130434783,57.21739130434783,1,1,23,0,-16.21431704092096,0,1
CUST-11358,Starter,125.07,17,Education,LATAM,Partner/Referral,30,False,19,3,125.07,churned,20,0.513,6,1,51,23.333333333333332,2.3333333333333335,48.666666666666664,0,0,3,1,0.0,0,0
CUST-11359,Starter,100.04,0,E-commerce,LATAM,Inbound/Organic,14,False,2,3,100.04,churned,19,0.556,5,0,67,35.0,0.0,60.0,0,0,3,1,0.0,0,0
CUST-11360,Starter,64.36,1,SaaS/Tech,North America,Paid Search,71,True,9,9,64.36,churned,32,0.485,5,2,42,20.444444444444443,0.5555555555555556,42.333333333333336,0,0,9,1,0.0,0,0
CUST-11361,Starter,90.14,5,Healthcare,North America,Product-Led Trial,64,False,5,1,90.14,churned,32,0.9,9,3,59,32.0,3.0,59.0,0,0,1,1,0.0,0,0
CUST-11362,Starter,59.28,21,FinTech,North America,Product-Led Trial,7,False,23,3,59.28,active,26,0.768,6,0,60,24.666666666666668,0.3333333333333333,61.333333333333336,0,0,3,0,0.0,0,1
CUST-11363,Starter,88.44,13,Manufacturing,Europe,Paid Search,25,False,22,10,88.44,churned,36,0.622,9,1,74,17.1,1.3,57.7,0,0,10,1,0.0,0,0
CUST-11364,Starter,51.88,6,Media,North America,Paid Search,2,False,13,8,51.88,churned,0,0.463,7,1,40,21.125,1.25,48.625,0,0,8,1,0.0,0,0
CUST-11365,Starter,85.58,6,E-commerce,APAC,Product-Led Trial,20,False,10,5,85.58,churned,24,0.586,8,2,38,26.0,2.2,45.8,0,0,5,1,0.0,0,0
CUST-11366,Enterprise,1730.6,0,E-commerce,LATAM,Paid Search,9,True,23,24,1015.14,active,14,0.461,10,3,62,17.166666666666668,1.9583333333333333,46.0,0,2,24,0,-41.34173119149428,0,1
CUST-11367,Starter,59.73,15,SaaS/Tech,APAC,Outbound Sales,47,False,23,9,52.64,active,22,0.397,5,0,37,27.555555555555557,0.4444444444444444,57.44444444444444,0,1,9,0,-11.870082035827886,0,1
CUST-11368,Enterprise,3989.93,16,Healthcare,MEA,Outbound Sales,41,True,23,8,3540.16,active,24,0.288,2,0,63,17.375,1.125,39.75,0,1,8,0,-11.272628843112535,0,1
CUST-11369,Starter,186.01,9,Healthcare,APAC,Product-Led Trial,63,False,18,10,186.01,churned,10,0.321,5,3,53,20.4,1.8,52.0,0,0,10,1,0.0,0,0
CUST-11370,Enterprise,6541.87,16,Media,North America,Partner/Referral,6,True,19,4,6541.87,churned,32,0.456,5,2,39,18.25,3.0,49.5,0,0,4,1,0.0,0,0
CUST-11371,Starter,173.95,6,Education,North America,Inbound/Organic,25,False,17,12,173.95,churned,29,0.792,9,3,71,31.583333333333332,1.3333333333333333,63.0,0,0,12,1,0.0,0,0
CUST-11372,Starter,82.73,20,Media,Europe,Paid Search,20,False,23,4,82.73,active,13,0.59,11,0,59,23.75,0.75,65.25,0,0,4,0,0.0,0,1
CUST-11373,Enterprise,3514.13,21,SaaS/Tech,APAC,Product-Led Trial,33,True,23,3,3514.13,active,36,0.69,6,0,43,24.0,0.3333333333333333,45.333333333333336,0,0,3,0,0.0,0,1
CUST-11374,Starter,135.84,21,Education,Europe,Product-Led Trial,80,False,23,3,135.84,active,33,0.577,6,1,63,30.333333333333332,1.6666666666666667,74.0,0,0,3,0,0.0,0,1
CUST-11375,Starter,70.12,11,Manufacturing,Europe,Partner/Referral,107,False,22,12,70.12,churned,36,1.0,11,0,100,34.0,0.5833333333333334,75.25,0,0,12,1,0.0,0,0
CUST-11376,Growth,219.16,13,FinTech,North America,Outbound Sales,3,False,17,5,219.16,churned,27,0.735,7,1,59,31.2,1.0,68.0,0,0,5,1,0.0,0,0
CUST-11377,Starter,174.34,16,Healthcare,Europe,Product-Led Trial,15,False,17,2,174.34,churned,36,0.57,9,2,60,31.0,1.0,63.5,0,0,2,1,0.0,0,0
CUST-11378,Growth,365.33,18,Media,Europe,Outbound Sales,110,False,23,6,365.33,active,17,0.697,6,0,61,24.833333333333332,0.0,55.666666666666664,0,0,6,0,0.0,0,1
CUST-11379,Starter,156.35,10,Healthcare,North America,Partner/Referral,28,False,19,10,147.61,churned,1,0.199,1,1,39,9.8,1.0,32.1,0,1,10,1,-5.590022385673158,0,0
CUST-11380,Starter,132.24,17,Manufacturing,APAC,Paid Search,19,False,23,7,132.24,active,32,0.87,9,1,55,32.285714285714285,2.7142857142857144,63.714285714285715,0,0,7,0,0.0,0,1
CUST-11381,Starter,74.46,10,FinTech,APAC,Product-Led Trial,2,False,13,4,74.46,churned,25,0.397,3,3,47,21.25,2.25,32.0,0,0,4,1,0.0,0,0
CUST-11382,Growth,408.25,4,E-commerce,North America,Inbound/Organic,7,False,23,20,300.2,active,21,1.0,11,0,78,31.05,0.1,75.0,1,2,20,0,-26.46662584200858,0,1
CUST-11383,Starter,175.3,4,Manufacturing,Europe,Outbound Sales,30,True,23,20,185.28,active,36,0.844,7,0,22,24.05,0.15,58.2,1,0,20,0,5.693097547062173,1,2
CUST-11384,Starter,144.67,7,Manufacturing,North America,Partner/Referral,99,False,23,17,149.83,active,46,1.0,11,0,100,39.0,0.35294117647058826,89.23529411764706,1,1,17,0,3.566738093592331,0,1
CUST-11385,Starter,149.55,12,SaaS/Tech,LATAM,Product-Led Trial,26,False,23,12,182.6,active,0,0.443,8,1,29,8.833333333333334,2.0833333333333335,40.5,1,0,12,0,22.099632230023392,1,2
CUST-11386,Starter,165.94,2,FinTech,MEA,Outbound Sales,35,False,7,6,165.94,churned,41,0.953,7,2,100,38.666666666666664,1.0,80.33333333333333,0,0,6,1,0.0,0,0
CUST-11387,Starter,194.63,8,Professional Services,LATAM,Outbound Sales,5,False,9,2,194.63,churned,5,0.448,6,0,35,6.0,0.0,21.0,0,0,2,1,0.0,0,0
CUST-11388,Starter,162.31,6,Healthcare,Europe,Inbound/Organic,8,False,23,18,162.31,active,20,0.602,10,3,73,23.444444444444443,2.4444444444444446,67.5,0,0,18,0,0.0,0,1
CUST-11389,Growth,571.41,7,Manufacturing,MEA,Product-Led Trial,14,False,23,17,571.41,active,20,0.43,4,1,56,20.88235294117647,1.4705882352941178,51.529411764705884,0,0,17,0,0.0,0,1
CUST-11390,Starter,184.9,8,E-commerce,Europe,Inbound/Organic,133,True,23,16,184.9,active,40,1.0,8,1,100,34.125,0.8125,82.25,0,0,16,0,0.0,0,1
CUST-11391,Starter,124.32,16,SaaS/Tech,North America,Product-Led Trial,32,False,23,8,124.32,active,11,0.548,6,2,33,16.25,1.25,42.75,0,0,8,0,0.0,0,1
CUST-11392,Starter,122.21,19,Manufacturing,LATAM,Partner/Referral,7,False,23,5,133.49,active,26,0.747,8,2,68,22.6,2.6,63.0,1,0,5,0,9.23001391048197,1,2
CUST-11393,Growth,359.81,3,E-commerce,Europe,Partner/Referral,177,False,23,21,391.56,active,1,0.306,2,3,19,24.047619047619047,1.4285714285714286,58.38095238095238,2,1,21,0,8.824101609182625,1,2
CUST-11394,Starter,87.47,12,FinTech,North America,Inbound/Organic,59,False,23,12,103.94,active,34,0.746,7,0,69,22.166666666666668,0.75,55.75,1,0,12,0,18.829312907282496,1,2
CUST-11395,Growth,676.23,2,E-commerce,North America,Partner/Referral,11,False,15,14,676.23,churned,31,0.805,8,1,82,29.928571428571427,0.9285714285714286,72.07142857142857,0,0,14,1,0.0,0,0
CUST-11396,Growth,889.43,21,Media,MEA,Product-Led Trial,21,False,23,3,889.43,active,33,0.852,12,3,80,39.0,2.6666666666666665,85.66666666666667,0,0,3,0,0.0,0,1
CUST-11397,Growth,728.35,14,Professional Services,APAC,Product-Led Trial,122,False,23,10,728.35,active,29,0.473,6,1,72,21.2,1.0,62.7,0,0,10,0,0.0,0,1
CUST-11398,Starter,51.24,0,Media,North America,Outbound Sales,15,False,23,24,51.24,active,32,0.589,11,0,44,37.0,0.6666666666666666,77.16666666666667,0,0,24,0,0.0,0,1
CUST-11399,Growth,831.19,20,SaaS/Tech,North America,Outbound Sales,109,True,23,4,831.19,active,39,0.996,11,1,98,33.5,1.5,80.0,0,0,4,0,0.0,0,1
CUST-11400,Starter,184.6,20,FinTech,Europe,Product-Led Trial,27,False,23,4,184.6,active,24,0.507,7,2,55,20.75,1.0,68.25,0,0,4,0,0.0,0,1
CUST-11401,Starter,176.36,0,Media,LATAM,Partner/Referral,10,False,14,15,176.36,churned,28,1.0,6,0,100,37.333333333333336,0.6666666666666666,83.2,0,0,15,1,0.0,0,0
CUST-11402,Growth,714.36,4,Media,North America,Product-Led Trial,13,False,23,20,714.36,active,17,0.579,5,1,42,19.8,1.45,43.9,0,0,20,0,0.0,0,1
CUST-11403,Starter,80.48,1,FinTech,North America,Inbound/Organic,9,False,14,14,80.48,churned,20,0.41,2,5,31,14.571428571428571,2.2142857142857144,43.42857142857143,0,0,14,1,0.0,0,0
CUST-11404,Growth,786.79,16,Media,Europe,Product-Led Trial,53,False,23,8,514.41,active,34,0.591,6,0,59,25.125,0.625,59.75,0,2,8,0,-34.61914869278969,0,1
CUST-11405,Starter,76.06,15,Professional Services,North America,Partner/Referral,8,True,23,9,76.06,active,37,0.705,7,1,88,41.0,0.2222222222222222,82.88888888888889,0,0,9,0,0.0,0,1
CUST-11406,Enterprise,6032.35,15,FinTech,North America,Paid Search,5,True,23,9,6032.35,active,7,0.399,4,0,43,15.444444444444445,0.3333333333333333,55.111111111111114,0,0,9,0,0.0,0,1
CUST-11407,Enterprise,6199.12,8,Professional Services,Europe,Partner/Referral,37,True,13,6,6199.12,churned,19,0.506,6,1,63,15.5,0.3333333333333333,55.0,0,0,6,1,0.0,0,0
CUST-11408,Growth,932.96,5,Healthcare,APAC,Partner/Referral,49,True,23,19,1346.45,active,22,0.668,7,2,61,26.157894736842106,2.0,58.0,2,0,19,0,44.320228091236494,1,2
CUST-11409,Growth,560.75,1,Manufacturing,North America,Inbound/Organic,18,False,1,1,560.75,churned,27,0.613,10,2,74,27.0,2.0,74.0,0,0,1,1,0.0,0,0
CUST-11410,Enterprise,3132.45,12,Education,North America,Inbound/Organic,49,True,14,3,3132.45,churned,18,0.948,8,0,72,32.0,2.0,76.33333333333333,0,0,3,1,0.0,0,0
CUST-11411,Starter,115.75,14,SaaS/Tech,APAC,Partner/Referral,311,False,22,9,115.75,churned,40,1.0,10,0,94,39.0,0.2222222222222222,91.55555555555556,0,0,9,1,0.0,0,0
CUST-11412,Starter,83.12,22,FinTech,North America,Paid Search,221,False,23,2,83.12,active,6,0.76,5,1,35,13.0,1.0,34.5,0,0,2,0,0.0,0,1
CUST-11413,Growth,949.93,19,Education,North America,Product-Led Trial,17,True,23,5,949.93,active,18,0.795,6,2,62,21.6,0.6,56.6,0,0,5,0,0.0,0,1
CUST-11414,Enterprise,4291.99,14,Manufacturing,Europe,Paid Search,11,True,23,10,4291.99,active,38,0.787,9,0,79,28.0,1.0,66.1,0,0,10,0,0.0,0,1
CUST-11415,Starter,160.27,22,Education,APAC,Outbound Sales,13,False,23,2,160.27,active,35,0.686,12,2,54,29.5,1.5,75.5,0,0,2,0,0.0,0,1
CUST-11416,Growth,586.93,1,Media,Europe,Partner/Referral,49,False,23,23,774.08,active,48,0.786,9,4,83,31.08695652173913,1.2173913043478262,73.34782608695652,2,0,23,0,31.886255601179037,1,2
CUST-11417,Starter,99.52,9,Healthcare,APAC,Inbound/Organic,127,False,16,8,99.52,churned,24,0.512,2,2,45,18.5,1.625,48.5,0,0,8,1,0.0,0,0
CUST-11418,Starter,121.8,20,Manufacturing,MEA,Outbound Sales,88,False,23,4,121.8,active,2,0.239,2,1,32,12.25,1.75,32.5,0,0,4,0,0.0,0,1
CUST-11419,Enterprise,7092.8,15,Healthcare,North America,Inbound/Organic,3,True,23,9,5046.12,active,21,0.55,10,2,60,21.0,2.0,65.0,0,2,9,0,-28.855741033160392,0,1
CUST-11420,Growth,957.35,14,Education,LATAM,Inbound/Organic,21,False,23,10,957.35,active,45,0.685,11,1,79,34.2,0.9,77.6,0,0,10,0,0.0,0,1
CUST-11421,Starter,98.94,4,Media,Europe,Outbound Sales,46,False,23,20,98.94,active,31,0.646,9,1,69,24.1,1.0,60.25,0,0,20,0,0.0,0,1
CUST-11422,Starter,189.9,18,FinTech,North America,Inbound/Organic,35,False,21,4,189.9,churned,38,0.664,11,1,72,37.75,0.5,70.25,0,0,4,1,0.0,0,0
CUST-11423,Starter,124.48,10,Media,North America,Product-Led Trial,45,True,23,14,124.48,active,18,0.284,2,0,59,12.928571428571429,1.7857142857142858,32.642857142857146,0,0,14,0,0.0,0,1
CUST-11424,Starter,75.56,7,Professional Services,LATAM,Paid Search,46,False,23,17,75.56,active,38,0.717,12,0,78,29.058823529411764,0.7647058823529411,71.58823529411765,0,0,17,0,0.0,0,1
CUST-11425,Starter,124.7,1,Education,LATAM,Paid Search,4,False,15,15,151.95,churned,39,0.775,11,1,95,30.6,2.8,74.8,1,0,15,1,21.8524458700882,1,0
CUST-11426,Enterprise,3040.62,12,Media,Europe,Inbound/Organic,16,True,23,12,3040.62,active,24,0.775,6,2,64,20.916666666666668,1.4166666666666667,55.666666666666664,0,0,12,0,0.0,0,1
CUST-11427,Growth,810.51,13,Media,North America,Partner/Referral,14,False,23,11,810.51,active,17,0.519,6,0,47,21.363636363636363,0.18181818181818182,51.18181818181818,0,0,11,0,0.0,0,1
CUST-11428,Enterprise,7194.12,18,Education,Europe,Partner/Referral,2,True,23,6,9368.76,active,29,0.546,3,3,64,24.833333333333332,1.6666666666666667,61.166666666666664,1,0,6,0,30.2280195492986,1,2
CUST-11429,Starter,165.28,1,Healthcare,North America,Inbound/Organic,350,False,23,23,222.4,active,34,0.466,6,0,45,25.17391304347826,0.782608695652174,62.34782608695652,2,0,23,0,34.5595353339787,1,2
CUST-11430,Starter,140.28,14,Education,Europe,Partner/Referral,25,False,17,4,140.28,churned,31,0.357,1,3,37,18.25,2.5,41.5,0,0,4,1,0.0,0,0
CUST-11431,Enterprise,6651.6,21,Manufacturing,North America,Outbound Sales,151,True,23,3,6651.6,active,31,0.457,9,2,70,22.0,1.6666666666666667,59.666666666666664,0,0,3,0,0.0,0,1
CUST-11432,Starter,79.4,6,Healthcare,North America,Paid Search,108,False,11,6,79.4,churned,16,0.354,2,5,30,16.166666666666668,2.0,50.833333333333336,0,0,6,1,0.0,0,0
CUST-11433,Growth,225.62,13,Manufacturing,APAC,Paid Search,246,True,16,4,225.62,churned,36,0.819,14,0,63,34.5,0.25,80.0,0,0,4,1,0.0,0,0
CUST-11434,Starter,146.54,6,FinTech,North America,Partner/Referral,33,False,23,18,184.2,active,32,0.948,10,0,90,37.166666666666664,0.2222222222222222,83.61111111111111,1,0,18,0,25.699467722123654,1,2
CUST-11435,Growth,775.93,16,FinTech,North America,Partner/Referral,34,False,23,8,775.93,active,29,0.745,12,0,87,35.125,0.875,86.25,0,0,8,0,0.0,0,1
CUST-11436,Growth,525.99,21,FinTech,North America,Partner/Referral,213,False,23,3,380.83,active,24,0.654,8,1,59,20.333333333333332,1.3333333333333333,66.66666666666667,0,1,3,0,-27.597482841879128,0,1
CUST-11437,Growth,644.29,22,Professional Services,Europe,Paid Search,41,False,23,2,644.29,active,45,0.835,9,2,76,37.5,2.0,85.5,0,0,2,0,0.0,0,1
CUST-11438,Starter,140.89,20,Media,North America,Paid Search,40,False,23,4,140.89,active,18,0.616,7,2,35,23.5,0.5,53.25,0,0,4,0,0.0,0,1
CUST-11439,Starter,172.17,1,Manufacturing,North America,Inbound/Organic,17,False,6,6,172.17,churned,39,0.688,8,0,55,34.5,0.6666666666666666,60.5,0,0,6,1,0.0,0,0
CUST-11440,Enterprise,2626.35,8,Professional Services,Europe,Partner/Referral,319,True,23,16,3436.41,active,26,0.845,9,1,77,34.8125,0.25,79.3125,1,0,16,0,30.843566165971787,1,2
CUST-11441,Enterprise,5750.55,6,E-commerce,North America,Product-Led Trial,18,True,23,18,7574.67,active,14,0.544,7,1,78,18.444444444444443,1.6666666666666667,52.27777777777778,1,0,18,0,31.72079192425072,1,2
CUST-11442,Starter,142.74,13,Media,APAC,Outbound Sales,28,False,23,11,142.74,active,25,0.824,7,2,32,18.636363636363637,1.4545454545454546,56.81818181818182,0,0,11,0,0.0,0,1
CUST-11443,Starter,120.62,15,FinTech,Europe,Partner/Referral,28,False,20,6,120.62,churned,18,0.407,6,0,37,21.0,0.3333333333333333,59.0,0,0,6,1,0.0,0,0
CUST-11444,Starter,83.77,16,SaaS/Tech,APAC,Partner/Referral,40,False,18,3,83.77,churned,13,0.692,9,0,36,24.666666666666668,0.0,57.333333333333336,0,0,3,1,0.0,0,0
CUST-11445,Growth,226.89,16,FinTech,Europe,Paid Search,39,False,23,8,173.26,active,24,0.448,6,1,35,25.875,1.625,53.5,0,1,8,0,-23.637004715941647,0,1
CUST-11446,Growth,614.59,18,SaaS/Tech,Europe,Outbound Sales,204,False,19,2,614.59,churned,11,0.578,6,0,83,11.0,0.5,76.5,0,0,2,1,0.0,0,0
CUST-11447,Growth,575.93,11,SaaS/Tech,North America,Partner/Referral,7,True,23,13,751.03,active,43,0.989,8,2,68,31.76923076923077,2.3076923076923075,66.0,2,0,13,0,30.40300036462765,1,2
CUST-11448,Starter,51.01,8,Education,Europe,Inbound/Organic,69,False,13,6,51.01,churned,9,0.471,7,1,54,21.166666666666668,1.0,57.5,0,0,6,1,0.0,0,0
CUST-11449,Starter,127.19,2,Media,North America,Paid Search,58,False,22,21,127.19,churned,17,0.469,3,0,62,19.0,2.0,47.857142857142854,0,0,21,1,0.0,0,0
CUST-11450,Enterprise,6060.31,15,Professional Services,APAC,Product-Led Trial,31,True,23,9,6060.31,active,47,0.746,12,2,41,34.77777777777778,1.5555555555555556,73.33333333333333,0,0,9,0,0.0,0,1
CUST-11451,Starter,66.8,1,Manufacturing,LATAM,Product-Led Trial,26,False,23,23,57.4,active,4,0.43,5,6,63,12.304347826086957,5.739130434782608,36.56521739130435,0,1,23,0,-14.071856287425147,0,1
CUST-11452,Starter,130.28,17,Professional Services,Europe,Outbound Sales,42,False,19,3,130.28,churned,41,0.745,9,0,67,28.0,0.3333333333333333,68.0,0,0,3,1,0.0,0,0
CUST-11453,Growth,577.91,16,Healthcare,Europe,Inbound/Organic,16,False,23,8,577.91,active,24,0.522,6,0,51,21.125,0.0,53.125,0,0,8,0,0.0,0,1
CUST-11454,Growth,464.15,14,Healthcare,Europe,Partner/Referral,119,False,19,6,548.47,churned,25,0.44,8,3,70,25.666666666666668,3.1666666666666665,46.666666666666664,1,0,6,1,18.166540988904462,1,0
CUST-11455,Enterprise,2922.01,11,E-commerce,North America,Partner/Referral,39,True,23,13,2306.14,active,37,0.715,11,0,55,26.692307692307693,1.2307692307692308,74.38461538461539,1,1,13,0,-21.07692992152663,0,1
CUST-11456,Starter,157.93,8,FinTech,APAC,Outbound Sales,7,True,15,8,115.66,churned,14,0.329,4,2,48,15.0,0.75,36.125,0,1,8,1,-26.765022478313185,0,0
CUST-11457,Starter,189.28,1,Professional Services,Europe,Outbound Sales,62,False,9,9,189.28,churned,22,0.234,5,1,36,14.777777777777779,2.111111111111111,30.333333333333332,0,0,9,1,0.0,0,0
CUST-11458,Starter,94.64,15,SaaS/Tech,APAC,Outbound Sales,2,False,23,9,94.64,active,15,0.648,8,2,96,21.0,2.4444444444444446,46.44444444444444,0,0,9,0,0.0,0,1
CUST-11459,Growth,506.97,9,Healthcare,MEA,Product-Led Trial,11,False,16,8,506.97,churned,25,0.658,6,2,60,24.25,0.625,65.25,0,0,8,1,0.0,0,0
CUST-11460,Starter,136.64,16,E-commerce,Europe,Partner/Referral,146,False,16,1,136.64,churned,34,0.617,10,1,85,34.0,1.0,85.0,0,0,1,1,0.0,0,0
CUST-11461,Enterprise,5992.53,5,Professional Services,MEA,Outbound Sales,17,True,23,19,7708.43,active,18,0.672,5,3,45,22.68421052631579,1.631578947368421,56.68421052631579,1,0,19,0,28.633982641722287,1,2
CUST-11462,Growth,905.61,11,Manufacturing,Europe,Outbound Sales,31,False,23,13,905.61,active,29,0.777,9,1,35,27.615384615384617,1.1538461538461537,64.76923076923077,0,0,13,0,0.0,0,1
CUST-11463,Starter,159.77,10,Media,North America,Paid Search,124,False,23,14,159.77,active,34,0.708,7,0,93,28.071428571428573,0.7142857142857143,56.785714285714285,0,0,14,0,0.0,0,1
CUST-11464,Growth,925.52,11,Professional Services,LATAM,Paid Search,3,False,23,13,1175.47,active,24,0.348,5,1,41,16.615384615384617,1.4615384615384615,51.92307692307692,1,0,13,0,27.006439623130785,1,2
CUST-11465,Starter,107.41,7,Healthcare,Europe,Partner/Referral,11,True,7,1,107.41,churned,26,0.789,12,0,90,26.0,0.0,90.0,0,0,1,1,0.0,0,0
CUST-11466,Growth,537.78,20,SaaS/Tech,North America,Inbound/Organic,40,False,23,4,537.78,active,6,0.362,4,9,27,15.25,6.0,38.75,0,0,4,0,0.0,0,1
CUST-11467,Growth,482.69,1,Healthcare,North America,Inbound/Organic,3,False,23,23,482.69,active,37,0.926,11,2,96,37.91304347826087,1.3478260869565217,77.73913043478261,0,0,23,0,0.0,0,1
CUST-11468,Starter,101.57,5,E-commerce,Europe,Inbound/Organic,45,False,20,16,84.35,churned,12,0.557,7,0,74,11.1875,3.0625,49.125,0,1,16,1,-16.95382494831151,0,0
CUST-11469,Growth,941.01,13,Professional Services,Europe,Partner/Referral,33,False,23,11,941.01,active,23,0.582,6,2,78,22.454545454545453,2.727272727272727,52.27272727272727,0,0,11,0,0.0,0,1
CUST-11470,Starter,163.77,2,Education,APAC,Paid Search,12,False,6,5,163.77,churned,38,0.768,9,0,56,27.0,2.6,49.6,0,0,5,1,0.0,0,0
CUST-11471,Growth,246.0,2,Media,North America,Paid Search,40,False,13,12,246.0,churned,26,0.964,14,0,100,39.416666666666664,0.5833333333333334,91.58333333333333,0,0,12,1,0.0,0,0
CUST-11472,Starter,139.23,20,FinTech,MEA,Inbound/Organic,18,False,20,1,139.23,churned,26,0.721,8,1,34,26.0,1.0,34.0,0,0,1,1,0.0,0,0
CUST-11473,Growth,242.37,3,E-commerce,APAC,Paid Search,19,False,23,21,242.37,active,17,0.364,7,2,28,10.952380952380953,1.2857142857142858,36.904761904761905,0,0,21,0,0.0,0,1
CUST-11474,Growth,403.12,8,Healthcare,LATAM,Outbound Sales,18,False,23,16,538.76,active,39,0.718,14,0,60,30.25,1.5,73.4375,2,0,16,0,33.64754911688827,1,2
CUST-11475,Growth,396.55,6,SaaS/Tech,APAC,Product-Led Trial,32,False,23,18,549.02,active,27,0.775,6,1,68,32.0,0.3888888888888889,74.94444444444444,2,0,18,0,38.44912369184213,1,2
CUST-11476,Starter,160.83,8,SaaS/Tech,Europe,Inbound/Organic,27,False,23,16,194.1,active,19,0.659,9,3,53,24.6875,1.5625,59.6875,1,0,16,0,20.68643909718335,1,2
CUST-11477,Growth,515.93,17,Professional Services,Europe,Outbound Sales,37,False,23,7,515.93,active,18,0.548,6,1,55,18.714285714285715,1.5714285714285714,40.57142857142857,0,0,7,0,0.0,0,1
CUST-11478,Starter,168.06,19,Education,North America,Partner/Referral,8,False,23,5,168.06,active,9,0.518,7,2,41,14.0,2.4,44.4,0,0,5,0,0.0,0,1
CUST-11479,Starter,72.59,3,Healthcare,Europe,Outbound Sales,12,False,23,21,62.83,active,32,0.847,9,13,77,29.666666666666668,6.761904761904762,60.42857142857143,1,1,21,0,-13.445378151260512,0,1
CUST-11480,Starter,166.14,5,Education,North America,Outbound Sales,16,False,23,19,166.14,active,9,0.226,6,2,55,11.368421052631579,1.263157894736842,27.789473684210527,0,0,19,0,0.0,0,1
CUST-11481,Enterprise,7995.55,13,Healthcare,MEA,Outbound Sales,77,True,23,11,9948.58,active,10,0.636,4,3,77,21.272727272727273,1.8181818181818181,59.09090909090909,1,0,11,0,24.426462219609654,1,2
CUST-11482,Growth,564.3,6,Education,APAC,Outbound Sales,67,False,13,8,564.3,churned,28,0.606,6,0,41,23.375,0.625,51.5,0,0,8,1,0.0,0,0
CUST-11483,Growth,580.31,21,E-commerce,Europe,Outbound Sales,8,False,23,3,580.31,active,24,0.59,9,0,44,25.333333333333332,1.0,47.666666666666664,0,0,3,0,0.0,0,1
CUST-11484,Enterprise,6700.93,1,Manufacturing,North America,Product-Led Trial,6,True,23,23,8611.49,active,43,0.775,10,1,88,38.608695652173914,1.0,89.91304347826087,2,0,23,0,28.51186327867922,1,2
CUST-11485,Starter,118.15,4,SaaS/Tech,North America,Outbound Sales,33,False,23,20,136.39,active,36,0.724,14,2,76,30.65,1.05,75.25,1,0,20,0,15.438002539145138,1,2
CUST-11486,Starter,103.08,6,Healthcare,Europe,Paid Search,79,False,23,18,103.08,active,40,1.0,8,1,88,34.22222222222222,1.0555555555555556,79.61111111111111,0,0,18,0,0.0,0,1
CUST-11487,Starter,118.27,16,Manufacturing,North America,Outbound Sales,37,False,23,8,118.27,active,7,0.521,6,2,47,22.125,0.75,57.375,0,0,8,0,0.0,0,1
CUST-11488,Growth,797.44,6,Education,Europe,Product-Led Trial,4,False,18,13,797.44,churned,23,0.166,5,0,27,14.538461538461538,2.3076923076923075,35.23076923076923,0,0,13,1,0.0,0,0
CUST-11489,Starter,84.32,4,Healthcare,Europe,Paid Search,78,False,5,2,84.32,churned,33,0.639,11,3,48,27.5,2.0,48.5,0,0,2,1,0.0,0,0
CUST-11490,Growth,438.14,16,FinTech,North America,Inbound/Organic,11,False,21,6,438.14,churned,17,0.454,8,1,37,24.333333333333332,0.8333333333333334,50.0,0,0,6,1,0.0,0,0
CUST-11491,Growth,904.49,20,Media,North America,Inbound/Organic,25,False,23,4,904.49,active,28,0.608,6,0,93,20.5,0.5,84.0,0,0,4,0,0.0,0,1
CUST-11492,Starter,115.37,6,SaaS/Tech,Europe,Inbound/Organic,153,False,7,2,115.37,churned,12,0.296,3,1,71,18.5,1.0,59.0,0,0,2,1,0.0,0,0
CUST-11493,Growth,742.44,5,FinTech,Europe,Paid Search,34,False,17,13,742.44,churned,34,0.707,6,0,51,19.307692307692307,0.23076923076923078,41.92307692307692,0,0,13,1,0.0,0,0
CUST-11494,Starter,156.11,20,Manufacturing,APAC,Paid Search,28,False,23,4,175.61,active,24,0.864,10,0,100,32.5,0.75,86.25,1,0,4,0,12.491192108128882,1,2
CUST-11495,Starter,62.55,22,Education,APAC,Partner/Referral,12,False,23,2,62.55,active,30,0.872,9,4,51,29.0,4.5,47.5,0,0,2,0,0.0,0,1
CUST-11496,Growth,813.06,0,E-commerce,Europe,Product-Led Trial,15,False,19,20,965.52,churned,40,0.82,9,1,100,34.95,0.95,87.35,1,0,20,1,18.751383661722386,1,0
CUST-11497,Starter,109.28,22,Healthcare,Europe,Partner/Referral,55,False,23,2,109.28,active,39,1.0,8,0,51,35.0,0.0,67.5,0,0,2,0,0.0,0,1
CUST-11498,Starter,177.74,17,FinTech,North America,Paid Search,25,False,23,7,177.74,active,8,0.603,9,2,91,17.857142857142858,1.7142857142857142,48.714285714285715,0,0,7,0,0.0,0,1
CUST-11499,Growth,634.61,12,Media,North America,Paid Search,53,False,23,12,634.61,active,11,0.251,1,0,73,13.666666666666666,1.3333333333333333,33.5,0,0,12,0,0.0,0,1
CUST-11500,Growth,353.4,3,Education,North America,Outbound Sales,28,False,23,21,514.86,active,29,0.597,5,5,77,28.047619047619047,2.0952380952380953,65.85714285714286,2,0,21,0,45.68760611205434,1,2
CUST-11501,Enterprise,4305.97,16,FinTech,Europe,Paid Search,20,True,23,8,4305.97,active,24,0.828,8,1,56,28.25,1.75,72.625,0,0,8,0,0.0,0,1
CUST-11502,Starter,97.15,2,FinTech,LATAM,Partner/Referral,6,False,4,3,97.15,churned,26,0.998,5,2,66,29.0,2.3333333333333335,70.33333333333333,0,0,3,1,0.0,0,0
CUST-11503,Enterprise,5901.32,19,FinTech,North America,Partner/Referral,168,True,23,5,5901.32,active,34,0.899,13,2,83,32.8,0.6,80.0,0,0,5,0,0.0,0,1
CUST-11504,Growth,368.29,8,Manufacturing,North America,Paid Search,5,False,23,16,368.29,active,20,0.675,4,0,44,25.8125,0.5625,64.8125,0,0,16,0,0.0,0,1
CUST-11505,Enterprise,6238.23,15,Professional Services,Europe,Outbound Sales,15,True,23,9,5960.69,active,16,0.338,3,1,32,19.22222222222222,0.3333333333333333,51.77777777777778,1,1,9,0,-4.449018391434749,0,1
CUST-11506,Starter,101.24,10,FinTech,Europe,Partner/Referral,14,False,23,14,101.24,active,2,0.377,4,0,23,19.714285714285715,0.42857142857142855,53.857142857142854,0,0,14,0,0.0,0,1
CUST-11507,Growth,921.32,14,Professional Services,Europe,Partner/Referral,7,False,23,10,921.32,active,1,0.21,3,2,15,9.5,1.0,32.0,0,0,10,0,0.0,0,1
CUST-11508,Growth,793.22,4,Media,North America,Partner/Referral,22,False,23,20,528.15,active,12,0.243,2,0,23,13.1,0.35,34.8,0,3,20,0,-33.41695872519605,0,1
CUST-11509,Growth,412.17,0,E-commerce,LATAM,Inbound/Organic,45,False,14,15,464.77,churned,31,0.926,9,0,78,32.93333333333333,0.4,76.33333333333333,1,0,15,1,12.761724531140054,1,0
CUST-11510,Starter,60.12,8,FinTech,APAC,Paid Search,23,False,14,7,56.01,churned,19,0.475,8,5,54,19.857142857142858,3.7142857142857144,59.0,0,1,7,1,-6.83632734530938,0,0
CUST-11511,Starter,183.21,4,Professional Services,LATAM,Partner/Referral,30,False,21,18,146.52,churned,42,0.709,7,0,58,26.666666666666668,0.5,61.166666666666664,0,1,18,1,-20.026199443261827,0,0
CUST-11512,Starter,158.6,13,E-commerce,APAC,Inbound/Organic,20,False,13,1,158.6,churned,9,0.472,6,1,52,9.0,1.0,52.0,0,0,1,1,0.0,0,0
CUST-11513,Starter,49.51,21,SaaS/Tech,Europe,Inbound/Organic,74,False,23,3,49.51,active,32,0.442,5,1,60,29.333333333333332,2.0,68.0,0,0,3,0,0.0,0,1
CUST-11514,Starter,76.23,10,Media,APAC,Outbound Sales,46,False,22,13,58.94,churned,26,0.63,5,5,93,21.615384615384617,2.076923076923077,59.0,0,1,13,1,-22.681359044995418,0,0
CUST-11515,Growth,211.88,12,Professional Services,North America,Inbound/Organic,166,False,23,12,211.88,active,24,0.451,4,1,52,21.416666666666668,1.0,51.083333333333336,0,0,12,0,0.0,0,1
CUST-11516,Starter,117.39,16,Education,APAC,Partner/Referral,17,False,23,8,117.39,active,3,0.333,5,3,67,19.0,0.625,48.375,0,0,8,0,0.0,0,1
CUST-11517,Starter,181.41,20,Media,MEA,Partner/Referral,28,False,23,4,181.41,active,11,0.659,6,0,40,17.25,0.25,55.0,0,0,4,0,0.0,0,1
CUST-11518,Starter,68.95,3,E-commerce,North America,Inbound/Organic,171,False,23,21,82.75,active,33,0.695,10,1,67,34.142857142857146,1.0952380952380953,81.47619047619048,2,0,21,0,20.014503263234225,1,2
CUST-11519,Growth,292.83,14,Professional Services,North America,Paid Search,96,False,23,10,292.83,active,43,0.9,11,3,79,30.5,1.0,66.6,0,0,10,0,0.0,0,1
CUST-11520,Enterprise,1262.89,13,SaaS/Tech,North America,Paid Search,7,True,23,11,1589.44,active,31,0.895,14,0,76,31.90909090909091,1.0909090909090908,77.27272727272727,1,0,11,0,25.857358914869856,1,2
CUST-11521,Growth,909.37,1,Education,North America,Inbound/Organic,54,False,23,23,737.05,active,21,0.34,8,0,57,24.17391304347826,2.4782608695652173,56.0,0,2,23,0,-18.94938253956036,0,1
CUST-11522,Growth,490.96,4,E-commerce,APAC,Outbound Sales,38,False,23,20,490.96,active,20,0.301,1,0,55,18.7,2.05,47.2,0,0,20,0,0.0,0,1
CUST-11523,Growth,315.94,16,Education,North America,Outbound Sales,35,False,23,8,315.94,active,31,0.608,7,1,50,18.625,2.375,50.75,0,0,8,0,0.0,0,1
CUST-11524,Starter,128.0,7,Healthcare,North America,Partner/Referral,20,True,20,14,128.0,churned,15,0.313,2,2,39,16.285714285714285,3.0,52.92857142857143,0,0,14,1,0.0,0,0
CUST-11525,Starter,139.93,9,FinTech,Europe,Inbound/Organic,80,False,19,11,139.93,churned,37,0.698,13,1,100,39.90909090909091,0.7272727272727273,78.18181818181819,0,0,11,1,0.0,0,0
CUST-11526,Starter,91.5,18,Education,North America,Product-Led Trial,147,False,23,6,91.5,active,7,0.394,2,0,48,23.0,0.6666666666666666,47.333333333333336,0,0,6,0,0.0,0,1
CUST-11527,Growth,703.99,0,Education,North America,Paid Search,10,False,23,24,522.24,active,22,0.274,3,1,-9,5.666666666666667,0.8333333333333334,15.0,0,1,24,0,-25.81712808420574,0,1
CUST-11528,Enterprise,4470.14,4,Education,North America,Outbound Sales,77,True,23,20,6092.88,active,24,0.627,8,0,61,23.75,0.85,56.75,2,0,20,0,36.30177130917599,1,2
CUST-11529,Growth,361.77,1,Media,Europe,Inbound/Organic,9,False,23,23,585.32,active,43,0.81,10,2,80,36.08695652173913,0.6956521739130435,85.69565217391305,3,1,23,0,61.793404649362884,1,2
CUST-11530,Growth,267.95,13,SaaS/Tech,North America,Product-Led Trial,25,False,23,11,460.66,active,4,0.376,2,2,61,16.454545454545453,2.3636363636363638,39.45454545454545,2,0,11,0,71.92013435342416,1,2
CUST-11531,Starter,155.09,0,Education,North America,Paid Search,85,False,1,2,155.09,churned,23,0.703,2,3,66,21.5,2.0,57.0,0,0,2,1,0.0,0,0
CUST-11532,Starter,163.55,16,Manufacturing,North America,Outbound Sales,18,False,17,2,163.55,churned,39,1.0,13,1,61,44.5,0.5,73.0,0,0,2,1,0.0,0,0
CUST-11533,Growth,676.15,4,Healthcare,APAC,Outbound Sales,14,False,23,20,535.64,active,21,0.162,3,4,10,7.95,4.85,25.05,0,1,20,0,-20.78089181394661,0,1
CUST-11534,Starter,191.33,2,Professional Services,APAC,Partner/Referral,9,False,2,1,191.33,churned,16,0.621,8,1,86,16.0,1.0,86.0,0,0,1,1,0.0,0,0
CUST-11535,Starter,171.49,5,SaaS/Tech,North America,Outbound Sales,37,False,23,19,207.53,active,49,1.0,8,2,60,36.21052631578947,0.8421052631578947,75.3157894736842,1,0,19,0,21.015802670709657,1,2
CUST-11536,Starter,194.39,20,Professional Services,North America,Product-Led Trial,115,True,23,4,226.83,active,19,0.777,11,0,46,30.5,0.5,64.0,1,0,4,0,16.688101239775722,1,2
CUST-11537,Growth,518.17,14,FinTech,North America,Inbound/Organic,31,False,23,10,518.17,active,23,0.363,3,1,35,16.3,1.0,49.4,0,0,10,0,0.0,0,1
CUST-11538,Growth,639.48,21,FinTech,North America,Paid Search,22,False,23,3,639.48,active,17,0.776,6,1,58,33.0,0.3333333333333333,53.0,0,0,3,0,0.0,0,1
CUST-11539,Starter,116.39,10,Education,APAC,Partner/Referral,188,False,23,14,116.39,active,38,0.862,12,1,58,21.928571428571427,1.7142857142857142,59.357142857142854,0,0,14,0,0.0,0,1
CUST-11540,Growth,958.68,16,FinTech,North America,Inbound/Organic,101,False,23,8,958.68,active,25,0.441,8,0,51,24.625,0.125,43.625,0,0,8,0,0.0,0,1
CUST-11541,Starter,145.86,15,E-commerce,North America,Inbound/Organic,18,False,23,9,145.86,active,43,0.752,14,0,74,33.44444444444444,0.2222222222222222,79.55555555555556,0,0,9,0,0.0,0,1
CUST-11542,Growth,790.93,2,Healthcare,APAC,Outbound Sales,11,False,23,22,543.18,active,20,0.327,6,1,50,17.09090909090909,0.8636363636363636,50.36363636363637,0,2,22,0,-31.3238845409834,0,1
CUST-11543,Growth,610.41,11,Healthcare,North America,Partner/Referral,19,False,23,13,812.54,active,27,0.648,8,0,51,25.846153846153847,0.8461538461538461,65.61538461538461,1,0,13,0,33.1138087514949,1,2
CUST-11544,Growth,405.26,12,Manufacturing,APAC,Outbound Sales,99,False,23,12,405.26,active,17,0.664,10,2,72,23.916666666666668,3.0833333333333335,58.916666666666664,0,0,12,0,0.0,0,1
CUST-11545,Starter,81.39,18,Professional Services,North America,Inbound/Organic,4,False,23,6,81.39,active,23,0.574,4,0,24,20.333333333333332,0.5,56.166666666666664,0,0,6,0,0.0,0,1
CUST-11546,Growth,595.31,3,Education,North America,Product-Led Trial,14,True,23,21,873.81,active,37,0.761,12,1,72,30.80952380952381,0.8571428571428571,65.80952380952381,2,0,21,0,46.78234869227798,1,2
CUST-11547,Growth,361.77,17,Healthcare,North America,Paid Search,46,True,23,7,361.77,active,61,0.793,10,1,76,36.285714285714285,1.5714285714285714,69.42857142857143,0,0,7,0,0.0,0,1
CUST-11548,Starter,145.45,14,Media,MEA,Paid Search,24,False,23,10,187.66,active,43,1.0,11,0,100,35.9,0.3,79.6,1,0,10,0,29.02028188380888,1,2
CUST-11549,Starter,187.48,0,Manufacturing,North America,Partner/Referral,18,False,23,24,180.85,active,33,0.972,10,0,93,36.666666666666664,1.5416666666666667,83.04166666666667,1,1,24,0,-3.536377213569445,0,1
CUST-11550,Starter,80.33,6,E-commerce,LATAM,Partner/Referral,22,True,23,18,119.87,active,25,0.636,6,2,70,32.44444444444444,1.7777777777777777,71.38888888888889,2,0,18,0,49.22195941740322,1,2
CUST-11551,Starter,97.57,22,E-commerce,LATAM,Paid Search,86,False,23,2,97.57,active,26,0.497,11,0,58,24.5,0.0,63.5,0,0,2,0,0.0,0,1
CUST-11552,Starter,188.37,14,Healthcare,MEA,Partner/Referral,35,False,23,10,188.37,active,26,0.752,7,0,46,25.5,0.7,62.6,0,0,10,0,0.0,0,1
CUST-11553,Starter,190.87,0,Healthcare,North America,Paid Search,3,False,23,24,219.2,active,27,0.982,6,3,74,33.583333333333336,1.0416666666666667,78.25,1,1,24,0,14.842563000995435,0,1
CUST-11554,Enterprise,3205.39,18,Education,Europe,Outbound Sales,32,True,23,6,3205.39,active,53,1.0,11,1,100,37.833333333333336,0.5,87.33333333333333,0,0,6,0,0.0,0,1
CUST-11555,Growth,355.5,22,SaaS/Tech,LATAM,Outbound Sales,7,False,23,2,355.5,active,31,0.757,5,3,63,30.5,4.5,58.5,0,0,2,0,0.0,0,1
CUST-11556,Enterprise,1018.68,13,Healthcare,APAC,Partner/Referral,7,True,23,11,1099.44,active,30,0.987,12,2,83,34.18181818181818,1.1818181818181819,86.27272727272727,1,0,11,0,7.9279067027918595,1,2
CUST-11557,Growth,648.33,11,Education,Europe,Partner/Referral,62,True,23,13,648.33,active,0,0.322,1,3,13,8.615384615384615,2.923076923076923,25.076923076923077,0,0,13,0,0.0,0,1
CUST-11558,Growth,402.73,5,Education,North America,Inbound/Organic,36,False,23,19,432.27,active,38,0.72,7,0,72,26.31578947368421,0.9473684210526315,69.84210526315789,3,2,19,0,7.334939041044859,1,2
CUST-11559,Growth,801.6,4,Healthcare,LATAM,Outbound Sales,6,False,23,20,868.73,active,23,0.778,8,5,82,33.65,1.8,70.55,1,1,20,0,8.37450099800399,0,1
CUST-11560,Starter,137.69,10,Professional Services,North America,Outbound Sales,19,False,10,1,137.69,churned,30,0.851,5,0,61,30.0,0.0,61.0,0,0,1,1,0.0,0,0
CUST-11561,Starter,118.95,20,Professional Services,Europe,Product-Led Trial,17,False,23,4,144.5,active,27,0.727,8,0,64,29.0,1.5,54.25,1,0,4,0,21.479613282891968,1,2
CUST-11562,Starter,191.95,17,Professional Services,North America,Partner/Referral,30,True,23,7,191.95,active,36,1.0,10,0,72,41.57142857142857,0.14285714285714285,82.71428571428571,0,0,7,0,0.0,0,1
CUST-11563,Enterprise,4261.61,0,Manufacturing,APAC,Partner/Referral,15,True,23,24,4075.4,active,24,0.481,6,4,28,16.875,1.9166666666666667,47.041666666666664,1,2,24,0,-4.369475386063004,0,1
CUST-11564,Starter,49.37,12,E-commerce,APAC,Product-Led Trial,28,False,14,3,49.37,churned,36,0.848,13,1,76,28.666666666666668,0.6666666666666666,75.66666666666667,0,0,3,1,0.0,0,0
CUST-11565,Enterprise,6427.21,9,FinTech,North America,Product-Led Trial,46,True,23,15,9874.03,active,41,0.911,10,1,72,37.46666666666667,0.7333333333333333,84.86666666666666,2,0,15,0,53.6285573366982,1,2
CUST-11566,Growth,494.33,8,SaaS/Tech,North America,Inbound/Organic,12,False,23,16,494.33,active,23,0.473,7,2,26,17.5,1.25,50.0,0,0,16,0,0.0,0,1
CUST-11567,Growth,630.94,4,E-commerce,North America,Paid Search,42,False,20,17,630.94,churned,33,0.662,9,1,68,21.0,1.1764705882352942,55.529411764705884,0,0,17,1,0.0,0,0
CUST-11568,Growth,948.78,4,E-commerce,APAC,Inbound/Organic,68,True,23,20,576.73,active,8,0.148,4,2,56,11.85,1.55,41.8,0,2,20,0,-39.21351630514977,0,1
CUST-11569,Growth,376.91,20,Education,North America,Paid Search,8,False,23,4,376.91,active,42,1.0,10,0,97,42.0,0.75,88.75,0,0,4,0,0.0,0,1
CUST-11570,Starter,185.74,18,E-commerce,North America,Partner/Referral,25,False,18,1,185.74,churned,4,0.254,1,4,19,4.0,4.0,19.0,0,0,1,1,0.0,0,0
CUST-11571,Starter,58.18,2,Education,Europe,Inbound/Organic,17,False,6,5,58.18,churned,17,0.395,6,0,41,7.6,1.0,42.4,0,0,5,1,0.0,0,0
CUST-11572,Starter,119.54,2,E-commerce,North America,Inbound/Organic,21,False,3,2,119.54,churned,34,0.696,5,0,100,30.0,0.0,74.0,0,0,2,1,0.0,0,0
CUST-11573,Starter,154.03,7,Education,APAC,Partner/Referral,18,False,23,17,142.2,active,17,0.349,1,0,24,19.11764705882353,0.29411764705882354,54.411764705882355,0,1,17,0,-7.680322015191853,0,1
CUST-11574,Enterprise,6366.36,5,Healthcare,North America,Outbound Sales,19,True,9,5,9329.79,churned,15,0.59,8,2,42,22.4,2.2,50.6,2,0,5,1,46.54826305769704,1,0
CUST-11575,Enterprise,4636.1,9,SaaS/Tech,North America,Product-Led Trial,26,True,9,1,4636.1,churned,10,0.346,4,1,40,10.0,1.0,40.0,0,0,1,1,0.0,0,0
CUST-11576,Starter,74.87,11,SaaS/Tech,Europe,Product-Led Trial,142,False,12,2,74.87,churned,18,0.983,10,2,60,27.0,2.0,67.5,0,0,2,1,0.0,0,0
CUST-11577,Starter,144.13,20,Healthcare,APAC,Inbound/Organic,15,False,22,3,144.13,churned,20,0.44,10,0,45,25.0,0.3333333333333333,72.0,0,0,3,1,0.0,0,0
CUST-11578,Starter,176.69,21,E-commerce,North America,Outbound Sales,8,False,23,3,176.69,active,30,0.774,8,0,90,30.0,0.3333333333333333,77.33333333333333,0,0,3,0,0.0,0,1
CUST-11579,Growth,491.27,22,E-commerce,North America,Partner/Referral,2,False,23,2,491.27,active,15,0.648,12,2,54,8.0,3.0,54.5,0,0,2,0,0.0,0,1
CUST-11580,Growth,216.15,16,E-commerce,North America,Outbound Sales,26,False,23,8,216.15,active,29,0.545,4,2,43,32.5,1.5,60.125,0,0,8,0,0.0,0,1
CUST-11581,Starter,173.81,14,Education,LATAM,Product-Led Trial,18,True,23,10,285.36,active,37,1.0,10,2,100,40.3,0.9,83.5,2,0,10,0,64.17927622116105,1,2
CUST-11582,Enterprise,1503.13,22,Professional Services,LATAM,Outbound Sales,10,True,23,2,1503.13,active,40,0.716,7,0,69,34.0,0.0,62.0,0,0,2,0,0.0,0,1
CUST-11583,Growth,249.28,20,Healthcare,Europe,Paid Search,86,False,23,4,181.19,active,16,0.643,4,4,29,18.25,2.5,51.0,0,2,4,0,-27.314666238767654,0,1
CUST-11584,Growth,953.96,9,Manufacturing,LATAM,Partner/Referral,5,False,13,5,953.96,churned,19,0.259,7,3,47,16.0,2.6,39.6,0,0,5,1,0.0,0,0
CUST-11585,Starter,97.81,8,FinTech,APAC,Paid Search,9,False,23,16,97.81,active,55,0.621,11,0,100,41.375,0.0,85.5625,0,0,16,0,0.0,0,1
CUST-11586,Enterprise,1634.63,21,Professional Services,Europe,Paid Search,14,True,23,3,2126.01,active,21,0.501,6,1,46,24.0,1.3333333333333333,62.0,1,0,3,0,30.060625340291082,1,2
CUST-11587,Starter,142.38,5,Professional Services,APAC,Outbound Sales,75,False,10,6,142.38,churned,30,0.99,7,5,64,34.333333333333336,1.6666666666666667,75.66666666666667,0,0,6,1,0.0,0,0
CUST-11588,Starter,125.86,12,Education,Europe,Paid Search,11,True,23,12,125.86,active,9,0.36,7,3,70,18.75,2.0833333333333335,54.0,0,0,12,0,0.0,0,1
CUST-11589,Starter,70.23,19,E-commerce,Europe,Product-Led Trial,54,False,23,5,70.23,active,18,0.7,7,0,60,24.8,1.0,65.8,0,0,5,0,0.0,0,1
CUST-11590,Starter,57.54,15,Education,Europe,Outbound Sales,20,False,21,7,71.52,churned,28,0.733,7,0,46,27.857142857142858,0.14285714285714285,66.71428571428571,1,0,7,1,24.296141814389983,1,0
CUST-11591,Enterprise,3894.48,12,Media,LATAM,Product-Led Trial,11,True,23,12,4450.3,active,29,0.497,6,2,57,18.416666666666668,1.3333333333333333,52.666666666666664,1,0,12,0,14.271995234280318,1,2
CUST-11592,Growth,514.71,16,SaaS/Tech,North America,Outbound Sales,14,False,18,3,514.71,churned,20,0.26,8,0,54,18.333333333333332,0.6666666666666666,42.333333333333336,0,0,3,1,0.0,0,0
CUST-11593,Growth,634.49,2,Manufacturing,North America,Product-Led Trial,26,False,23,22,830.71,active,22,0.862,8,0,77,31.90909090909091,0.045454545454545456,78.54545454545455,2,0,22,0,30.92562530536337,1,2
CUST-11594,Starter,149.25,12,Education,North America,Product-Led Trial,5,False,18,7,171.53,churned,24,0.495,6,0,47,32.857142857142854,0.7142857142857143,56.57142857142857,1,0,7,1,14.927973199329983,1,0
CUST-11595,Growth,773.58,20,SaaS/Tech,LATAM,Product-Led Trial,5,True,23,4,773.58,active,25,0.793,6,3,63,24.25,1.0,41.75,0,0,4,0,0.0,0,1
CUST-11596,Starter,183.37,4,Manufacturing,North America,Inbound/Organic,2,False,13,10,214.98,churned,23,0.144,1,0,26,8.5,0.9,26.8,1,0,10,1,17.23837050771663,1,0
CUST-11597,Growth,366.23,12,Manufacturing,Europe,Product-Led Trial,45,True,23,12,451.48,active,44,1.0,8,2,61,39.25,1.0833333333333333,81.08333333333333,2,0,12,0,23.277721650329028,1,2
CUST-11598,Growth,290.9,22,Healthcare,North America,Outbound Sales,92,False,23,2,290.9,active,21,0.952,11,2,84,20.0,1.5,86.5,0,0,2,0,0.0,0,1
CUST-11599,Starter,85.8,19,Media,North America,Paid Search,38,True,23,5,85.8,active,35,0.673,13,1,73,26.6,1.8,78.0,0,0,5,0,0.0,0,1
CUST-11600,Growth,237.87,19,Manufacturing,North America,Product-Led Trial,45,False,23,5,237.87,active,26,0.674,12,5,55,24.2,2.8,63.0,0,0,5,0,0.0,0,1
CUST-11601,Starter,50.68,8,SaaS/Tech,North America,Inbound/Organic,3,False,23,16,50.68,active,41,0.969,14,0,72,31.75,0.25,77.375,0,0,16,0,0.0,0,1
CUST-11602,Starter,66.46,3,E-commerce,APAC,Outbound Sales,16,True,17,15,66.46,churned,13,0.431,5,1,41,25.333333333333332,1.6,56.93333333333333,0,0,15,1,0.0,0,0
CUST-11603,Growth,571.43,9,Healthcare,LATAM,Paid Search,29,False,23,15,571.43,active,41,0.861,8,0,76,35.13333333333333,0.13333333333333333,78.73333333333333,0,0,15,0,0.0,0,1
CUST-11604,Growth,304.39,16,Media,Europe,Paid Search,8,False,23,8,384.45,active,44,0.886,9,1,63,35.25,1.25,67.125,1,0,8,0,26.301783895660176,1,2
CUST-11605,Starter,172.96,0,Manufacturing,APAC,Partner/Referral,37,False,22,23,184.77,churned,37,0.967,10,4,93,32.78260869565217,2.0,78.1304347826087,1,0,23,1,6.828168362627197,1,0
CUST-11606,Starter,133.87,7,E-commerce,North America,Outbound Sales,4,False,23,17,126.83,active,28,0.518,3,0,65,26.764705882352942,2.4705882352941178,62.588235294117645,0,1,17,0,-5.258833196384557,0,1
CUST-11607,Starter,179.74,19,Healthcare,MEA,Outbound Sales,4,False,23,5,179.74,active,29,0.473,4,1,39,25.0,1.2,42.4,0,0,5,0,0.0,0,1
CUST-11608,Enterprise,5176.49,4,SaaS/Tech,North America,Partner/Referral,51,True,23,20,5513.44,active,51,0.852,11,2,82,31.0,1.05,72.05,1,0,20,0,6.509236953997783,1,2
CUST-11609,Growth,306.58,14,Healthcare,LATAM,Paid Search,4,False,16,3,306.58,churned,23,0.655,10,1,73,14.0,0.3333333333333333,62.0,0,0,3,1,0.0,0,0
CUST-11610,Starter,162.77,21,Healthcare,North America,Inbound/Organic,4,True,23,3,162.77,active,3,0.29,3,0,50,14.0,0.3333333333333333,31.0,0,0,3,0,0.0,0,1
CUST-11611,Starter,135.66,9,E-commerce,Europe,Partner/Referral,37,False,18,10,135.66,churned,26,0.749,9,8,75,24.7,3.7,54.7,0,0,10,1,0.0,0,0
CUST-11612,Growth,794.7,11,FinTech,LATAM,Paid Search,131,False,23,13,891.27,active,13,0.369,5,3,74,29.846153846153847,1.4615384615384615,61.92307692307692,1,0,13,0,12.15175537938844,1,2
CUST-11613,Growth,425.58,3,SaaS/Tech,APAC,Paid Search,15,True,9,7,425.58,churned,45,0.786,7,6,64,34.857142857142854,2.857142857142857,78.85714285714286,0,0,7,1,0.0,0,0
CUST-11614,Starter,146.88,21,Professional Services,North America,Paid Search,7,False,23,3,146.88,active,28,0.834,7,0,52,15.0,0.0,61.0,0,0,3,0,0.0,0,1
CUST-11615,Starter,116.88,17,SaaS/Tech,Europe,Partner/Referral,90,False,17,1,116.88,churned,7,0.618,7,0,62,7.0,0.0,62.0,0,0,1,1,0.0,0,0
CUST-11616,Growth,590.48,8,Professional Services,APAC,Paid Search,19,True,14,7,590.48,churned,26,0.585,2,9,60,20.857142857142858,4.857142857142857,43.857142857142854,0,0,7,1,0.0,0,0
CUST-11617,Starter,111.39,6,SaaS/Tech,North America,Paid Search,8,False,23,18,111.39,active,36,0.799,9,1,73,36.72222222222222,0.3888888888888889,85.44444444444444,0,0,18,0,0.0,0,1
CUST-11618,Starter,163.38,0,Manufacturing,Europe,Paid Search,29,False,1,2,163.38,churned,13,0.238,1,4,11,11.0,2.5,4.0,0,0,2,1,0.0,0,0
CUST-11619,Growth,495.57,19,SaaS/Tech,MEA,Paid Search,10,False,19,1,495.57,churned,16,0.243,4,4,25,16.0,4.0,25.0,0,0,1,1,0.0,0,0
CUST-11620,Growth,908.64,1,Media,LATAM,Product-Led Trial,61,False,3,3,908.64,churned,10,0.409,5,1,16,10.0,0.6666666666666666,24.333333333333332,0,0,3,1,0.0,0,0
CUST-11621,Starter,162.71,14,Education,APAC,Paid Search,238,False,17,4,162.71,churned,13,0.649,6,4,64,24.0,2.75,55.75,0,0,4,1,0.0,0,0
CUST-11622,Starter,108.93,7,Manufacturing,North America,Partner/Referral,20,False,18,12,108.93,churned,34,0.809,11,0,58,27.583333333333332,0.6666666666666666,65.75,0,0,12,1,0.0,0,0
CUST-11623,Starter,132.51,8,FinTech,Europe,Inbound/Organic,4,False,23,16,132.51,active,30,0.485,7,1,57,26.4375,1.25,68.25,0,0,16,0,0.0,0,1
CUST-11624,Starter,145.75,5,Media,Europe,Partner/Referral,168,False,19,15,145.75,churned,19,0.315,6,5,19,22.866666666666667,3.0,51.0,0,0,15,1,0.0,0,0
CUST-11625,Growth,780.16,5,Education,APAC,Partner/Referral,12,False,20,16,680.57,churned,49,0.813,13,0,81,31.0625,0.625,63.625,1,1,16,1,-12.765330188679236,0,0
CUST-11626,Growth,660.83,3,Healthcare,Europe,Outbound Sales,117,False,23,21,745.06,active,18,0.385,6,0,47,20.428571428571427,1.0,53.42857142857143,1,0,21,0,12.746092035773179,1,2
CUST-11627,Enterprise,3055.73,17,Education,APAC,Paid Search,13,True,23,7,4932.68,active,33,1.0,11,1,87,41.0,0.14285714285714285,80.85714285714286,2,0,7,0,61.42394779643491,1,2
CUST-11628,Starter,193.77,18,SaaS/Tech,North America,Product-Led Trial,52,False,23,6,193.77,active,19,0.717,11,1,76,27.0,1.0,57.666666666666664,0,0,6,0,0.0,0,1
CUST-11629,Starter,130.53,13,Manufacturing,North America,Inbound/Organic,16,False,13,1,130.53,churned,44,1.0,12,0,87,44.0,0.0,87.0,0,0,1,1,0.0,0,0
CUST-11630,Growth,202.83,1,Manufacturing,North America,Product-Led Trial,54,False,23,23,314.11,active,23,1.0,11,0,83,38.47826086956522,0.8260869565217391,79.47826086956522,3,1,23,0,54.86367894295715,1,2
CUST-11631,Starter,155.4,16,E-commerce,APAC,Product-Led Trial,111,False,23,8,112.62,active,25,0.616,3,3,54,21.125,2.375,51.875,0,1,8,0,-27.528957528957527,0,1
CUST-11632,Enterprise,5987.79,17,E-commerce,North America,Outbound Sales,30,True,23,7,6416.17,active,38,0.819,10,3,68,39.857142857142854,0.5714285714285714,88.57142857142857,1,0,7,0,7.1542255155908965,1,2
CUST-11633,Growth,976.15,19,Manufacturing,LATAM,Paid Search,93,False,22,4,976.15,churned,43,1.0,12,0,70,42.5,1.0,78.5,0,0,4,1,0.0,0,0
CUST-11634,Starter,101.93,11,E-commerce,Europe,Paid Search,8,True,23,13,111.07,active,24,0.586,4,3,61,16.384615384615383,1.5384615384615385,49.53846153846154,1,0,13,0,8.966938094770907,1,2
CUST-11635,Growth,440.98,15,Education,LATAM,Paid Search,21,False,23,9,440.98,active,33,0.689,7,0,64,29.88888888888889,0.8888888888888888,74.22222222222223,0,0,9,0,0.0,0,1
CUST-11636,Starter,157.62,12,FinTech,Europe,Inbound/Organic,81,False,21,10,157.62,churned,32,0.703,9,4,46,24.5,2.5,54.8,0,0,10,1,0.0,0,0
CUST-11637,Starter,176.29,8,Healthcare,North America,Partner/Referral,30,True,13,6,129.18,churned,20,0.355,3,0,14,15.0,2.1666666666666665,26.833333333333332,0,1,6,1,-26.723013216858575,0,0
CUST-11638,Starter,138.08,22,Professional Services,LATAM,Paid Search,173,False,23,2,138.08,active,18,0.669,10,1,48,23.0,0.5,47.5,0,0,2,0,0.0,0,1
CUST-11639,Starter,184.65,17,Manufacturing,Europe,Outbound Sales,29,True,23,7,184.65,active,29,0.495,6,1,50,24.142857142857142,1.0,53.857142857142854,0,0,7,0,0.0,0,1
CUST-11640,Starter,183.18,4,Healthcare,Europe,Partner/Referral,63,False,23,20,201.13,active,36,0.514,11,1,77,28.15,1.1,59.9,1,0,20,0,9.799104705753898,1,2
CUST-11641,Growth,968.21,21,Media,Europe,Product-Led Trial,15,False,23,3,1241.01,active,47,0.804,9,0,45,33.333333333333336,0.3333333333333333,81.33333333333333,1,0,3,0,28.17570568368432,1,2
CUST-11642,Growth,611.47,16,Manufacturing,North America,Product-Led Trial,82,False,21,6,532.03,churned,12,0.459,7,0,62,20.666666666666668,0.8333333333333334,59.666666666666664,0,1,6,1,-12.99164308960375,0,0
CUST-11643,Enterprise,3642.82,8,Education,LATAM,Outbound Sales,16,True,23,16,5515.0,active,35,0.891,11,1,57,39.0,0.3125,81.375,2,0,16,0,51.39370048478925,1,2
CUST-11644,Starter,174.76,9,Education,APAC,Outbound Sales,9,False,23,15,174.76,churned,27,0.631,4,0,39,32.4,0.13333333333333333,68.66666666666667,0,0,15,1,0.0,0,0
CUST-11645,Starter,171.87,3,Media,North America,Product-Led Trial,4,False,7,5,171.87,churned,29,0.391,5,0,68,20.6,0.0,47.2,0,0,5,1,0.0,0,0
CUST-11646,Starter,118.61,15,Media,LATAM,Paid Search,39,False,23,9,86.67,active,42,0.877,10,0,82,34.0,0.7777777777777778,70.88888888888889,0,1,9,0,-26.928589494983555,0,1
CUST-11647,Enterprise,1858.97,7,Manufacturing,Europe,Outbound Sales,59,True,23,17,1858.97,active,29,0.774,12,0,94,33.88235294117647,0.47058823529411764,73.82352941176471,0,0,17,0,0.0,0,1
CUST-11648,Enterprise,1169.25,6,Professional Services,Europe,Inbound/Organic,78,True,23,18,1448.37,active,24,0.77,8,0,85,32.111111111111114,0.3333333333333333,73.16666666666667,1,1,18,0,23.871712636305315,0,1
CUST-11649,Starter,75.25,3,Education,Europe,Inbound/Organic,3,False,12,10,75.25,churned,9,0.134,1,6,50,6.1,4.4,29.0,0,0,10,1,0.0,0,0
CUST-11650,Starter,93.82,11,Professional Services,MEA,Outbound Sales,22,False,14,4,93.82,churned,9,0.449,5,1,36,9.5,0.75,29.5,0,0,4,1,0.0,0,0
CUST-11651,Enterprise,1539.22,13,SaaS/Tech,LATAM,Outbound Sales,20,True,23,11,1334.14,active,25,0.652,5,1,25,21.0,1.4545454545454546,44.18181818181818,0,1,11,0,-13.323631449695295,0,1
CUST-11652,Starter,184.82,17,E-commerce,North America,Outbound Sales,51,False,23,7,184.82,active,16,0.546,9,4,57,17.714285714285715,2.0,65.42857142857143,0,0,7,0,0.0,0,1
CUST-11653,Starter,84.52,8,Manufacturing,North America,Product-Led Trial,301,False,23,16,69.76,active,22,0.805,8,0,46,30.4375,2.9375,69.375,1,1,16,0,-17.463322290582102,0,1
CUST-11654,Starter,162.41,8,Professional Services,Europe,Paid Search,44,False,23,16,162.41,active,25,0.8,7,0,55,24.9375,1.0,61.5,0,0,16,0,0.0,0,1
CUST-11655,Enterprise,2827.89,6,Education,Europe,Partner/Referral,3,True,23,18,2827.89,active,32,0.962,9,1,75,38.55555555555556,1.1111111111111112,81.38888888888889,0,0,18,0,0.0,0,1
CUST-11656,Starter,194.53,20,FinTech,Europe,Paid Search,8,False,23,4,174.45,active,13,0.325,5,1,33,19.0,1.5,45.75,0,1,4,0,-10.32231532411454,0,1
CUST-11657,Enterprise,7977.14,22,SaaS/Tech,Europe,Partner/Referral,15,True,23,2,7977.14,active,28,1.0,9,0,85,34.5,0.5,78.5,0,0,2,0,0.0,0,1
CUST-11658,Starter,129.54,1,Media,North America,Product-Led Trial,11,False,12,12,103.17,churned,16,0.355,1,0,44,12.75,0.5,44.833333333333336,0,1,12,1,-20.356646595646126,0,0
CUST-11659,Starter,95.71,2,FinTech,Europe,Paid Search,20,False,3,2,95.71,churned,7,0.398,5,2,60,16.5,1.5,43.5,0,0,2,1,0.0,0,0
CUST-11660,Starter,172.32,9,SaaS/Tech,North America,Paid Search,2,False,23,15,172.92,active,25,0.734,6,5,58,36.93333333333333,2.8,81.73333333333333,2,2,15,0,0.3481894150417794,0,1
CUST-11661,Enterprise,6636.74,12,E-commerce,LATAM,Inbound/Organic,22,True,23,12,10661.73,active,19,0.376,4,3,61,20.416666666666668,2.6666666666666665,62.333333333333336,2,0,12,0,60.64709480859578,1,2
CUST-11662,Growth,433.8,18,SaaS/Tech,North America,Outbound Sales,133,False,23,6,433.8,active,24,0.47,3,1,33,25.333333333333332,2.0,53.666666666666664,0,0,6,0,0.0,0,1
CUST-11663,Enterprise,7073.51,21,Professional Services,North America,Paid Search,15,True,23,3,7073.51,active,41,0.795,7,3,89,29.333333333333332,4.0,80.0,0,0,3,0,0.0,0,1
CUST-11664,Growth,754.73,21,Healthcare,Europe,Outbound Sales,10,False,23,3,754.73,active,18,0.565,7,3,63,20.666666666666668,2.0,50.333333333333336,0,0,3,0,0.0,0,1
CUST-11665,Growth,913.53,16,Healthcare,North America,Paid Search,236,False,23,8,913.53,active,31,0.521,9,0,42,29.875,0.25,59.0,0,0,8,0,0.0,0,1
CUST-11666,Starter,197.02,9,Manufacturing,North America,Product-Led Trial,38,False,23,15,197.02,active,25,0.659,11,0,94,29.933333333333334,0.06666666666666667,65.6,0,0,15,0,0.0,0,1
CUST-11667,Growth,771.17,11,SaaS/Tech,North America,Partner/Referral,62,False,23,13,696.77,active,20,0.592,11,5,59,23.384615384615383,2.769230769230769,45.84615384615385,1,1,13,0,-9.647678203249606,0,1
CUST-11668,Growth,543.46,11,SaaS/Tech,APAC,Inbound/Organic,91,False,11,1,543.46,churned,26,0.721,11,3,76,26.0,3.0,76.0,0,0,1,1,0.0,0,0
CUST-11669,Starter,162.86,10,E-commerce,Europe,Product-Led Trial,64,False,23,14,138.01,active,44,0.588,9,0,82,28.214285714285715,0.21428571428571427,61.42857142857143,0,1,14,0,-15.25850423676779,0,1
CUST-11670,Starter,103.54,22,Manufacturing,MEA,Partner/Referral,65,False,23,2,103.54,active,1,0.422,5,1,63,3.0,0.5,49.0,0,0,2,0,0.0,0,1
CUST-11671,Growth,761.14,5,Healthcare,North America,Partner/Referral,397,False,6,2,761.14,churned,23,0.514,7,0,48,20.5,2.0,51.5,0,0,2,1,0.0,0,0
CUST-11672,Starter,126.33,7,SaaS/Tech,North America,Partner/Referral,9,False,8,2,126.33,churned,20,0.533,5,3,54,19.0,2.0,53.0,0,0,2,1,0.0,0,0
CUST-11673,Growth,926.7,22,Education,APAC,Paid Search,28,False,23,2,926.7,active,31,0.908,11,1,100,36.5,2.0,87.5,0,0,2,0,0.0,0,1
CUST-11674,Starter,180.62,22,E-commerce,APAC,Paid Search,47,False,23,2,180.62,active,38,0.597,4,2,64,34.0,2.0,70.0,0,0,2,0,0.0,0,1
CUST-11675,Enterprise,2827.89,7,Media,Europe,Inbound/Organic,37,True,10,4,2056.3,churned,12,0.739,7,1,52,24.75,1.25,63.25,0,1,4,1,-27.2850075497986,0,0
CUST-11676,Enterprise,5694.64,15,Professional Services,North America,Partner/Referral,43,True,23,9,5694.64,active,34,1.0,11,0,74,33.333333333333336,0.8888888888888888,71.33333333333333,0,0,9,0,0.0,0,1
CUST-11677,Enterprise,7316.42,17,Education,Europe,Partner/Referral,2,True,23,7,6205.87,active,35,0.8,7,2,60,25.142857142857142,2.5714285714285716,64.71428571428571,1,1,7,0,-15.178871633941194,0,1
CUST-11678,Growth,418.14,0,SaaS/Tech,APAC,Product-Led Trial,29,False,23,24,379.27,active,28,0.711,9,3,78,18.083333333333332,1.9166666666666667,46.541666666666664,0,1,24,0,-9.295929592959297,0,1
CUST-11679,Growth,780.56,20,Manufacturing,APAC,Outbound Sales,25,False,23,4,780.56,active,42,0.834,12,1,76,40.25,1.75,84.5,0,0,4,0,0.0,0,1
CUST-11680,Growth,226.57,22,FinTech,North America,Inbound/Organic,200,False,23,2,226.57,active,37,0.734,9,1,83,29.5,0.5,81.5,0,0,2,0,0.0,0,1
CUST-11681,Growth,373.13,12,FinTech,North America,Outbound Sales,7,False,23,12,373.13,churned,1,0.338,4,0,23,14.416666666666666,0.3333333333333333,38.583333333333336,0,0,12,1,0.0,0,0
CUST-11682,Enterprise,7711.28,0,Manufacturing,Europe,Outbound Sales,15,True,23,24,12949.27,active,14,0.524,6,2,37,23.5,1.375,57.041666666666664,3,1,24,0,67.92633648369663,1,2
CUST-11683,Starter,123.88,16,Education,North America,Outbound Sales,29,False,23,8,123.88,active,53,0.928,9,2,93,38.5,0.625,86.375,0,0,8,0,0.0,0,1
CUST-11684,Growth,853.48,10,Media,Europe,Product-Led Trial,10,False,13,4,853.48,churned,0,0.243,5,1,46,15.25,0.5,36.5,0,0,4,1,0.0,0,0
CUST-11685,Growth,823.19,21,Professional Services,Europe,Partner/Referral,167,False,23,3,823.19,active,21,0.331,7,0,57,18.0,0.0,46.333333333333336,0,0,3,0,0.0,0,1
CUST-11686,Growth,906.23,17,FinTech,North America,Product-Led Trial,35,False,23,7,906.23,active,27,0.738,8,1,51,28.857142857142858,1.2857142857142858,59.57142857142857,0,0,7,0,0.0,0,1
CUST-11687,Starter,195.91,12,E-commerce,Europe,Paid Search,36,False,23,12,137.5,active,20,0.474,9,2,35,16.166666666666668,2.0,53.416666666666664,0,1,12,0,-29.814710836608644,0,1
CUST-11688,Growth,261.91,6,Education,North America,Product-Led Trial,15,True,23,18,237.14,active,23,0.699,5,1,57,23.666666666666668,1.3888888888888888,60.833333333333336,0,1,18,0,-9.457447214692085,0,1
CUST-11689,Growth,272.58,0,Education,APAC,Partner/Referral,109,False,23,24,272.58,active,29,0.769,9,0,80,32.208333333333336,0.375,77.16666666666667,0,0,24,0,0.0,0,1
CUST-11690,Starter,63.76,13,FinTech,North America,Paid Search,14,True,18,6,63.76,churned,22,0.61,6,3,56,21.5,0.6666666666666666,54.833333333333336,0,0,6,1,0.0,0,0
CUST-11691,Growth,487.75,11,Healthcare,North America,Outbound Sales,67,False,23,13,487.75,active,17,0.6,7,0,60,20.923076923076923,0.7692307692307693,63.07692307692308,0,0,13,0,0.0,0,1
CUST-11692,Starter,131.22,11,Professional Services,Europe,Inbound/Organic,4,False,13,3,131.22,churned,10,0.342,2,0,18,12.333333333333334,0.6666666666666666,38.0,0,0,3,1,0.0,0,0
CUST-11693,Enterprise,3610.09,18,Healthcare,Europe,Paid Search,16,True,23,6,3438.71,active,34,1.0,17,1,92,35.5,0.6666666666666666,91.0,2,2,6,0,-4.74725006855785,0,1
CUST-11694,Starter,186.55,20,SaaS/Tech,Europe,Partner/Referral,3,False,21,2,186.55,churned,35,0.683,7,2,45,32.5,4.0,48.5,0,0,2,1,0.0,0,0
CUST-11695,Enterprise,6067.46,8,Professional Services,North America,Product-Led Trial,115,True,23,16,7759.87,active,16,0.596,8,5,52,14.1875,3.25,39.6875,1,0,16,0,27.89322055687223,1,2
CUST-11696,Growth,869.35,1,Education,Europe,Paid Search,20,False,23,23,1036.62,active,27,0.87,9,1,54,30.695652173913043,1.3478260869565217,71.1304347826087,1,0,23,0,19.24081210099498,1,2
CUST-11697,Starter,85.35,14,E-commerce,Europe,Inbound/Organic,38,True,23,10,85.35,active,45,0.865,13,0,83,28.7,0.0,68.7,0,0,10,0,0.0,0,1
CUST-11698,Enterprise,4680.95,18,Education,MEA,Paid Search,15,True,23,6,6093.81,active,42,1.0,10,2,87,32.666666666666664,1.3333333333333333,78.0,1,0,6,0,30.18318930986233,1,2
CUST-11699,Growth,258.07,10,Education,North America,Paid Search,41,False,23,14,258.07,active,24,0.669,8,0,84,27.5,1.4285714285714286,66.64285714285714,0,0,14,0,0.0,0,1
CUST-11700,Enterprise,3075.57,5,Healthcare,Europe,Paid Search,3,True,9,5,3075.57,churned,21,0.509,6,2,62,22.4,3.2,64.8,0,0,5,1,0.0,0,0
CUST-11701,Starter,124.36,0,FinTech,Europe,Outbound Sales,244,True,9,10,89.16,churned,33,0.546,3,2,34,22.8,1.6,53.7,0,1,10,1,-28.304921196526216,0,0
CUST-11702,Starter,166.94,22,E-commerce,North America,Product-Led Trial,119,True,23,2,166.94,active,18,0.725,5,1,63,19.5,0.5,60.0,0,0,2,0,0.0,0,1
CUST-11703,Growth,783.81,16,Media,Europe,Paid Search,19,False,23,8,613.7,active,24,0.61,8,0,81,21.0,0.5,69.5,0,1,8,0,-21.702963728454588,0,1
CUST-11704,Starter,98.47,6,Manufacturing,APAC,Inbound/Organic,2,False,23,18,103.76,active,39,0.886,7,1,78,33.166666666666664,0.4444444444444444,76.94444444444444,1,0,18,0,5.3721945770285435,1,2
CUST-11705,Starter,51.6,21,E-commerce,North America,Outbound Sales,32,False,23,3,66.58,churned,31,0.262,6,1,26,11.333333333333334,2.0,30.333333333333332,1,0,3,1,29.031007751937977,1,0
CUST-11706,Growth,943.52,17,Healthcare,North America,Paid Search,221,False,19,3,943.52,churned,26,0.442,3,0,38,17.666666666666668,1.6666666666666667,33.0,0,0,3,1,0.0,0,0
CUST-11707,Starter,111.69,6,Healthcare,Europe,Partner/Referral,65,False,23,18,93.48,active,5,0.45,2,0,36,28.38888888888889,0.2222222222222222,67.72222222222223,1,1,18,0,-16.304055868922905,0,1
CUST-11708,Growth,552.56,12,Media,North America,Inbound/Organic,13,False,23,12,867.55,active,27,0.727,7,2,69,20.833333333333332,1.5833333333333333,57.166666666666664,2,0,12,0,57.00557405530622,1,2
CUST-11709,Starter,92.34,18,SaaS/Tech,Europe,Paid Search,28,False,23,6,92.34,active,28,0.533,9,1,68,34.333333333333336,0.6666666666666666,68.5,0,0,6,0,0.0,0,1
CUST-11710,Growth,706.72,18,Education,North America,Outbound Sales,6,False,23,6,651.07,active,17,0.673,8,1,63,30.0,2.6666666666666665,79.33333333333333,0,1,6,0,-7.87440570522979,0,1
CUST-11711,Enterprise,6199.12,20,E-commerce,North America,Inbound/Organic,39,True,23,4,6199.12,active,28,0.686,5,0,78,25.25,0.5,66.0,0,0,4,0,0.0,0,1
CUST-11712,Starter,113.69,14,FinTech,North America,Inbound/Organic,41,False,23,10,95.94,active,0,0.61,5,0,24,23.1,0.6,53.8,0,1,10,0,-15.612630838244348,0,1
CUST-11713,Growth,944.99,6,Manufacturing,MEA,Product-Led Trial,22,False,23,18,1230.97,active,13,0.597,9,2,86,26.72222222222222,0.7222222222222222,69.33333333333333,2,1,18,0,30.262754103218025,1,2
CUST-11714,Growth,539.22,13,Healthcare,LATAM,Outbound Sales,289,False,23,11,833.64,active,25,0.91,8,3,74,31.818181818181817,3.4545454545454546,87.0909090909091,3,0,11,0,54.601090464003555,1,2
CUST-11715,Starter,187.47,10,Education,Europe,Paid Search,7,False,23,14,204.13,active,10,0.426,4,1,61,19.428571428571427,0.5714285714285714,45.57142857142857,1,0,14,0,8.886755214167598,1,2
CUST-11716,Starter,83.83,0,Healthcare,APAC,Outbound Sales,45,True,23,24,82.63,active,8,0.478,4,0,40,10.875,0.08333333333333333,43.125,1,1,24,0,-1.4314684480496276,0,1
CUST-11717,Enterprise,5209.57,9,FinTech,Europe,Product-Led Trial,113,True,23,15,3102.08,active,22,0.498,6,8,67,24.0,3.6,66.53333333333333,0,2,15,0,-40.45420255414554,0,1
CUST-11718,Starter,116.97,16,Media,North America,Inbound/Organic,56,True,23,8,116.97,active,36,0.899,9,0,98,34.5,0.625,89.25,0,0,8,0,0.0,0,1
CUST-11719,Enterprise,2506.63,14,E-commerce,North America,Paid Search,21,True,23,10,4226.4,active,20,0.584,9,3,59,27.8,2.5,59.5,2,0,10,0,68.60884933157266,1,2
CUST-11720,Enterprise,5086.13,17,SaaS/Tech,LATAM,Partner/Referral,40,True,23,7,5086.13,active,30,0.821,10,0,84,30.857142857142858,0.7142857142857143,68.28571428571429,0,0,7,0,0.0,0,1
CUST-11721,Starter,49.21,19,SaaS/Tech,North America,Paid Search,95,False,22,4,49.21,churned,29,0.563,6,0,45,27.0,1.0,62.0,0,0,4,1,0.0,0,0
CUST-11722,Enterprise,1274.71,15,SaaS/Tech,Europe,Product-Led Trial,3,True,23,9,1213.01,active,4,0.398,6,1,55,13.222222222222221,0.7777777777777778,41.55555555555556,1,1,9,0,-4.840316621035376,0,1
CUST-11723,Growth,846.86,3,Education,LATAM,Outbound Sales,5,False,5,3,846.86,churned,5,0.324,5,1,40,16.0,1.0,43.666666666666664,0,0,3,1,0.0,0,0
CUST-11724,Starter,172.46,0,Education,Europe,Partner/Referral,12,True,23,24,209.21,active,37,0.993,9,0,51,29.541666666666668,0.2916666666666667,68.79166666666667,1,0,24,0,21.30928911051838,1,2
CUST-11725,Enterprise,6964.08,7,Media,APAC,Product-Led Trial,10,True,23,17,9371.16,active,33,0.86,5,0,63,29.11764705882353,0.5882352941176471,59.411764705882355,1,0,17,0,34.564220973911844,1,2
CUST-11726,Starter,150.93,7,Media,APAC,Product-Led Trial,55,False,10,4,150.93,churned,46,0.827,9,0,90,42.0,1.0,82.5,0,0,4,1,0.0,0,0
CUST-11727,Growth,616.67,8,E-commerce,Europe,Paid Search,68,True,23,16,592.48,active,16,0.606,8,1,61,28.0625,1.5,66.75,1,1,16,0,-3.922681499018915,0,1
CUST-11728,Growth,639.38,5,Manufacturing,North America,Paid Search,17,False,23,19,783.45,active,12,0.062,2,1,19,9.631578947368421,1.0,26.526315789473685,1,1,19,0,22.532766117176024,0,1
CUST-11729,Growth,572.83,7,SaaS/Tech,APAC,Inbound/Organic,11,False,23,17,572.83,active,21,0.789,10,0,75,35.11764705882353,0.7058823529411765,73.0,0,0,17,0,0.0,0,1
CUST-11730,Enterprise,1779.2,21,SaaS/Tech,Europe,Partner/Referral,143,True,23,3,1779.2,active,27,0.438,7,0,44,27.333333333333332,0.3333333333333333,44.0,0,0,3,0,0.0,0,1
CUST-11731,Growth,809.07,3,E-commerce,LATAM,Inbound/Organic,116,True,23,21,860.88,active,17,0.823,8,0,71,20.095238095238095,0.14285714285714285,51.61904761904762,1,0,21,0,6.403648633616367,1,2
CUST-11732,Enterprise,4574.99,0,Professional Services,Europe,Outbound Sales,25,True,23,24,5115.55,active,44,0.966,10,1,66,23.416666666666668,2.125,57.416666666666664,1,0,24,0,11.815544952010832,1,2
CUST-11733,Growth,820.14,12,Manufacturing,APAC,Partner/Referral,26,False,23,12,1019.29,active,28,0.636,8,1,63,28.583333333333332,1.0833333333333333,63.5,1,0,12,0,24.282439583485743,1,2
CUST-11734,Enterprise,7872.09,20,Professional Services,APAC,Partner/Referral,12,True,23,4,7872.09,active,31,0.685,9,0,79,25.0,0.25,74.25,0,0,4,0,0.0,0,1
CUST-11735,Starter,103.49,1,SaaS/Tech,North America,Paid Search,99,True,9,9,103.49,churned,24,0.32,5,0,18,16.444444444444443,0.4444444444444444,26.333333333333332,0,0,9,1,0.0,0,0
CUST-11736,Enterprise,5949.96,10,Manufacturing,North America,Inbound/Organic,39,True,23,14,5949.96,active,31,0.489,5,1,62,29.142857142857142,1.2142857142857142,63.57142857142857,0,0,14,0,0.0,0,1
CUST-11737,Enterprise,5525.01,1,Professional Services,APAC,Partner/Referral,89,True,23,23,5525.01,active,12,0.501,1,1,24,14.217391304347826,2.5652173913043477,35.73913043478261,0,0,23,0,0.0,0,1
CUST-11738,Starter,92.77,3,Media,APAC,Inbound/Organic,6,False,5,3,92.77,churned,10,0.429,1,2,45,16.333333333333332,1.3333333333333333,37.666666666666664,0,0,3,1,0.0,0,0
CUST-11739,Starter,142.71,9,E-commerce,North America,Paid Search,4,False,23,15,142.71,active,40,0.984,12,1,100,38.8,0.4,79.06666666666666,0,0,15,0,0.0,0,1
CUST-11740,Growth,544.31,11,Media,North America,Outbound Sales,3,False,23,13,788.46,active,27,0.762,11,0,93,36.84615384615385,0.38461538461538464,88.61538461538461,2,0,13,0,44.854953978431425,1,2
CUST-11741,Enterprise,2917.93,19,Media,MEA,Partner/Referral,74,True,23,5,2917.93,active,25,0.749,9,0,71,24.4,0.4,60.8,0,0,5,0,0.0,0,1
CUST-11742,Growth,213.7,21,E-commerce,LATAM,Product-Led Trial,17,False,23,3,213.7,active,21,0.543,4,0,46,18.666666666666668,1.0,52.0,0,0,3,0,0.0,0,1
CUST-11743,Growth,924.67,17,SaaS/Tech,MEA,Product-Led Trial,23,True,23,7,924.67,active,42,0.972,9,1,74,36.42857142857143,1.0,80.0,0,0,7,0,0.0,0,1
CUST-11744,Growth,360.58,3,Media,APAC,Paid Search,15,True,23,21,574.31,active,19,0.444,3,6,78,23.333333333333332,1.7142857142857142,58.23809523809524,2,0,21,0,59.273947528981076,1,2
CUST-11745,Starter,62.71,0,Professional Services,APAC,Inbound/Organic,28,False,18,19,68.42,churned,35,0.392,1,2,45,22.0,0.7368421052631579,45.63157894736842,1,0,19,1,9.105405836389732,1,0
CUST-11746,Growth,833.79,12,SaaS/Tech,North America,Outbound Sales,30,True,23,12,711.6,active,32,0.974,8,0,82,23.0,0.5,72.41666666666667,0,1,12,0,-14.6547691864858,0,1
CUST-11747,Starter,56.77,17,Professional Services,LATAM,Outbound Sales,13,False,19,3,56.77,churned,24,0.591,5,2,45,20.0,1.3333333333333333,45.333333333333336,0,0,3,1,0.0,0,0
CUST-11748,Starter,129.57,19,E-commerce,APAC,Paid Search,21,False,23,5,129.57,active,31,0.713,7,2,65,24.8,2.2,66.6,0,0,5,0,0.0,0,1
CUST-11749,Starter,143.97,8,Media,Europe,Paid Search,6,False,13,6,180.75,churned,24,0.506,7,0,60,24.0,0.5,63.333333333333336,1,0,6,1,25.546988956032507,1,0
CUST-11750,Starter,91.23,7,Healthcare,North America,Product-Led Trial,27,False,23,17,91.23,active,27,0.754,11,0,99,33.76470588235294,0.7647058823529411,75.23529411764706,0,0,17,0,0.0,0,1
CUST-11751,Enterprise,7079.53,19,Healthcare,APAC,Product-Led Trial,47,True,23,5,4883.25,active,28,0.68,8,2,74,23.2,2.8,57.4,1,2,5,0,-31.02296338881253,0,1
CUST-11752,Enterprise,3190.62,9,SaaS/Tech,Europe,Paid Search,5,True,23,15,3190.62,active,9,0.345,5,1,0,9.466666666666667,3.4,35.266666666666666,0,0,15,0,0.0,0,1
CUST-11753,Growth,560.62,19,Media,North America,Paid Search,19,False,19,1,560.62,churned,30,0.613,11,0,47,30.0,0.0,47.0,0,0,1,1,0.0,0,0
CUST-11754,Starter,159.69,8,Professional Services,North America,Partner/Referral,7,False,23,16,146.35,active,16,0.655,7,1,75,23.8125,0.875,54.25,0,1,16,0,-8.35368526520133,0,1
CUST-11755,Starter,160.56,2,Professional Services,Europe,Paid Search,35,False,23,22,160.56,active,17,0.26,4,0,28,19.136363636363637,0.7272727272727273,46.31818181818182,0,0,22,0,0.0,0,1
CUST-11756,Starter,77.03,9,Education,APAC,Product-Led Trial,29,False,9,1,77.03,churned,20,0.783,5,0,77,20.0,0.0,77.0,0,0,1,1,0.0,0,0
CUST-11757,Starter,109.11,16,Healthcare,North America,Paid Search,8,False,23,8,109.11,churned,14,0.407,3,3,66,18.5,1.0,41.625,0,0,8,1,0.0,0,0
CUST-11758,Growth,492.97,12,Education,North America,Product-Led Trial,41,False,23,12,492.97,active,27,0.409,5,0,66,22.333333333333332,0.5833333333333334,59.083333333333336,0,0,12,0,0.0,0,1
CUST-11759,Growth,613.57,10,Media,MEA,Paid Search,4,True,23,14,584.6,active,22,0.675,7,0,62,23.714285714285715,1.4285714285714286,53.0,1,1,14,0,-4.7215476636732605,0,1
CUST-11760,Starter,51.34,3,Media,North America,Partner/Referral,8,False,23,21,47.19,active,35,0.804,10,2,99,37.857142857142854,0.8571428571428571,88.9047619047619,0,1,21,0,-8.083365796649797,0,1
CUST-11761,Enterprise,5300.87,22,Education,North America,Inbound/Organic,13,True,23,2,5300.87,active,33,0.668,13,1,56,34.0,1.0,68.5,0,0,2,0,0.0,0,1
CUST-11762,Starter,125.18,11,Education,APAC,Paid Search,120,False,23,13,125.18,active,26,0.658,9,1,55,30.76923076923077,2.3076923076923075,65.07692307692308,0,0,13,0,0.0,0,1
CUST-11763,Growth,832.17,19,FinTech,North America,Paid Search,19,False,23,5,832.17,active,23,0.762,6,2,56,24.4,2.6,69.8,0,0,5,0,0.0,0,1
CUST-11764,Enterprise,7486.2,21,Healthcare,North America,Paid Search,14,True,23,3,7486.2,active,22,0.676,5,3,86,20.666666666666668,3.0,62.333333333333336,0,0,3,0,0.0,0,1
CUST-11765,Growth,683.71,17,SaaS/Tech,APAC,Partner/Referral,16,False,23,7,683.71,active,23,0.515,12,0,57,23.0,0.14285714285714285,50.57142857142857,0,0,7,0,0.0,0,1
CUST-11766,Starter,57.62,7,Professional Services,APAC,Paid Search,9,False,23,17,54.55,active,30,0.608,10,2,63,26.647058823529413,1.1176470588235294,55.76470588235294,0,1,17,0,-5.328011107254426,0,1
CUST-11767,Starter,82.94,4,E-commerce,APAC,Partner/Referral,52,False,5,2,82.94,churned,16,0.375,4,2,33,10.5,1.5,48.5,0,0,2,1,0.0,0,0
CUST-11768,Starter,142.16,19,E-commerce,North America,Inbound/Organic,135,False,21,3,142.16,churned,11,0.175,1,5,37,8.666666666666666,5.0,32.666666666666664,0,0,3,1,0.0,0,0
CUST-11769,Enterprise,1115.78,15,Education,Europe,Outbound Sales,32,True,23,9,1115.78,active,24,0.541,8,1,58,26.333333333333332,0.6666666666666666,62.333333333333336,0,0,9,0,0.0,0,1
CUST-11770,Enterprise,2410.13,18,E-commerce,North America,Product-Led Trial,26,True,23,6,3038.45,active,21,0.543,9,0,40,22.5,1.0,60.0,1,0,6,0,26.069963031039805,1,2
CUST-11771,Growth,545.68,20,Media,MEA,Partner/Referral,6,False,23,4,545.68,active,8,0.284,5,2,56,18.0,1.0,44.5,0,0,4,0,0.0,0,1
CUST-11772,Starter,118.68,4,FinTech,North America,Paid Search,7,False,4,1,118.68,churned,19,0.79,7,5,59,19.0,5.0,59.0,0,0,1,1,0.0,0,0
CUST-11773,Enterprise,3331.51,15,Manufacturing,North America,Product-Led Trial,10,True,15,1,3331.51,churned,34,0.658,7,1,78,34.0,1.0,78.0,0,0,1,1,0.0,0,0
CUST-11774,Starter,129.56,12,Professional Services,North America,Product-Led Trial,21,False,23,12,129.56,active,38,0.965,10,1,66,39.833333333333336,0.6666666666666666,86.5,0,0,12,0,0.0,0,1
CUST-11775,Starter,87.51,4,Education,Europe,Inbound/Organic,10,False,11,8,87.51,churned,28,0.562,7,5,47,17.5,3.125,54.125,0,0,8,1,0.0,0,0
CUST-11776,Starter,159.03,8,Education,North America,Product-Led Trial,83,False,10,3,159.03,churned,16,0.474,4,1,40,22.0,2.0,41.666666666666664,0,0,3,1,0.0,0,0
CUST-11777,Starter,162.39,5,Education,Europe,Inbound/Organic,185,False,5,1,162.39,churned,34,0.944,10,0,60,34.0,0.0,60.0,0,0,1,1,0.0,0,0
CUST-11778,Starter,165.87,21,Education,LATAM,Inbound/Organic,16,False,22,2,165.87,churned,23,0.866,10,3,74,31.0,2.0,80.5,0,0,2,1,0.0,0,0
CUST-11779,Growth,329.26,10,Education,North America,Outbound Sales,697,True,15,6,329.26,churned,12,0.275,6,0,39,14.0,0.3333333333333333,37.833333333333336,0,0,6,1,0.0,0,0
CUST-11780,Starter,61.82,19,Manufacturing,North America,Product-Led Trial,50,False,19,1,61.82,churned,21,0.529,6,0,74,21.0,0.0,74.0,0,0,1,1,0.0,0,0
CUST-11781,Growth,904.29,9,Professional Services,North America,Paid Search,11,False,23,15,904.29,active,15,0.609,10,3,64,24.666666666666668,0.6,62.666666666666664,0,0,15,0,0.0,0,1
CUST-11782,Growth,419.86,5,Media,APAC,Partner/Referral,14,False,23,19,241.53,active,8,0.05,2,0,12,6.105263157894737,1.263157894736842,13.31578947368421,0,3,19,0,-42.47368170342495,0,1
CUST-11783,Starter,67.98,8,Media,Europe,Inbound/Organic,254,False,23,16,67.98,active,22,0.448,6,0,67,17.5625,0.1875,49.5625,0,0,16,0,0.0,0,1
CUST-11784,Enterprise,7232.96,10,Healthcare,North America,Inbound/Organic,102,True,12,3,7232.96,churned,14,0.353,6,0,25,22.333333333333332,1.0,51.666666666666664,0,0,3,1,0.0,0,0
CUST-11785,Growth,898.4,11,Manufacturing,APAC,Partner/Referral,27,False,17,7,898.4,churned,15,0.272,1,2,16,14.142857142857142,3.5714285714285716,29.285714285714285,0,0,7,1,0.0,0,0
CUST-11786,Starter,63.49,8,Manufacturing,LATAM,Inbound/Organic,19,False,23,16,63.49,active,41,0.772,9,0,78,28.4375,0.125,68.5,0,0,16,0,0.0,0,1
CUST-11787,Growth,422.51,10,FinTech,North America,Paid Search,15,False,21,12,330.93,churned,13,0.518,3,0,62,16.416666666666668,0.16666666666666666,46.416666666666664,0,2,12,1,-21.6752266218551,0,0
CUST-11788,Enterprise,3883.28,8,SaaS/Tech,Europe,Paid Search,10,True,23,16,4249.9,active,35,0.463,8,3,28,16.5,1.75,42.5,1,0,16,0,9.440988030736888,1,2
CUST-11789,Starter,85.14,20,Media,North America,Product-Led Trial,14,False,23,4,85.14,active,27,0.453,9,3,62,20.75,1.25,59.0,0,0,4,0,0.0,0,1
CUST-11790,Enterprise,3762.23,22,Media,North America,Partner/Referral,8,True,23,2,3762.23,active,26,0.762,4,2,43,27.5,1.0,49.5,0,0,2,0,0.0,0,1
CUST-11791,Growth,206.27,9,Professional Services,APAC,Outbound Sales,10,False,23,15,166.71,active,20,0.522,8,7,47,15.666666666666666,5.0,56.2,0,1,15,0,-19.178746303388763,0,1
CUST-11792,Enterprise,4045.64,10,Education,LATAM,Product-Led Trial,21,True,23,14,4045.64,active,27,0.881,8,1,73,26.714285714285715,1.6428571428571428,69.85714285714286,0,0,14,0,0.0,0,1
CUST-11793,Growth,374.52,1,Media,Europe,Inbound/Organic,27,True,17,17,599.97,churned,34,0.828,9,2,68,28.176470588235293,1.1176470588235294,61.88235294117647,2,0,17,1,60.19705222685038,1,0
CUST-11794,Starter,161.98,5,Media,APAC,Product-Led Trial,14,True,10,6,161.98,churned,16,0.737,6,5,59,22.166666666666668,2.0,63.166666666666664,0,0,6,1,0.0,0,0
CUST-11795,Starter,182.16,5,Professional Services,North America,Outbound Sales,12,False,23,19,182.16,active,32,0.837,9,0,83,32.26315789473684,0.21052631578947367,72.10526315789474,0,0,19,0,0.0,0,1
CUST-11796,Growth,541.34,18,Manufacturing,APAC,Partner/Referral,47,False,23,6,541.34,active,29,0.374,4,0,33,24.833333333333332,0.6666666666666666,34.333333333333336,0,0,6,0,0.0,0,1
CUST-11797,Starter,174.39,18,Healthcare,Europe,Outbound Sales,61,False,23,6,174.39,active,31,0.615,3,0,74,28.666666666666668,0.5,64.16666666666667,0,0,6,0,0.0,0,1
CUST-11798,Starter,79.3,2,Manufacturing,APAC,Outbound Sales,19,False,23,22,102.62,active,28,0.587,6,0,70,20.045454545454547,0.3181818181818182,55.31818181818182,1,0,22,0,29.407313997477942,1,2
CUST-11799,Starter,74.14,9,Professional Services,Europe,Paid Search,116,False,23,15,87.86,active,24,0.767,10,0,54,30.8,0.9333333333333333,62.86666666666667,1,0,15,0,18.50553007823037,1,2
